ID,paired_000.00_002.00THz,paired_002.00_004.00THz,paired_004.00_006.00THz,paired_006.00_008.00THz,paired_008.00_010.00THz,paired_010.00_012.00THz,paired_012.00_014.00THz,paired_014.00_016.00THz,paired_016.00_018.00THz,paired_018.00_020.00THz,paired_020.00_022.00THz,paired_022.00_024.00THz,paired_024.00_026.00THz,paired_026.00_028.00THz,paired_028.00_030.00THz,paired_030.00_032.00THz,paired_032.00_034.00THz,paired_034.00_036.00THz,paired_036.00_038.00THz,paired_038.00_040.00THz,paired_040.00_042.00THz,paired_042.00_044.00THz,paired_044.00_046.00THz,paired_046.00_048.00THz,paired_048.00_050.00THz,paired_050.00_052.00THz,paired_052.00_054.00THz,paired_054.00_056.00THz,paired_056.00_058.00THz,paired_058.00_060.00THz,paired_060.00_062.00THz,paired_062.00_064.00THz,paired_064.00_066.00THz,paired_066.00_068.00THz,paired_068.00_070.00THz,paired_070.00_072.00THz,paired_072.00_074.00THz,paired_074.00_076.00THz,paired_076.00_078.00THz,paired_078.00_080.00THz,paired_080.00_082.00THz,paired_082.00_084.00THz,paired_084.00_086.00THz,paired_086.00_088.00THz,paired_088.00_090.00THz,paired_090.00_092.00THz,paired_092.00_094.00THz,paired_094.00_096.00THz,paired_096.00_098.00THz,paired_098.00_100.00THz
00x,0.009265422948098923,0.009796259299553326,0.016565775921528875,0.06142568308223106,0.14764764119520138,0.2525257361170746,0.10842818871699314,0.03902605028593521,0.017623849953542017,0.005138511107782855,0.002653243687779344,0.0031060287342826952,0.0002476237898033633,0.0008586868416735949,0.0012311531120788887,0.0007534209279196668,0.00042923632376992905,0.0003443442715408139,0.0009677520309585809,0.00027131390684692066,0.0,0.0,0.0,0.0,0.0,0.0,0.0,0.0,0.0,0.0,0.0,0.0,0.0,0.0,0.0,0.0,0.0,0.0,0.0,0.0,0.0,0.0,0.0,0.0,0.0,0.0,0.0,0.0,0.0,0.0
019,0.11003341739724887,0.08762142810094475,0.09863552916845772,0.0764475694181887,0.07165433598263742,0.11815285784285273,0.0786207311637079,0.025741648009204716,0.006937866264515734,0.00939406871875885,0.0,0.0,0.0,0.00045682378462421616,0.0005507451307327428,0.0012868748835459106,0.003918165174517476,0.0015295946829518231,0.0,0.0,0.0,0.0,0.0,0.0,0.0,0.0,0.0,0.0,0.0,0.0,0.0,0.0,0.0,0.0,0.0,0.0,0.0,0.0,0.0,0.0,0.0,0.0,0.0,0.0,0.0,0.0,0.0,0.0,0.0,0.0
09w,0.11568994360317261,0.208540136828045,0.43082712877272394,0.5305027520641824,0.7271978324192963,0.7535918349099151,0.708566775451112,0.0,0.030608983118474875,0.0,0.0,0.0,0.0,0.0,0.0,0.0,0.0,0.0,0.0,0.0,0.0,0.0,0.0,0.0,0.0,0.0,0.0,0.0,0.0,0.0,0.0,0.0,0.0,0.0,0.0,0.0,0.0,0.0,0.0,0.0,0.0,0.0,0.0,0.0,0.0,0.0,0.0,0.0,0.0,0.0
0fh,0.04534178420430902,0.0714880808215241,0.09177692252320652,0.08234243606864762,0.0991875329589951,0.11272958025901512,0.11565608822440511,0.06859225880309262,0.02816349856579393,0.009378641867140797,0.004556264210704465,0.0,0.0018913331801157808,0.0016375722871589493,0.0009088678456500263,0.0009174211891145093,0.0015081118724966298,0.0016048505997673667,0.0009790953752144074,0.0,0.0,0.0,0.0,0.0,0.0,0.0,0.0,0.0,0.0,0.0,0.0,0.0,0.0,0.0,0.0,0.0,0.0,0.0,0.0,0.0,0.0,0.0,0.0,0.0,0.0,0.0,0.0,0.0,0.0,0.0
0iv,0.08600188017429208,0.15959184081559186,0.37466343072559855,0.6162854801992702,0.4426881459149631,0.09720781674342538,0.014623232918829682,0.0032068380889332076,0.014809607334351561,0.0,0.0,0.0,0.0,0.0,0.0,0.0,0.0,0.0,0.0,0.0,0.0,0.0,0.0,0.0,0.0,0.0,0.0,0.0,0.0,0.0,0.0,0.0,0.0,0.0,0.0,0.0,0.0,0.0,0.0,0.0,0.0,0.0,0.0,0.0,0.0,0.0,0.0,0.0,0.0,0.0
10s,0.15340062219565873,0.2695534875370169,0.4565114805393459,0.4822676254406419,0.7342752422654641,0.7636792102770935,0.712026777601741,0.34120773520773157,0.0387530956704233,0.0,0.0,0.0,0.0,0.0,0.0,0.0,0.0,0.0,0.0,0.0,0.0,0.0,0.0,0.0,0.0,0.0,0.0,0.0,0.0,0.0,0.0,0.0,0.0,0.0,0.0,0.0,0.0,0.0,0.0,0.0,0.0,0.0,0.0,0.0,0.0,0.0,0.0,0.0,0.0,0.0
11b,0.750474496769835,0.7055755910264734,0.43736247898861474,0.5986441357383969,0.8520979256207453,0.9359442804844852,0.9332004707003474,0.9682456393431619,0.0,0.0,0.0,0.0,0.0,0.0,0.0,0.0,0.0,0.0,0.0,0.0,0.0,0.0,0.0,0.0,0.0,0.0,0.0,0.0,0.0,0.0,0.0,0.0,0.0,0.0,0.0,0.0,0.0,0.0,0.0,0.0,0.0,0.0,0.0,0.0,0.0,0.0,0.0,0.0,0.0,0.0
122,0.17034955140182728,0.17045170642894172,0.3636337709733996,0.5775220089428154,0.7491764573549621,0.7924468566537728,0.6076042692536912,0.9127671458760525,0.033913473808893195,0.03798364162211102,0.0,0.0,0.0,0.0,0.0,0.0,0.0,0.0,0.0,0.0,0.0,0.0,0.0,0.0,0.0,0.0,0.0,0.0,0.0,0.0,0.0,0.0,0.0,0.0,0.0,0.0,0.0,0.0,0.0,0.0,0.0,0.0,0.0,0.0,0.0,0.0,0.0,0.0,0.0,0.0
13q,0.1278665075748628,0.19399561010929817,0.35491856976325287,0.4732159832294783,0.5697788045449536,0.6626220047147104,0.6766166020520248,0.05786255853022316,0.045792342356732574,0.0,0.0,0.0,0.0,0.0,0.0,0.0,0.0,0.0,0.0,0.0,0.0,0.0,0.0,0.0,0.0,0.0,0.0,0.0,0.0,0.0,0.0,0.0,0.0,0.0,0.0,0.0,0.0,0.0,0.0,0.0,0.0,0.0,0.0,0.0,0.0,0.0,0.0,0.0,0.0,0.0
1dm,0.26154211828358453,0.053332860689856536,0.13379465691561407,0.14199859582451146,0.12358546128464032,0.11979587076173695,0.14407421491116248,0.07745910942890795,0.03337658309907346,0.012799984847049325,0.01023164667554908,0.0,0.003855847830096268,0.0015517315426401073,0.0013238047867927978,0.0012145847541659496,0.002151358358400305,0.0018948886037241483,0.0011515134943516701,0.0,0.0,0.0,0.0,0.0,0.0,0.0,0.0,0.0,0.0,0.0,0.0,0.0,0.0,0.0,0.0,0.0,0.0,0.0,0.0,0.0,0.0,0.0,0.0,0.0,0.0,0.0,0.0,0.0,0.0,0.0
1e9,0.12298509025773721,0.18170147839488815,0.2824267925347119,0.6281463952930787,0.5241803591619455,0.6631482889510829,0.7839945743103529,0.0,0.0,0.0,0.0,0.0,0.0,0.0,0.0,0.0,0.0,0.0,0.0,0.0,0.0,0.0,0.0,0.0,0.0,0.0,0.0,0.0,0.0,0.0,0.0,0.0,0.0,0.0,0.0,0.0,0.0,0.0,0.0,0.0,0.0,0.0,0.0,0.0,0.0,0.0,0.0,0.0,0.0,0.0
1kq,0.08274054123515871,0.18518666355153593,0.5553432594960559,0.5275788060688834,0.7246108842643668,0.7901517922768324,0.767638813484795,0.07172387957602265,0.0350350512567751,0.0,0.0,0.0,0.0,0.0,0.0,0.0,0.0,0.0,0.0,0.0,0.0,0.0,0.0,0.0,0.0,0.0,0.0,0.0,0.0,0.0,0.0,0.0,0.0,0.0,0.0,0.0,0.0,0.0,0.0,0.0,0.0,0.0,0.0,0.0,0.0,0.0,0.0,0.0,0.0,0.0
1m8,0.11851089096194956,0.3312690409454578,0.3729929037155313,0.5447604260032172,0.7710690617680637,0.6785191260766872,0.6311490861361034,0.0,0.027359094035143066,0.0,0.0,0.0,0.0,0.0,0.0,0.0,0.0,0.0,0.0,0.0,0.0,0.0,0.0,0.0,0.0,0.0,0.0,0.0,0.0,0.0,0.0,0.0,0.0,0.0,0.0,0.0,0.0,0.0,0.0,0.0,0.0,0.0,0.0,0.0,0.0,0.0,0.0,0.0,0.0,0.0
1xf,0.17226531041292312,0.10781119749876887,0.10897894170795745,0.08658922245168332,0.08701095480307805,0.19813531292602649,0.1409642738967745,0.08159790305373332,0.029600084828813815,0.013008396019371407,0.00599094432598299,0.0,0.001730890398854801,0.0018536729966302508,0.0013018585843843898,0.0013647515640956094,0.0015886537263423432,0.0018528068843732997,0.001455167672427093,0.0007683452718278853,0.0,0.0,0.0,0.0,0.0,0.0,0.0,0.0,0.0,0.0,0.0,0.0,0.0,0.0,0.0,0.0,0.0,0.0,0.0,0.0,0.0,0.0,0.0,0.0,0.0,0.0,0.0,0.0,0.0,0.0
1xt,0.018388854589943986,0.022257791185883023,0.08134235423615867,0.3157377755904352,0.43427811269479816,0.49856563752624433,0.6290625847986121,0.20948698151375839,0.029344885595751796,0.044761622904871984,0.006531110521027129,0.032272374822620624,0.0,0.0,0.0,0.0,0.0,0.0,0.0,0.0,0.0,0.0,0.0,0.0,0.0,0.0,0.0,0.0,0.0,0.0,0.0,0.0,0.0,0.0,0.0,0.0,0.0,0.0,0.0,0.0,0.0,0.0,0.0,0.0,0.0,0.0,0.0,0.0,0.0,0.0
20k,0.06408455212156149,0.06662323565157617,0.1611245644386404,0.21034933564138028,0.3411751260597775,0.32565112565674925,0.29381958495855354,0.3717935156793371,0.4318200224730468,0.34959301025568085,0.17352129343139736,0.28855424902689214,0.0,0.0,0.0,0.0,0.0,0.0,0.0,0.0,0.0,0.0,0.0,0.0,0.0,0.0,0.0,0.0,0.0,0.0,0.0,0.0,0.0,0.0,0.0,0.0,0.0,0.0,0.0,0.0,0.0,0.0,0.0,0.0,0.0,0.0,0.0,0.0,0.0,0.0
240,0.2084431544874384,0.32762028405049154,0.41825212955462904,0.5157210858052076,0.6278116338167613,0.8861955968884817,0.8942190078328285,0.9221379770380677,0.0,0.0,0.0,0.0,0.0,0.0,0.0,0.0,0.0,0.0,0.0,0.0,0.0,0.0,0.0,0.0,0.0,0.0,0.0,0.0,0.0,0.0,0.0,0.0,0.0,0.0,0.0,0.0,0.0,0.0,0.0,0.0,0.0,0.0,0.0,0.0,0.0,0.0,0.0,0.0,0.0,0.0
2t8,0.035957575096537804,0.03485881216898858,0.05676682524332975,0.28054955069100335,0.24380546193805788,0.0625742468989736,0.28056356307841596,0.16842366921269486,0.019633857022375394,0.022368755407151275,0.0,0.0,0.0,0.0016866794048635864,0.002499704828489486,0.003567352345161502,0.004392081977732306,0.0,0.0,0.0,0.0,0.0,0.0,0.0,0.0,0.0,0.0,0.0,0.0,0.0,0.0,0.0,0.0,0.0,0.0,0.0,0.0,0.0,0.0,0.0,0.0,0.0,0.0,0.0,0.0,0.0,0.0,0.0,0.0,0.0
2wb,0.0601945748608918,0.08328663028474755,0.17647183170174735,0.20182107188167042,0.30809980063810644,0.35999375185335375,0.29670852460310726,0.4199214321999274,0.47482849742314964,0.3332468026142201,0.4609200494926415,0.0,0.0,0.0,0.0,0.0,0.0,0.0,0.0,0.0,0.0,0.0,0.0,0.0,0.0,0.0,0.0,0.0,0.0,0.0,0.0,0.0,0.0,0.0,0.0,0.0,0.0,0.0,0.0,0.0,0.0,0.0,0.0,0.0,0.0,0.0,0.0,0.0,0.0,0.0
3nb,0.01855454446006248,0.016814275306623657,0.04850899384762648,0.18018436110429614,0.1886897062437284,0.1439465632796608,0.143743593389626,0.0,0.0,0.00344475351102995,0.003013953775698731,0.0027584193928452227,0.002876766048428735,0.0034942627036484426,0.0,0.0,0.0,0.0,0.0,0.0,0.0,0.0,0.0,0.0,0.0,0.0,0.0,0.0,0.0,0.0,0.0,0.0,0.0,0.0,0.0,0.0,0.0,0.0,0.0,0.0,0.0,0.0,0.0,0.0,0.0,0.0,0.0,0.0,0.0,0.0
3rx,0.03245607222826414,0.040732146138018566,0.07922743933254693,0.14606740303328963,0.1836846928059695,0.21822935813111835,0.29652264741565343,0.17539165339443089,0.0022363393502845236,0.013630632709004664,0.05406577915691635,0.007465522849553854,0.005225550371121078,0.0,0.0,0.0,0.0,0.0,0.0,0.0,0.0,0.0,0.0,0.0,0.0,0.0,0.0,0.0,0.0,0.0,0.0,0.0,0.0,0.0,0.0,0.0,0.0,0.0,0.0,0.0,0.0,0.0,0.0,0.0,0.0,0.0,0.0,0.0,0.0,0.0
3uq,0.057916925039520825,0.07472003253153206,0.21671654906174578,0.07734953315333386,0.10037358678310704,0.06427410461715372,0.03821717023026239,0.03882444380884708,0.015625782052467424,0.004095001853365651,0.006595586818069812,0.0,0.0,0.0010287460026517405,0.0006255598399319369,0.0007768774087947769,0.0014599140367734828,0.0015111424052582912,0.0011069880233464764,0.0,0.0,0.0,0.0,0.0,0.0,0.0,0.0,0.0,0.0,0.0,0.0,0.0,0.0,0.0,0.0,0.0,0.0,0.0,0.0,0.0,0.0,0.0,0.0,0.0,0.0,0.0,0.0,0.0,0.0,0.0
3zo,0.15263113562039266,0.2682220618998323,0.44266484056185235,0.4817506304207735,0.7468750808441676,0.7689250836647589,0.736770011217808,0.042262060894333146,0.0403053255263535,0.0,0.0,0.0,0.0,0.0,0.0,0.0,0.0,0.0,0.0,0.0,0.0,0.0,0.0,0.0,0.0,0.0,0.0,0.0,0.0,0.0,0.0,0.0,0.0,0.0,0.0,0.0,0.0,0.0,0.0,0.0,0.0,0.0,0.0,0.0,0.0,0.0,0.0,0.0,0.0,0.0
419,0.05418602452826963,0.06338413297137839,0.16246126581653678,0.16239938759854397,0.29559134759528033,0.37400286246399184,0.28836005304709533,0.3131354840583179,0.3683694240802244,0.33783277583655535,0.19014032485412094,0.0,0.0,0.0,0.0,0.0,0.0,0.0,0.0,0.0,0.0,0.0,0.0,0.0,0.0,0.0,0.0,0.0,0.0,0.0,0.0,0.0,0.0,0.0,0.0,0.0,0.0,0.0,0.0,0.0,0.0,0.0,0.0,0.0,0.0,0.0,0.0,0.0,0.0,0.0
472,0.06634698650443921,0.0738781421011869,0.22881636005228817,0.2833834374862909,0.35145180814698873,0.38491518209773307,0.3734278880044012,0.381842804017864,0.371861575604511,0.07795023494387807,0.03215042093235912,0.022745260525677456,0.007845090506118086,0.0019209316511395532,0.005076271944691256,0.004174516175074046,0.005620566834569112,0.0,0.0,0.0,0.0,0.0,0.0,0.0,0.0,0.0,0.0,0.0,0.0,0.0,0.0,0.0,0.0,0.0,0.0,0.0,0.0,0.0,0.0,0.0,0.0,0.0,0.0,0.0,0.0,0.0,0.0,0.0,0.0,0.0
47i,0.11653168246795419,0.09715121339824644,0.19442098508643316,0.31025365174949265,0.502815306704582,0.614457034116516,0.6061365981707645,0.43892026002126067,0.2536731993607086,0.1794140383541947,0.05235158084169872,0.0,0.007874947332144949,0.010297007009577011,0.009734557587640056,0.0035207515265634126,0.0031433405561388326,0.003470332840393977,0.0,0.0,0.0,0.0,0.0,0.0,0.0,0.0,0.0,0.0,0.0,0.0,0.0,0.0,0.0,0.0,0.0,0.0,0.0,0.0,0.0,0.0,0.0,0.0,0.0,0.0,0.0,0.0,0.0,0.0,0.0,0.0
4ba,0.1186798827048532,0.1199216484839023,0.1736704214496018,0.04029375384235682,0.11503383086867178,0.05548329325393431,0.010365406981616965,0.00873646239235438,0.007658587707075051,0.002112514996676473,0.0009477502411062412,0.0,0.0,0.0,0.0010040371731733892,0.0007439932515810718,0.0016735834016137214,0.0016435906443298988,0.0007901728553858633,0.0,0.0,0.0,0.0,0.0,0.0,0.0,0.0,0.0,0.0,0.0,0.0,0.0,0.0,0.0,0.0,0.0,0.0,0.0,0.0,0.0,0.0,0.0,0.0,0.0,0.0,0.0,0.0,0.0,0.0,0.0
4ea,0.10482627760218272,0.13488189833540074,0.09079110234957107,0.06097644673289952,0.06878905509795517,0.09470085198884491,0.0266221838384123,0.010144980419640692,0.005240336376028316,0.002733627852901855,0.0,0.0,0.0,0.00025111732010021275,0.0004599739984485788,0.000575437803066148,0.0020490656179237786,0.00102676867601691,0.0,0.0,0.0,0.0,0.0,0.0,0.0,0.0,0.0,0.0,0.0,0.0,0.0,0.0,0.0,0.0,0.0,0.0,0.0,0.0,0.0,0.0,0.0,0.0,0.0,0.0,0.0,0.0,0.0,0.0,0.0,0.0
4kt,0.05384321668823719,0.11030453614238094,0.18078295712511064,0.3548413486053482,0.5402255749392738,0.7993846134795992,0.0,0.0,0.0,0.0,0.0,0.0,0.0,0.0,0.0,0.0,0.0,0.0,0.0,0.0,0.0,0.0,0.0,0.0,0.0,0.0,0.0,0.0,0.0,0.0,0.0,0.0,0.0,0.0,0.0,0.0,0.0,0.0,0.0,0.0,0.0,0.0,0.0,0.0,0.0,0.0,0.0,0.0,0.0,0.0
5bz,0.348892252904333,0.3918287117870423,0.47256825345123693,0.39664762428715095,0.4661466487744381,0.7055651723674126,0.8819331704913519,0.8843977518533185,0.7846002462203754,0.1021690722019104,0.0,0.0,0.0,0.0,0.0,0.008967610996096255,0.016412160198696284,0.0,0.0,0.0,0.0,0.0,0.0,0.0,0.0,0.0016472212573661485,0.0024202459389819227,0.0,0.0,0.0,0.0,0.0,0.0,0.0,0.0,0.0,0.0,0.0,0.0,0.0,0.0,0.0,0.0,0.0,0.0,0.0,0.0,0.0,0.0,0.0
5wz,0.11245682688772554,0.3183276853169119,0.4630237269630305,0.4690704604908503,0.7295457446210126,0.7376163163545654,0.7541564650247856,0.03004332369475143,0.03518306293462193,0.0,0.0,0.0,0.0,0.0,0.0,0.0,0.0,0.0,0.0,0.0,0.0,0.0,0.0,0.0,0.0,0.0,0.0,0.0,0.0,0.0,0.0,0.0,0.0,0.0,0.0,0.0,0.0,0.0,0.0,0.0,0.0,0.0,0.0,0.0,0.0,0.0,0.0,0.0,0.0,0.0
5z0,0.27282356980756056,0.2573919771075172,0.24094283065045444,0.3759198250668104,0.5514664213205989,0.5860470632223095,0.6176967334446578,0.7263244806287755,0.6794810006959662,0.29364644356378,0.12666061651043978,0.12541551259935804,0.15884172653726683,0.0,0.0,0.0,0.0,0.0,0.0,0.0,0.0,0.0,0.0,0.0,0.0,0.0,0.0,0.0,0.0,0.0,0.0,0.0,0.0,0.0,0.0,0.0,0.0,0.0,0.0,0.0,0.0,0.0,0.0,0.0,0.0,0.0,0.0,0.0,0.0,0.0
5zv,0.0816435199486532,0.060728391871501884,0.07541147014643962,0.16801023978350735,0.48310537513141977,0.6286957234586442,0.6481169567460838,0.32404382782866953,0.1089031201748441,0.09984530902685189,0.0,0.0,0.0,0.011928721087619843,0.002930888786881909,0.006471606412140499,0.00988219323909743,0.0,0.0,0.0,0.0,0.0,0.0,0.0,0.0,0.0,0.0,0.0,0.0,0.0,0.0,0.0,0.0,0.0,0.0,0.0,0.0,0.0,0.0,0.0,0.0,0.0,0.0,0.0,0.0,0.0,0.0,0.0,0.0,0.0
68u,0.039040138606783445,0.06214216656777319,0.12430782757584401,0.14865605851901678,0.3200144906751388,0.33874605337410646,0.25013885797401303,0.24207209841888766,0.38668132960948465,0.32561117591573624,0.19369869085719915,0.538770251989006,0.0,0.0,0.0,0.0,0.0,0.0,0.0,0.0,0.0,0.0,0.0,0.0,0.0,0.0,0.0,0.0,0.0,0.0,0.0,0.0,0.0,0.0,0.0,0.0,0.0,0.0,0.0,0.0,0.0,0.0,0.0,0.0,0.0,0.0,0.0,0.0,0.0,0.0
6du,0.055842326278913786,0.05879435374017003,0.15269344990021885,0.20708088996322052,0.26058490689660996,0.29541248135969495,0.24558766306493693,0.15193057062274176,0.13037409152915644,0.05011539943115809,0.041671900837745544,0.03098593933868316,0.02440674099394783,0.009762077583867752,0.0,0.0,0.0,0.0,0.0,0.0,0.0,0.0,0.0,0.0,0.0,0.0,0.0,0.0,0.0,0.0,0.0,0.0,0.0,0.0,0.0,0.0,0.0,0.0,0.0,0.0,0.0,0.0,0.0,0.0,0.0,0.0,0.0,0.0,0.0,0.0
6jf,0.1049053211534694,0.17350735901188405,0.4398050037790718,0.5652350806412186,0.7204666361491651,0.7479314893911992,0.7113145646456098,0.20989390850971004,0.03693066944878306,0.0,0.0,0.0,0.0,0.0,0.0,0.0,0.0,0.0,0.0,0.0,0.0,0.0,0.0,0.0,0.0,0.0,0.0,0.0,0.0,0.0,0.0,0.0,0.0,0.0,0.0,0.0,0.0,0.0,0.0,0.0,0.0,0.0,0.0,0.0,0.0,0.0,0.0,0.0,0.0,0.0
6l9,0.12826318538425996,0.15383431386320284,0.0956711578900857,0.4471465731552241,0.54338681573159,0.48378524691590485,0.2737187851292684,0.08743099603379988,0.030238164367976026,0.008345960719173592,0.00833079029313533,0.0030742537169016044,0.00405834656190436,0.003207559295260396,0.003831137921386179,0.006981118750627689,0.007116477492982135,0.01221769360827075,0.0017283950954341946,0.0025000994106427494,0.003909355809160144,0.0,0.0,0.0,0.0,0.0,0.0,0.0,0.0,0.0,0.0,0.0,0.0,0.0,0.0,0.0,0.0,0.0,0.0,0.0,0.0,0.0,0.0,0.0,0.0,0.0,0.0,0.0,0.0,0.0
7e5,0.003785103160361533,0.006075217868113403,0.03686229554444747,0.09466482590651502,0.09027412675173054,0.108726731980686,0.03442681177400424,0.011654154466812254,0.006681761088209958,0.00906674884665772,0.003665575166344652,0.001086161373421504,0.0,0.0,0.0,0.0,0.0,0.0,0.0,0.0,0.0,0.0,0.0,0.0,0.0,0.0,0.0,0.0,0.0,0.0,0.0,0.0,0.0,0.0,0.0,0.0,0.0,0.0,0.0,0.0,0.0,0.0,0.0,0.0,0.0,0.0,0.0,0.0,0.0,0.0
7ek,0.10190285621212049,0.15500598448751254,0.29894009020809487,0.35942933256155885,0.44712458065377975,0.5095260224547281,0.7112426741900298,0.7638888990391466,0.7493010804458967,0.06057336625127189,0.06408473181186759,0.08791448483400756,0.0,0.0,0.0,0.0,0.0,0.0,0.0,0.0,0.0,0.0,0.0,0.0,0.0,0.0,0.0,0.0,0.0,0.0,0.0,0.0,0.0,0.0,0.0,0.0,0.0,0.0,0.0,0.0,0.0,0.0,0.0,0.0,0.0,0.0,0.0,0.0,0.0,0.0
7o7,0.053114824530882676,0.06095963204906238,0.16625107992099905,0.2110905216429408,0.37712616387020625,0.3657307261543328,0.28319999805876084,0.3590321126719081,0.40088972435525105,0.34190117076464555,0.13177202533959434,0.2055700178621183,0.0,0.0,0.0,0.0,0.0,0.0,0.0,0.0,0.0,0.0,0.0,0.0,0.0,0.0,0.0,0.0,0.0,0.0,0.0,0.0,0.0,0.0,0.0,0.0,0.0,0.0,0.0,0.0,0.0,0.0,0.0,0.0,0.0,0.0,0.0,0.0,0.0,0.0
7tu,0.12392848196593444,0.18475919656382608,0.4433363948562393,0.45809917680051543,0.6670228784988502,0.6921225791132397,0.5634246926130544,0.06250345345925006,0.03876015235065426,0.0,0.0,0.0,0.0,0.0,0.0,0.0,0.0,0.0,0.0,0.0,0.0,0.0,0.0,0.0,0.0,0.0,0.0,0.0,0.0,0.0,0.0,0.0,0.0,0.0,0.0,0.0,0.0,0.0,0.0,0.0,0.0,0.0,0.0,0.0,0.0,0.0,0.0,0.0,0.0,0.0
7w5,0.1414162210528686,0.09848671968894442,0.17214225597199276,0.1932150626615711,0.295721908682103,0.3539494755949288,0.3059859340600731,0.4439211331071535,0.4810509183118592,0.3460333325559543,0.259717921579241,0.7597299869548243,0.0,0.0,0.0,0.0,0.0,0.0,0.0,0.0,0.0,0.0,0.0,0.0,0.0,0.0,0.0,0.0,0.0,0.0,0.0,0.0,0.0,0.0,0.0,0.0,0.0,0.0,0.0,0.0,0.0,0.0,0.0,0.0,0.0,0.0,0.0,0.0,0.0,0.0
824,0.11227861444762427,0.14818076897915256,0.26394669319292446,0.5443684771727666,0.6482350710955291,0.6173784289640396,0.5481416080127459,0.05165180754903338,0.04348214207147047,0.0,0.0,0.0,0.0,0.0,0.0,0.0,0.0,0.0,0.0,0.0,0.0,0.0,0.0,0.0,0.0,0.0,0.0,0.0,0.0,0.0,0.0,0.0,0.0,0.0,0.0,0.0,0.0,0.0,0.0,0.0,0.0,0.0,0.0,0.0,0.0,0.0,0.0,0.0,0.0,0.0
883,0.17907036585753439,0.14149337824628747,0.09785373890208271,0.5572421022263894,0.7269944304897047,0.4534645789321141,0.1859074813693645,0.13690975016356588,0.07317539724709038,0.0,0.014111971984003283,0.016300120132238183,0.011012721939374567,0.01383500177333405,0.012814500111132481,0.0,0.0,0.0,0.0,0.0,0.0,0.0,0.0,0.0,0.0006715332448760656,0.0006715332448875498,0.0007418338807070676,0.001355607556068287,0.00225069306548014,0.0,0.0,0.0,0.0,0.0,0.0,0.0,0.0,0.0,0.0,0.0,0.0,0.0,0.0,0.0,0.0,0.0,0.0,0.0,0.0,0.0
8ub,0.11121305394568534,0.15341524551379518,0.2644515336840191,0.5120181290932565,0.6762975999736718,0.6499645147643128,0.6695024563881835,0.06219395860254109,0.049009082720456114,0.0,0.0,0.0,0.0,0.0,0.0,0.0,0.0,0.0,0.0,0.0,0.0,0.0,0.0,0.0,0.0,0.0,0.0,0.0,0.0,0.0,0.0,0.0,0.0,0.0,0.0,0.0,0.0,0.0,0.0,0.0,0.0,0.0,0.0,0.0,0.0,0.0,0.0,0.0,0.0,0.0
95j,0.3811478039013418,0.35431904630738176,0.2865041830059337,0.6307111804308415,0.8796325866451167,0.8691297964104296,0.8946030991276765,0.09973700615942953,0.056885002118490104,0.04602876390377595,0.014258927198113436,0.01142101661122461,0.01003240373764778,0.009386911706761205,0.007848315786110777,0.005577640773457799,0.004270758119950594,0.0,0.005869164724963769,0.004365908180319293,0.0030008126423527854,0.001702440427668429,0.0013847419327977107,0.0012015061512410954,0.0019828794626061516,0.00044253066195519,0.0,0.0,0.0,0.0,0.0,0.0,0.0,0.0,0.0,0.0,0.0,0.0,0.0,0.0,0.0,0.0,0.0,0.0,0.0,0.0,0.0,0.0,0.0,0.0
96f,0.149210693054434,0.1990300498885257,0.48291114082864767,0.5271892851493266,0.7063915313786144,0.7593723803997616,0.751100990226977,0.05216719319897419,0.03803530074103335,0.0,0.0,0.0,0.0,0.0,0.0,0.0,0.0,0.0,0.0,0.0,0.0,0.0,0.0,0.0,0.0,0.0,0.0,0.0,0.0,0.0,0.0,0.0,0.0,0.0,0.0,0.0,0.0,0.0,0.0,0.0,0.0,0.0,0.0,0.0,0.0,0.0,0.0,0.0,0.0,0.0
97b,0.05663000793131594,0.12956237873523008,0.1460243220641327,0.16622084326577616,0.30729670665673586,0.31653523001669454,0.4151332023768676,0.23735472502859145,0.24002112585778262,0.040848184983982676,0.02873580394030024,0.02591075028689196,0.0,0.0,0.0,0.0,0.0,0.0,0.0,0.0,0.0,0.0,0.0,0.0,0.0,0.0,0.0,0.0,0.0,0.0,0.0,0.0,0.0,0.0,0.0,0.0,0.0,0.0,0.0,0.0,0.0,0.0,0.0,0.0,0.0,0.0,0.0,0.0,0.0,0.0
97p,0.22918650718352646,0.20908778280464704,0.36316115240540964,0.5510185937860109,0.684058284920194,0.8148949374902729,0.650652648060202,0.6149920632762091,0.0414942353097396,0.0,0.0,0.0,0.0,0.0,0.0,0.0,0.0,0.0,0.0,0.0,0.0,0.0,0.0,0.0,0.0,0.0,0.0,0.0,0.0,0.0,0.0,0.0,0.0,0.0,0.0,0.0,0.0,0.0,0.0,0.0,0.0,0.0,0.0,0.0,0.0,0.0,0.0,0.0,0.0,0.0
9ky,0.13971292425495022,0.12708132189850682,0.09466462552841105,0.06135872909289949,0.054883698578699715,0.11012552403375174,0.031109166425263002,0.010967859551701063,0.007048392644870298,0.002969523796252381,0.0,0.0,0.0,0.00025863643457164686,0.00048211346814456944,0.0005789054513570795,0.002145634301972913,0.000984309704197062,0.0,0.0,0.0,0.0,0.0,0.0,0.0,0.0,0.0,0.0,0.0,0.0,0.0,0.0,0.0,0.0,0.0,0.0,0.0,0.0,0.0,0.0,0.0,0.0,0.0,0.0,0.0,0.0,0.0,0.0,0.0,0.0
9lo,0.17097841634304584,0.15052109835252753,0.13087661170164802,0.1196513475660795,0.7769772835336308,0.7326985395607999,0.6667383876227805,0.6011781518920597,0.1756888729694355,0.20266474802241102,0.0,0.0,0.0,0.021122077378811825,0.005211260778389372,0.009345382184527854,0.012722717126453181,0.0,0.0,0.0,0.0,0.0,0.0,0.0,0.0,0.0,0.0,0.0,0.0,0.0,0.0,0.0,0.0,0.0,0.0,0.0,0.0,0.0,0.0,0.0,0.0,0.0,0.0,0.0,0.0,0.0,0.0,0.0,0.0,0.0
9ph,0.006720541798146428,0.015222860526057081,0.07958350180500938,0.09285895922820739,0.055780354988137666,0.08595467627544347,0.05321556076738527,0.014439239776142174,0.007629387428404107,0.007814723929538742,0.0070676341351223766,0.0037382134785698983,0.002042238960017424,0.0,0.0,0.0,0.0,0.0,0.0,0.0,0.0,0.0,0.0,0.0,0.0,0.0,0.0,0.0,0.0,0.0,0.0,0.0,0.0,0.0,0.0,0.0,0.0,0.0,0.0,0.0,0.0,0.0,0.0,0.0,0.0,0.0,0.0,0.0,0.0,0.0
9rc,0.10214873091456741,0.17302455353309226,0.35979143348494114,0.4698795356221191,0.5834223023985603,0.642245327650408,0.5894687731511756,0.19614733115376967,0.01629725812433006,0.0,0.0,0.0,0.0,0.0,0.0,0.0,0.0,0.0,0.0,0.0,0.0,0.0,0.0,0.0,0.0,0.0,0.0,0.0,0.0,0.0,0.0,0.0,0.0,0.0,0.0,0.0,0.0,0.0,0.0,0.0,0.0,0.0,0.0,0.0,0.0,0.0,0.0,0.0,0.0,0.0
9s4,0.30196747580726163,0.13155097463929438,0.13489646856451465,0.11440949210299878,0.09093159823214625,0.07243564997393152,0.09911566506571891,0.044660778949951435,0.013589551511618012,0.008574481818451492,0.0,0.0,0.0,0.0004826178528717155,0.0011012962485097315,0.0013124298091287327,0.0022944677777646367,0.0017318975298222898,0.0013005135667599741,0.0,0.0,0.0,0.0,0.0,0.0,0.0,0.0,0.0,0.0,0.0,0.0,0.0,0.0,0.0,0.0,0.0,0.0,0.0,0.0,0.0,0.0,0.0,0.0,0.0,0.0,0.0,0.0,0.0,0.0,0.0
9wf,0.022990944812294814,0.14634494089359895,0.7260455554924438,0.9485217151962536,0.9681749802467762,0.9803559122716573,0.0,0.0,0.0,0.0,0.0,0.0,0.0,0.0,0.0,0.0,0.0,0.0,0.0,0.0,0.0,0.0,0.0,0.0,0.0,0.0,0.0,0.0,0.0,0.0,0.0,0.0,0.0,0.0,0.0,0.0,0.0,0.0,0.0,0.0,0.0,0.0,0.0,0.0,0.0,0.0,0.0,0.0,0.0,0.0
9zk,0.1948878203531279,0.13491141744413623,0.16281895048877157,0.44791404595673795,0.49788223585604063,0.5851544989456481,0.7035919175995152,0.7336206186417339,0.4561016182637947,0.24665260783677567,0.353858906451102,0.37001507701606823,0.0,0.0,0.0,0.0,0.0,0.0,0.0,0.0,0.0,0.0,0.0,0.0,0.0,0.0,0.0,0.0,0.0,0.0,0.0,0.0,0.0,0.0,0.0,0.0,0.0,0.0,0.0,0.0,0.0,0.0,0.0,0.0,0.0,0.0,0.0,0.0,0.0,0.0
9zr,0.12093772712634143,0.25158050256651493,0.4276815999907031,0.5009076130602532,0.74398265096195,0.7644978343261706,0.6908169600142419,0.36676986184650673,0.03812765429849289,0.03504196784519854,0.0,0.0,0.0,0.0,0.0,0.0,0.0,0.0,0.0,0.0,0.0,0.0,0.0,0.0,0.0,0.0,0.0,0.0,0.0,0.0,0.0,0.0,0.0,0.0,0.0,0.0,0.0,0.0,0.0,0.0,0.0,0.0,0.0,0.0,0.0,0.0,0.0,0.0,0.0,0.0
a8v,0.11422011774794712,0.207441497730673,0.4070381073878122,0.555251926252363,0.7269655543928701,0.755020522731598,0.6813597467801116,0.02364980556999577,0.03067063253596384,0.0,0.0,0.0,0.0,0.0,0.0,0.0,0.0,0.0,0.0,0.0,0.0,0.0,0.0,0.0,0.0,0.0,0.0,0.0,0.0,0.0,0.0,0.0,0.0,0.0,0.0,0.0,0.0,0.0,0.0,0.0,0.0,0.0,0.0,0.0,0.0,0.0,0.0,0.0,0.0,0.0
an2,0.1880972404475973,0.16457234837954648,0.2891142625375364,0.5882474229603172,0.7078131017571618,0.6873623673849463,0.6752967816847193,0.6463225453224827,0.6007563309355239,0.5199010896017531,0.0,0.08456506495367452,0.022970955820528015,0.014141853253648941,0.01756481841789589,0.0,0.0,0.0,0.0,0.0,0.0,0.0,0.0,0.0,0.0,0.0,0.0,0.0,0.0,0.0,0.0,0.0,0.0,0.0,0.0,0.0,0.0,0.0,0.0,0.0,0.0,0.0,0.0,0.0,0.0,0.0,0.0,0.0,0.0,0.0
aui,0.027206169549210592,0.015959219725552354,0.02375703826530398,0.09021073134669469,0.28827007264562116,0.332230242133073,0.26830215982710454,0.0725482977370668,0.018335374274541544,0.015774739420845788,0.03075560302385566,0.0,0.0,0.0,0.0,0.0,0.0,0.0,0.0,0.0,0.0,0.0,0.0,0.0,0.0,0.0,0.0,0.0,0.0,0.0,0.0,0.0,0.0,0.0,0.0,0.0,0.0,0.0,0.0,0.0,0.0,0.0,0.0,0.0,0.0,0.0,0.0,0.0,0.0,0.0
be9,0.01741218270186656,0.009370588943919334,0.006633284747354497,0.3070403331185044,0.553519976306702,0.921912566540632,0.0,0.0,0.0,0.0,0.0,0.0,0.0,0.0,0.0,0.0,0.0,0.0,0.0,0.0,0.0,0.0,0.0,0.0,0.0,0.0,0.0,0.0,0.0,0.0,0.0,0.0,0.0,0.0,0.0,0.0,0.0,0.0,0.0,0.0,0.0,0.0,0.0,0.0,0.0,0.0,0.0,0.0,0.0,0.0
bi3,0.08704101159459764,0.08330390953434663,0.153522760153997,0.24856546816437966,0.3573588151112098,0.35502443640294107,0.2594878391818708,0.3304068801158786,0.3534723515985541,0.2554795971149219,0.3975829881815587,0.0,0.0,0.0,0.0,0.0,0.0,0.0,0.0,0.0,0.0,0.0,0.0,0.0,0.0,0.0,0.0,0.0,0.0,0.0,0.0,0.0,0.0,0.0,0.0,0.0,0.0,0.0,0.0,0.0,0.0,0.0,0.0,0.0,0.0,0.0,0.0,0.0,0.0,0.0
bjw,0.04812550343992135,0.07820762328046926,0.18497926109709587,0.3706286654230297,0.7726858162249272,0.871309583662089,0.8580749979785551,0.0,0.0,0.0,0.0,0.0,0.0,0.0,0.0,0.0,0.0,0.0,0.0,0.0,0.0,0.0,0.0,0.0,0.0,0.0,0.0,0.0,0.0,0.0,0.0,0.0,0.0,0.0,0.0,0.0,0.0,0.0,0.0,0.0,0.0,0.0,0.0,0.0,0.0,0.0,0.0,0.0,0.0,0.0
bnh,0.11421923025856026,0.20749984088934462,0.4070579370137843,0.555255144108889,0.7269460195828947,0.7550096776803578,0.6813447235865492,0.023650420452094714,0.030672896145851856,0.0,0.0,0.0,0.0,0.0,0.0,0.0,0.0,0.0,0.0,0.0,0.0,0.0,0.0,0.0,0.0,0.0,0.0,0.0,0.0,0.0,0.0,0.0,0.0,0.0,0.0,0.0,0.0,0.0,0.0,0.0,0.0,0.0,0.0,0.0,0.0,0.0,0.0,0.0,0.0,0.0
bq9,0.040063086911330884,0.06344677228504916,0.33365501309020523,0.42396572590871257,0.46709411851132415,0.5912759118679871,0.7413799888871087,0.601302780293797,0.3662175445055934,0.24799738683787229,0.19090563231057092,0.0,0.0,0.0,0.0,0.0,0.0,0.0,0.0,0.0,0.0,0.0,0.0,0.0,0.0,0.0,0.0,0.0,0.0,0.0,0.0,0.0,0.0,0.0,0.0,0.0,0.0,0.0,0.0,0.0,0.0,0.0,0.0,0.0,0.0,0.0,0.0,0.0,0.0,0.0
bsa,0.05567562918951313,0.02313688701266872,0.060057736371973314,0.1304883213611665,0.2015369861476381,0.681753292860241,0.7264976749928481,0.09967118086085884,0.021613939038251758,0.018741827908241707,0.058568876800129586,0.0,0.0,0.0,0.0,0.0,0.0,0.0,0.0,0.0,0.0,0.0,0.0,0.0,0.0,0.0,0.0,0.0,0.0,0.0,0.0,0.0,0.0,0.0,0.0,0.0,0.0,0.0,0.0,0.0,0.0,0.0,0.0,0.0,0.0,0.0,0.0,0.0,0.0,0.0
bv2,0.09092909117315898,0.1185539483663928,0.30063365816757376,0.20758269065779186,0.08417905658339267,0.3223227016966515,0.19621696075212577,0.520162420519391,0.44215636157777743,0.2156648239107784,0.20751924074502678,0.0,0.0,0.0,0.0,0.0,0.0,0.0,0.0,0.0,0.0,0.0,0.0,0.0,0.0,0.0,0.0,0.0,0.0,0.0,0.0,0.0,0.0,0.0,0.0,0.0,0.0,0.0,0.0,0.0,0.0,0.0,0.0,0.0,0.0,0.0,0.0,0.0,0.0,0.0
c0g,0.05022509350974058,0.06170028347690158,0.15688970179894815,0.16545589613165554,0.2991951833450859,0.36357956796002733,0.29761964044382355,0.34979661043272353,0.37108711383785753,0.37293944620138786,0.11979493562562266,0.0,0.0,0.0,0.0,0.0,0.0,0.0,0.0,0.0,0.0,0.0,0.0,0.0,0.0,0.0,0.0,0.0,0.0,0.0,0.0,0.0,0.0,0.0,0.0,0.0,0.0,0.0,0.0,0.0,0.0,0.0,0.0,0.0,0.0,0.0,0.0,0.0,0.0,0.0
c6e,0.11087870473758256,0.21878174248701723,0.5012402059064596,0.5388015897247463,0.6987400763649575,0.7919041561999993,0.7401093861412055,0.0668758810331505,0.03392824485359273,0.0,0.0,0.0,0.0,0.0,0.0,0.0,0.0,0.0,0.0,0.0,0.0,0.0,0.0,0.0,0.0,0.0,0.0,0.0,0.0,0.0,0.0,0.0,0.0,0.0,0.0,0.0,0.0,0.0,0.0,0.0,0.0,0.0,0.0,0.0,0.0,0.0,0.0,0.0,0.0,0.0
cdk,0.14650585559666995,0.12762935176180418,0.12236555325973023,0.18434786347725465,0.43635519520526883,0.6945589371940737,0.6804111229693218,0.3788423404910387,0.19148380545216204,0.10970551001072547,0.03146415334260409,0.010133766055765311,0.004306526218197462,0.0026321573473975486,0.006216278792003525,0.006073235804404108,0.010063030433979818,0.0,0.0,0.0,0.0,0.0,0.0,0.0,0.0,0.0,0.0,0.0,0.0,0.0,0.0,0.0,0.0,0.0,0.0,0.0,0.0,0.0,0.0,0.0,0.0,0.0,0.0,0.0,0.0,0.0,0.0,0.0,0.0,0.0
cju,0.07965206181708001,0.20499536219117562,0.518397305597784,0.5211976860896814,0.7111640613907592,0.7606626223015902,0.7537840140359461,0.06401045366987221,0.03480879928109161,0.0,0.0,0.0,0.0,0.0,0.0,0.0,0.0,0.0,0.0,0.0,0.0,0.0,0.0,0.0,0.0,0.0,0.0,0.0,0.0,0.0,0.0,0.0,0.0,0.0,0.0,0.0,0.0,0.0,0.0,0.0,0.0,0.0,0.0,0.0,0.0,0.0,0.0,0.0,0.0,0.0
clt,0.10068537935384181,0.08258302538741527,0.1999355236648407,0.2665038487750182,0.5224661107033257,0.5639366583002732,0.6217974267482653,0.595808084022065,0.578518886481775,0.03664393543239028,0.02398676345287434,0.01572389965611499,0.01791306152095315,0.0,0.0,0.0,0.008003819948622735,0.00901101908402239,0.0039030899141331114,0.005238836039011092,0.004273998443344857,0.003338290373182127,0.0,0.0,0.0,0.0,0.0,0.0,0.0,0.0,0.0,0.0,0.0,0.0,0.0,0.0,0.0,0.0,0.0,0.0,0.0,0.0,0.0,0.0,0.0,0.0,0.0,0.0,0.0,0.0
d7f,0.07362346710826446,0.07164056049868217,0.218978327847376,0.4914322678013924,0.5343010337168843,0.6613139061714376,0.46607840761923247,0.15460366940324194,0.05132167017458639,0.05480432065137066,0.07759891103060292,0.0,0.0,0.0,0.0,0.0,0.0,0.0,0.0,0.0,0.0,0.0,0.0,0.0,0.0,0.0,0.0,0.0,0.0,0.0,0.0,0.0,0.0,0.0,0.0,0.0,0.0,0.0,0.0,0.0,0.0,0.0,0.0,0.0,0.0,0.0,0.0,0.0,0.0,0.0
d9l,0.07864798987446134,0.18836660261366275,0.5586159575893124,0.5106641243761582,0.7277963691910033,0.7702017576252482,0.725781700982245,0.0238294790911938,0.03191356946632088,0.0,0.0,0.0,0.0,0.0,0.0,0.0,0.0,0.0,0.0,0.0,0.0,0.0,0.0,0.0,0.0,0.0,0.0,0.0,0.0,0.0,0.0,0.0,0.0,0.0,0.0,0.0,0.0,0.0,0.0,0.0,0.0,0.0,0.0,0.0,0.0,0.0,0.0,0.0,0.0,0.0
dae,0.06896867735025233,0.06251164727867957,0.1877641992333748,0.19421487401358942,0.30832928713614244,0.3520726830709874,0.3428096841560843,0.3662376851663719,0.3986687537349553,0.46537161379864184,0.19187062927772655,0.0,0.0,0.0,0.0,0.0,0.0,0.0,0.0,0.0,0.0,0.0,0.0,0.0,0.0,0.0,0.0,0.0,0.0,0.0,0.0,0.0,0.0,0.0,0.0,0.0,0.0,0.0,0.0,0.0,0.0,0.0,0.0,0.0,0.0,0.0,0.0,0.0,0.0,0.0
dc8,0.10444642910193884,0.11522189037986998,0.13870109267960534,0.28188651799915876,0.4202209130162745,0.485019752278552,0.42035196090184573,0.4736889567404966,0.08310078170746682,0.09421622018397974,0.0,0.0,0.0,0.007285909921613446,0.006712973740124718,0.005585105438950429,0.007947379294846691,0.0,0.0,0.0,0.0,0.0,0.0,0.0,0.0,0.0,0.0,0.0,0.0,0.0,0.0,0.0,0.0,0.0,0.0,0.0,0.0,0.0,0.0,0.0,0.0,0.0,0.0,0.0,0.0,0.0,0.0,0.0,0.0,0.0
deu,0.13618204448377602,0.23988458134143603,0.27573796498638686,0.49310017671394224,0.7182121685224008,0.5663415138154899,0.5861992144297561,0.5995002470954047,0.0,0.0,0.0,0.0,0.0,0.0,0.0,0.0,0.0,0.0,0.0,0.0,0.0,0.0,0.0,0.0,0.0,0.0,0.0,0.0,0.0,0.0,0.0,0.0,0.0,0.0,0.0,0.0,0.0,0.0,0.0,0.0,0.0,0.0,0.0,0.0,0.0,0.0,0.0,0.0,0.0,0.0
dlj,0.11014077748497259,0.17339010539203897,0.5913754144695044,0.5759810804043988,0.7705130777730774,0.797351978353713,0.6992195320259531,0.046580388094549806,0.03785087534768016,0.0,0.0,0.0,0.0,0.0,0.0,0.0,0.0,0.0,0.0,0.0,0.0,0.0,0.0,0.0,0.0,0.0,0.0,0.0,0.0,0.0,0.0,0.0,0.0,0.0,0.0,0.0,0.0,0.0,0.0,0.0,0.0,0.0,0.0,0.0,0.0,0.0,0.0,0.0,0.0,0.0
dth,0.1603247113320192,0.13184877414868942,0.1302986696256631,0.319313780299949,0.5061611096646723,0.5211757122602558,0.6298669231698277,0.8065144440486136,0.7308250249254775,0.027767272606566865,0.06915824439794678,0.11125493525480172,0.1580089008452104,0.0,0.0,0.0,0.0,0.0,0.0,0.0,0.0,0.0,0.0,0.0,0.0,0.0,0.0,0.0,0.0,0.0,0.0,0.0,0.0,0.0,0.0,0.0,0.0,0.0,0.0,0.0,0.0,0.0,0.0,0.0,0.0,0.0,0.0,0.0,0.0,0.0
dvn,0.0692252282872874,0.0818795279183051,0.19659576416202287,0.3951786491150485,0.4697830424900796,0.6616603203796988,0.7790423301236686,0.0,0.0,0.0,0.0,0.0,0.0,0.0,0.0,0.0,0.0,0.0,0.0,0.0,0.0,0.0,0.0,0.0,0.0,0.0,0.0,0.0,0.0,0.0,0.0,0.0,0.0,0.0,0.0,0.0,0.0,0.0,0.0,0.0,0.0,0.0,0.0,0.0,0.0,0.0,0.0,0.0,0.0,0.0
e6a,0.10185608574567839,0.07910795400712756,0.1884518547620259,0.19467962141317202,0.30022335689329355,0.34922117257926316,0.28918129876364346,0.3930475461388925,0.4579840350136681,0.32144321503753526,0.4683189090105504,0.0,0.0,0.0,0.0,0.0,0.0,0.0,0.0,0.0,0.0,0.0,0.0,0.0,0.0,0.0,0.0,0.0,0.0,0.0,0.0,0.0,0.0,0.0,0.0,0.0,0.0,0.0,0.0,0.0,0.0,0.0,0.0,0.0,0.0,0.0,0.0,0.0,0.0,0.0
e81,0.014728567242254723,0.02985523337891034,0.07594639151730788,0.11612653615240426,0.16594450064405547,0.12446798783066533,0.20669933256115486,0.21153478875307263,0.02016930862356722,0.008147792242323636,0.007795875887385143,0.0055076097431644945,0.0037455404071928787,0.003410850916629315,0.0,0.0,0.0,0.0,0.0,0.0,0.0,0.0,0.0,0.0,0.0,0.0,0.0,0.0,0.0,0.0,0.0,0.0,0.0,0.0,0.0,0.0,0.0,0.0,0.0,0.0,0.0,0.0,0.0,0.0,0.0,0.0,0.0,0.0,0.0,0.0
ek5,0.06268721542359428,0.06476802256404013,0.07826386574567086,0.09960088495189195,0.15348182634177168,0.11019314682821876,0.09938348372995189,0.1913659520491312,0.026615504681213518,0.005695156082137504,0.012194777936009933,0.01220698436157381,0.004759328994931002,0.005741862729790999,0.0,0.0,0.0,0.0,0.0,0.0,0.0,0.0,0.0,0.0,0.0,0.0,0.0,0.0,0.0,0.0,0.0,0.0,0.0,0.0,0.0,0.0,0.0,0.0,0.0,0.0,0.0,0.0,0.0,0.0,0.0,0.0,0.0,0.0,0.0,0.0
fft,0.8732949184008056,0.8383335888618693,0.8195452524865039,0.7757242751363913,0.6427900712331652,0.5999768803602874,0.6355890242924664,0.733849760101471,0.8167039443357229,0.903333887769975,0.9482519996900604,0.0,0.0,0.0,0.0,0.0,0.0,0.0,0.0,0.0,0.0,0.0,0.0,0.0,0.0,0.0,0.0,0.0,0.0,0.0,0.0,0.0,0.0,0.0,0.0,0.0,0.0,0.0,0.0,0.0,0.0,0.0,0.0,0.0,0.0,0.0,0.0,0.0,0.0,0.0
fj5,0.30926274108446555,0.21206131484122445,0.17387111948956768,0.3220749049732245,0.7213282346633847,0.6751884346729083,0.601423187715795,0.5964924300949256,0.3420302564832153,0.4178034932782925,0.0,0.0637507862127687,0.03638864911160342,0.020712695787261676,0.010202158421771725,0.010158407112456608,0.018179369049739064,0.0,0.0,0.0,0.0,0.0,0.0,0.0,0.0,0.0,0.0,0.0,0.0,0.0,0.0,0.0,0.0,0.0,0.0,0.0,0.0,0.0,0.0,0.0,0.0,0.0,0.0,0.0,0.0,0.0,0.0,0.0,0.0,0.0
fkj,0.17100197453155083,0.27579715568320584,0.4310986500482052,0.4774906039740714,0.7776288287447843,0.7660129152911421,0.7382512019154559,0.056345505703755135,0.040100230672870746,0.0,0.0,0.0,0.0,0.0,0.0,0.0,0.0,0.0,0.0,0.0,0.0,0.0,0.0,0.0,0.0,0.0,0.0,0.0,0.0,0.0,0.0,0.0,0.0,0.0,0.0,0.0,0.0,0.0,0.0,0.0,0.0,0.0,0.0,0.0,0.0,0.0,0.0,0.0,0.0,0.0
fwz,0.1163832359905382,0.1258597349673149,0.19162443186198908,0.14832108557627205,0.6899714888928199,0.6080818807422808,0.23893482492006937,0.02246057822245487,0.015626406881337103,0.01368400824845886,0.0,0.0,0.0,0.0,0.0,0.0,0.0,0.0,0.0,0.0,0.0,0.0,0.0,0.0,0.0,0.0,0.0,0.0,0.0,0.0,0.0,0.0,0.0,0.0,0.0,0.0,0.0,0.0,0.0,0.0,0.0,0.0,0.0,0.0,0.0,0.0,0.0,0.0,0.0,0.0
gcj,0.05685414514731173,0.07514918516223293,0.14013046342997548,0.2047233410543463,0.31633029788987044,0.3481516390422753,0.31153646459125395,0.35582316519667745,0.42222990031727625,0.34169770851219244,0.2104278678381639,0.31390880187611686,0.0,0.0,0.0,0.0,0.0,0.0,0.0,0.0,0.0,0.0,0.0,0.0,0.0,0.0,0.0,0.0,0.0,0.0,0.0,0.0,0.0,0.0,0.0,0.0,0.0,0.0,0.0,0.0,0.0,0.0,0.0,0.0,0.0,0.0,0.0,0.0,0.0,0.0
gkl,0.06383287406264455,0.060844199831080144,0.13656813433105058,0.16556074142501542,0.2957537825921465,0.32233119300627516,0.25497041162691086,0.2638455452111189,0.3751380646984968,0.3445637456926872,0.1981068719571024,0.5524055886979495,0.0,0.0,0.0,0.0,0.0,0.0,0.0,0.0,0.0,0.0,0.0,0.0,0.0,0.0,0.0,0.0,0.0,0.0,0.0,0.0,0.0,0.0,0.0,0.0,0.0,0.0,0.0,0.0,0.0,0.0,0.0,0.0,0.0,0.0,0.0,0.0,0.0,0.0
goi,0.03629787633552329,0.020704814454562265,0.0083040092047145,0.010921083858013225,0.41874169763646296,0.40982908947578345,0.7895908939984896,0.8759333577785772,0.0,0.0,0.0,0.0,0.0,8.27789687762991e-05,8.277896877607864e-05,0.0,0.0,0.0,0.0,0.00024259643011181962,6.623250789224649e-05,2.842744551100255e-05,2.5362536085908655e-05,0.0,0.0,0.0,0.0,0.0,0.0,0.0,0.0,0.0,0.0,0.0,0.0,0.0,0.0,0.0,0.0,0.0,0.0,0.0,0.0,1.8999665662486313e-05,0.0,4.5823832092949515e-07,0.0,0.0,0.0,0.0
gvd,0.6028727280531949,0.6544151843355837,0.8787993037837057,0.8609305910755386,0.8670929271680773,0.6599235770068372,0.48508139095922925,0.4222443316451553,0.9088320684407687,0.8867001921124203,0.9771563426812963,0.0,0.0,0.0,0.0,0.0,0.0,0.0,0.0,0.0,0.0,0.0,0.0,0.0,0.0,0.0,0.0,0.0,0.0,0.0,0.0,0.0,0.0,0.0,0.0,0.0,0.0,0.0,0.0,0.0,0.0,0.0,0.0,0.0,0.0,0.0,0.0,0.0,0.0,0.0
gw2,0.02953261252576137,0.07301774430004514,0.10939593655308362,0.08732181727706288,0.07617499028434538,0.15242676231908642,0.15299342956150605,0.09519900318646103,0.02173344934015106,0.012353083671449081,0.005020516356368945,0.0,0.0021858281099134207,0.0019252420701984028,0.00112619603427465,0.0011032326056895183,0.001464973898343288,0.0020652970999867114,0.001401851590104477,0.0,0.0,0.0,0.0,0.0,0.0,0.0,0.0,0.0,0.0,0.0,0.0,0.0,0.0,0.0,0.0,0.0,0.0,0.0,0.0,0.0,0.0,0.0,0.0,0.0,0.0,0.0,0.0,0.0,0.0,0.0
gxz,0.0771338001354712,0.07073371802677167,0.1029240078150648,0.297253299442402,0.4968800562439725,0.6077767972068405,0.5361684831640791,0.47694930174450295,0.15162124154603693,0.1587257853540915,0.0,0.0,0.01493747165408997,0.009812657938176796,0.006274503179824557,0.005282217619060579,0.002758710436435597,0.006129431996461295,0.0,0.0,0.0,0.0,0.0,0.0,0.0,0.0,0.0,0.0,0.0,0.0,0.0,0.0,0.0,0.0,0.0,0.0,0.0,0.0,0.0,0.0,0.0,0.0,0.0,0.0,0.0,0.0,0.0,0.0,0.0,0.0
gz8,0.03489143355029064,0.05766752756932689,0.1457100099168622,0.15130150429183128,0.30932246269305236,0.36802077006397277,0.26469156429374235,0.2542579850698792,0.276680052595022,0.40095842026899975,0.24729114484794926,0.25226868624037924,0.0,0.0,0.0,0.0,0.0,0.0,0.0,0.0,0.0,0.0,0.0,0.0,0.0,0.0,0.0,0.0,0.0,0.0,0.0,0.0,0.0,0.0,0.0,0.0,0.0,0.0,0.0,0.0,0.0,0.0,0.0,0.0,0.0,0.0,0.0,0.0,0.0,0.0
h6c,0.14437173097937667,0.10158023838750929,0.13441779900115106,0.18439984651176514,0.49805439730452933,0.5932831879830868,0.5966893418223629,0.6846514234150992,0.0,0.0,0.0,0.01623048591255141,0.02364341433783941,0.018701454891997097,0.0,0.0,0.0,0.0,0.0,0.0,0.0,0.0,0.0,0.0,0.0,0.0,0.0,0.0,0.0,0.0,0.0,0.0,0.0,0.0,0.0,0.0,0.0,0.0,0.0,0.0,0.0,0.0,0.0,0.0,0.0,0.0,0.0,0.0,0.0,0.0
h7r,0.12394964449392895,0.1398228553838208,0.10140027770211446,0.05933219908907186,0.06472464835237021,0.10716654284204984,0.03769190107760535,0.011854784275019998,0.006597032168630282,0.0031321396154309136,0.0,0.0,0.0,0.00022227968368555755,0.0005348800786980608,0.0007500750380755085,0.002389680687666989,0.0011183965540530283,0.0,0.0,0.0,0.0,0.0,0.0,0.0,0.0,0.0,0.0,0.0,0.0,0.0,0.0,0.0,0.0,0.0,0.0,0.0,0.0,0.0,0.0,0.0,0.0,0.0,0.0,0.0,0.0,0.0,0.0,0.0,0.0
h82,0.1105169498768055,0.2859275805505385,0.4649468012098176,0.46278076622367187,0.723540860814554,0.7427121406360092,0.7501075990127548,0.0,0.03289441403463698,0.0,0.0,0.0,0.0,0.0,0.0,0.0,0.0,0.0,0.0,0.0,0.0,0.0,0.0,0.0,0.0,0.0,0.0,0.0,0.0,0.0,0.0,0.0,0.0,0.0,0.0,0.0,0.0,0.0,0.0,0.0,0.0,0.0,0.0,0.0,0.0,0.0,0.0,0.0,0.0,0.0
h89,0.0541825267355006,0.05051455512548734,0.18370438342952372,0.21859666864421187,0.36828529040748437,0.3564993998301697,0.3019223627295121,0.3346665498564246,0.42345167518818116,0.3569623205831658,0.17239230148742274,0.18987218827683355,0.0,0.0,0.0,0.0,0.0,0.0,0.0,0.0,0.0,0.0,0.0,0.0,0.0,0.0,0.0,0.0,0.0,0.0,0.0,0.0,0.0,0.0,0.0,0.0,0.0,0.0,0.0,0.0,0.0,0.0,0.0,0.0,0.0,0.0,0.0,0.0,0.0,0.0
hai,0.011473181375628297,0.04057909097133317,0.03502024306532139,0.05543295158047924,0.01992335608678363,0.06955834009905398,0.1601447951768838,0.06613831871365096,0.09159183457420712,0.2967811957221117,0.0,0.0,0.0,0.0033783269141953506,0.0005686612237046809,0.0010561150364868203,0.00047381480538522506,0.0,0.0,0.0,0.0,0.0,0.0,0.0,0.0,0.0,0.0,0.0,0.0,0.0,0.0,0.0,0.0,0.0,0.0,0.0,0.0,0.0,0.0,0.0,0.0,0.0,0.0,0.0,0.0,0.0,0.0,0.0,0.0,0.0
hbz,0.1249493027452983,0.18521959282962144,0.5002537120677604,0.601591547261558,0.6917118739850455,0.6964355794953135,0.7553591310441017,0.33176866653155057,0.04131584539541487,0.0,0.0,0.0,0.0,0.0,0.0,0.0,0.0,0.0,0.0,0.0,0.0,0.0,0.0,0.0,0.0,0.0,0.0,0.0,0.0,0.0,0.0,0.0,0.0,0.0,0.0,0.0,0.0,0.0,0.0,0.0,0.0,0.0,0.0,0.0,0.0,0.0,0.0,0.0,0.0,0.0
hcm,0.05630640503446348,0.042951729796250906,0.1310309102836485,0.17351204407638401,0.3054248720572743,0.3455498116336246,0.29311891458651823,0.3063384856301858,0.3295918154612648,0.332856959213962,0.1811579279128416,0.21640540374800776,0.0,0.0,0.0,0.0,0.0,0.0,0.0,0.0,0.0,0.0,0.0,0.0,0.0,0.0,0.0,0.0,0.0,0.0,0.0,0.0,0.0,0.0,0.0,0.0,0.0,0.0,0.0,0.0,0.0,0.0,0.0,0.0,0.0,0.0,0.0,0.0,0.0,0.0
hja,0.01722897797778053,0.016201943197738336,0.03755497898987769,0.13452435920657788,0.1997787887521182,0.12951431790612905,0.2815818283661236,0.0,0.0,0.003796125275792256,0.0031375961315226793,0.0028329663965469044,0.002664335753495649,0.003035248607013537,0.0,0.0,0.0,0.0,0.0,0.0,0.0,0.0,0.0,0.0,0.0,0.0,0.0,0.0,0.0,0.0,0.0,0.0,0.0,0.0,0.0,0.0,0.0,0.0,0.0,0.0,0.0,0.0,0.0,0.0,0.0,0.0,0.0,0.0,0.0,0.0
i12,0.03385962872391542,0.01898665796846201,0.0356905984218361,0.15345656318961517,0.3595686768017353,0.3006054528274721,0.13620508601826936,0.045551717235714835,0.02270010825587571,0.015956250214149946,0.02640271240100252,0.034152074874009716,0.0,0.0,0.0,0.0,0.0,0.0,0.0,0.0,0.0,0.0,0.0,0.0,0.0,0.0,0.0,0.0,0.0,0.0,0.0,0.0,0.0,0.0,0.0,0.0,0.0,0.0,0.0,0.0,0.0,0.0,0.0,0.0,0.0,0.0,0.0,0.0,0.0,0.0
ia5,0.009094543799953439,0.04284487833478001,0.24205499228722352,0.18316887991836195,0.1025085396876561,0.05918846914260542,0.014973402225739844,0.007521824577257934,0.0007128002851607361,0.002112397359491162,0.004666923351693568,0.009614244780862662,0.0013111668442860427,0.001933022190207594,0.0,0.0,0.0,0.0,0.0,0.0,0.0,0.0,0.0,0.0,0.0,0.0,0.0,0.0,0.0,0.0,0.0,0.0,0.0,0.0,0.0,0.0,0.0,0.0,0.0,0.0,0.0,0.0,0.0,0.0,0.0,0.0,0.0,0.0,0.0,0.0
iiy,0.15138219737304953,0.29064031359799497,0.4572066978124951,0.4903809478481611,0.7213280658287167,0.7656228490385134,0.7455766669942689,0.14545395997091867,0.036866243202914595,0.0,0.0,0.0,0.0,0.0,0.0,0.0,0.0,0.0,0.0,0.0,0.0,0.0,0.0,0.0,0.0,0.0,0.0,0.0,0.0,0.0,0.0,0.0,0.0,0.0,0.0,0.0,0.0,0.0,0.0,0.0,0.0,0.0,0.0,0.0,0.0,0.0,0.0,0.0,0.0,0.0
ij5,0.18440271195700772,0.20271341918680905,0.4263583873344327,0.5206843377747076,0.7566996177479585,0.7899135269168323,0.7222159214344337,0.038051595824645894,0.039270977084866196,0.0,0.0,0.0,0.0,0.0,0.0,0.0,0.0,0.0,0.0,0.0,0.0,0.0,0.0,0.0,0.0,0.0,0.0,0.0,0.0,0.0,0.0,0.0,0.0,0.0,0.0,0.0,0.0,0.0,0.0,0.0,0.0,0.0,0.0,0.0,0.0,0.0,0.0,0.0,0.0,0.0
ik8,0.13619849379244378,0.19831399415829748,0.40496683479229245,0.44362306332756785,0.5650227380671491,0.6334208274080668,0.6712571961235687,0.06277976270887696,0.052730294644879085,0.0,0.0,0.0,0.0,0.0,0.0,0.0,0.0,0.0,0.0,0.0,0.0,0.0,0.0,0.0,0.0,0.0,0.0,0.0,0.0,0.0,0.0,0.0,0.0,0.0,0.0,0.0,0.0,0.0,0.0,0.0,0.0,0.0,0.0,0.0,0.0,0.0,0.0,0.0,0.0,0.0
iqt,0.1901055907832768,0.12854010300880858,0.13410585110606701,0.10958106237921046,0.09764263079122612,0.08025327211712266,0.10766728744927827,0.05134592913715253,0.016450903617804363,0.009125018399990237,0.011451037869679223,0.0,0.0007995079088336171,0.0008504434025243608,0.0009623902554225086,0.001175712359901266,0.0026125342746155644,0.0015171118767544646,0.001578899827216564,0.0,0.0,0.0,0.0,0.0,0.0,0.0,0.0,0.0,0.0,0.0,0.0,0.0,0.0,0.0,0.0,0.0,0.0,0.0,0.0,0.0,0.0,0.0,0.0,0.0,0.0,0.0,0.0,0.0,0.0,0.0
ish,0.15265787481012866,0.26820782387244524,0.4426965980470024,0.48173164716358485,0.7468735756235143,0.7688913690400573,0.7368408897125058,0.04225206100381693,0.04030187730590271,0.0,0.0,0.0,0.0,0.0,0.0,0.0,0.0,0.0,0.0,0.0,0.0,0.0,0.0,0.0,0.0,0.0,0.0,0.0,0.0,0.0,0.0,0.0,0.0,0.0,0.0,0.0,0.0,0.0,0.0,0.0,0.0,0.0,0.0,0.0,0.0,0.0,0.0,0.0,0.0,0.0
ix1,0.03298658525991678,0.054740302920522114,0.07426753513960052,0.053945074397807366,0.07822655826884435,0.10318461016730808,0.15317189805895126,0.015679941111504798,0.010245216212192666,0.007653916611318692,0.0,0.0,0.0,0.000398165545076882,0.0003813222527594432,0.0007050836993219131,0.0022174825710767365,0.0010838256901404544,0.00021765657657983305,0.0,0.0,0.0,0.0,0.0,0.0,0.0,0.0,0.0,0.0,0.0,0.0,0.0,0.0,0.0,0.0,0.0,0.0,0.0,0.0,0.0,0.0,0.0,0.0,0.0,0.0,0.0,0.0,0.0,0.0,0.0
j8q,0.09498869164494841,0.14843548488775457,0.3503279320911973,0.46560728609900565,0.6627606976764364,0.585526758547069,0.6221811820059262,0.054260792471310604,0.051273321977397465,0.0,0.0,0.0,0.0,0.0,0.0,0.0,0.0,0.0,0.0,0.0,0.0,0.0,0.0,0.0,0.0,0.0,0.0,0.0,0.0,0.0,0.0,0.0,0.0,0.0,0.0,0.0,0.0,0.0,0.0,0.0,0.0,0.0,0.0,0.0,0.0,0.0,0.0,0.0,0.0,0.0
jkq,0.03912447016844562,0.022046368173659375,0.04039585891471363,0.21705173004766035,0.281379820981921,0.29531198354321336,0.10651942242626442,0.07221270576956887,0.02032593417640896,0.01328336329817476,0.020769893407762995,0.04218024727831354,0.0,0.0,0.0,0.0,0.0,0.0,0.0,0.0,0.0,0.0,0.0,0.0,0.0,0.0,0.0,0.0,0.0,0.0,0.0,0.0,0.0,0.0,0.0,0.0,0.0,0.0,0.0,0.0,0.0,0.0,0.0,0.0,0.0,0.0,0.0,0.0,0.0,0.0
jl4,0.0337459639838249,0.02466033131892499,0.04720149605512726,0.27136297856825503,0.3326311317706725,0.2984844689216829,0.10461676775590616,0.07341667256776686,0.020508002458700804,0.01564412624221405,0.023465021483574815,0.04032527411557964,0.0,0.0,0.0,0.0,0.0,0.0,0.0,0.0,0.0,0.0,0.0,0.0,0.0,0.0,0.0,0.0,0.0,0.0,0.0,0.0,0.0,0.0,0.0,0.0,0.0,0.0,0.0,0.0,0.0,0.0,0.0,0.0,0.0,0.0,0.0,0.0,0.0,0.0
joc,0.11136442736067959,0.13160344933109633,0.25432319939634995,0.22332653822184176,0.7566296379623043,0.717472262604239,0.356700690849224,0.017323450493343932,0.02371843250378328,0.0,0.0,0.0,0.0,0.0,0.0,0.0,0.0,0.0,0.0,0.0,0.0,0.0,0.0,0.0,0.0,0.0,0.0,0.0,0.0,0.0,0.0,0.0,0.0,0.0,0.0,0.0,0.0,0.0,0.0,0.0,0.0,0.0,0.0,0.0,0.0,0.0,0.0,0.0,0.0,0.0
jqc,0.12721404685548582,0.14562615112540156,0.4315964298923214,0.4897223102204788,0.5108600443003161,0.51389589841,0.5916823183904408,0.5302082361025292,0.6255138272556999,0.5950809507461837,0.5393975037827367,0.0,0.0,0.0,0.0,0.0,0.0,0.0,0.0,0.0,0.0,0.0,0.0,0.0,0.0,0.0,0.0,0.0,0.0,0.0,0.0,0.0,0.0,0.0,0.0,0.0,0.0,0.0,0.0,0.0,0.0,0.0,0.0,0.0,0.0,0.0,0.0,0.0,0.0,0.0
k4x,0.1140943532466883,0.15748408622594043,0.3154382050570258,0.4766269645197091,0.6744550435845384,0.6622087752574018,0.7336553120706624,0.0910179200799235,0.05379737971971227,0.0,0.0,0.0,0.0,0.0,0.0,0.0,0.0,0.0,0.0,0.0,0.0,0.0,0.0,0.0,0.0,0.0,0.0,0.0,0.0,0.0,0.0,0.0,0.0,0.0,0.0,0.0,0.0,0.0,0.0,0.0,0.0,0.0,0.0,0.0,0.0,0.0,0.0,0.0,0.0,0.0
ka6,0.03488914989090809,0.05766661972441956,0.14570365324036258,0.15129725257275986,0.3093256290670126,0.3680033880830911,0.26469241386908055,0.25428347556434056,0.2766873305766888,0.4009608316833135,0.2474571101012172,0.2523053269537443,0.0,0.0,0.0,0.0,0.0,0.0,0.0,0.0,0.0,0.0,0.0,0.0,0.0,0.0,0.0,0.0,0.0,0.0,0.0,0.0,0.0,0.0,0.0,0.0,0.0,0.0,0.0,0.0,0.0,0.0,0.0,0.0,0.0,0.0,0.0,0.0,0.0,0.0
kab,0.18984015419194147,0.12852904964231937,0.1341709204164018,0.10964363192555673,0.09761614203225896,0.08030451363971415,0.10769222677405432,0.051396188064046264,0.016454278278335555,0.009124382590660236,0.011452520799924053,0.0,0.000799614517639941,0.0008513507044369213,0.000962830764038112,0.0011755696894885366,0.0026127597586095433,0.0015170923691863215,0.001578917208855987,0.0,0.0,0.0,0.0,0.0,0.0,0.0,0.0,0.0,0.0,0.0,0.0,0.0,0.0,0.0,0.0,0.0,0.0,0.0,0.0,0.0,0.0,0.0,0.0,0.0,0.0,0.0,0.0,0.0,0.0,0.0
kbo,0.02568779343209656,0.017101728117607184,0.05471637661779055,0.13643897556620485,0.30244603412693366,0.24427543034471516,0.08998113855504225,0.39231268492189714,0.06790783000674863,0.07056760475289867,0.0,0.0,0.0,0.006439916668737803,0.0016648874549044968,0.00163122871418504,0.0015922133576409796,0.0023534545182602204,0.0,0.0,0.0,0.0,0.0,0.0,0.0,0.0,0.0,0.0,0.0,0.0,0.0,0.0,0.0,0.0,0.0,0.0,0.0,0.0,0.0,0.0,0.0,0.0,0.0,0.0,0.0,0.0,0.0,0.0,0.0,0.0
kbq,0.03384481489950639,0.050678070145572233,0.16775558377910013,0.1794367643674339,0.2940989012461255,0.3438783250000404,0.24056507068700667,0.2804773015992006,0.25133336679796575,0.6307485466829343,0.0,0.0,0.0,0.0,0.0,0.0,0.0,0.0,0.0,0.0,0.0,0.0,0.0,0.0,0.0,0.0,0.0,0.0,0.0,0.0,0.0,0.0,0.0,0.0,0.0,0.0,0.0,0.0,0.0,0.0,0.0,0.0,0.0,0.0,0.0,0.0,0.0,0.0,0.0,0.0
kbu,0.06248257831507626,0.07500517063092318,0.16908940490740582,0.1936618027846618,0.29252196931138313,0.3446671224783799,0.320101969668609,0.3438768599152788,0.374768989316352,0.41221833575081246,0.25171647257394614,0.3597811483106051,0.0,0.0,0.0,0.0,0.0,0.0,0.0,0.0,0.0,0.0,0.0,0.0,0.0,0.0,0.0,0.0,0.0,0.0,0.0,0.0,0.0,0.0,0.0,0.0,0.0,0.0,0.0,0.0,0.0,0.0,0.0,0.0,0.0,0.0,0.0,0.0,0.0,0.0
kfp,0.02797978491667908,0.039032585585392784,0.041516720394777794,0.2699715167540306,0.3570475683650657,0.6396984340449869,0.3921938825111384,0.10049715403826108,0.07920050367768798,0.05990598701721673,0.011918032739704206,0.0,0.009936381727855917,0.0022409282743710963,0.002016020340419159,0.001926007208124323,0.002833802785174119,0.004042575688263497,0.0,0.0,0.0,0.0,0.0,0.0,0.0,0.0,0.0,0.0,0.0,0.0,0.0,0.0,0.0,0.0,0.0,0.0,0.0,0.0,0.0,0.0,0.0,0.0,0.0,0.0,0.0,0.0,0.0,0.0,0.0,0.0
kgl,0.15377896826991577,0.1696481506722269,0.4011687464350065,0.5596375355276434,0.7114110467790304,0.7942975044699131,0.7060535584858351,0.9061273164802852,0.039825902234546504,0.043115714171855966,0.0,0.0,0.0,0.0,0.0,0.0,0.0,0.0,0.0,0.0,0.0,0.0,0.0,0.0,0.0,0.0,0.0,0.0,0.0,0.0,0.0,0.0,0.0,0.0,0.0,0.0,0.0,0.0,0.0,0.0,0.0,0.0,0.0,0.0,0.0,0.0,0.0,0.0,0.0,0.0
kkn,0.09694589827326855,0.2198166798728549,0.7838569449372225,0.8935752448810346,0.8847542839915907,0.8490638255741677,0.8435366691684554,0.8704827599889557,0.7345754259741735,0.5958908056694576,0.5219692839549405,0.0,0.0,0.0,0.0,0.0,0.0,0.0,0.0,0.0,0.0,0.0,0.0,0.0,0.0,0.0,0.0,0.0,0.0,0.0,0.0,0.0,0.0,0.0,0.0,0.0,0.0,0.0,0.0,0.0,0.0,0.0,0.0,0.0,0.0,0.0,0.0,0.0,0.0,0.0
kko,0.09503188950761154,0.19223012918420782,0.36783716200313116,0.4992918499675694,0.6857033672797958,0.5885675158763994,0.6233517674815096,0.05421177164085274,0.050401885719385524,0.0,0.0,0.0,0.0,0.0,0.0,0.0,0.0,0.0,0.0,0.0,0.0,0.0,0.0,0.0,0.0,0.0,0.0,0.0,0.0,0.0,0.0,0.0,0.0,0.0,0.0,0.0,0.0,0.0,0.0,0.0,0.0,0.0,0.0,0.0,0.0,0.0,0.0,0.0,0.0,0.0
kmv,0.10407957904040567,0.21147839592242848,0.28280834933424787,0.6059495572761168,0.5253172505675983,0.6345046171218889,0.8555171707313888,0.9187882272176866,0.9108161373173406,0.0,0.0,0.0,0.0,0.0,0.0,0.0,0.0,0.0,0.0,0.0,0.0,0.0,0.0,0.0,0.0,0.0,0.0,0.0,0.0,0.0,0.0,0.0,0.0,0.0,0.0,0.0,0.0,0.0,0.0,0.0,0.0,0.0,0.0,0.0,0.0,0.0,0.0,0.0,0.0,0.0
kop,0.12477697756640721,0.16101706250943745,0.3861893922725429,0.5179098492614037,0.6040348656357707,0.5481821728020574,0.6488722585794281,0.046394156095983345,0.05464789974184286,0.0,0.0,0.0,0.0,0.0,0.0,0.0,0.0,0.0,0.0,0.0,0.0,0.0,0.0,0.0,0.0,0.0,0.0,0.0,0.0,0.0,0.0,0.0,0.0,0.0,0.0,0.0,0.0,0.0,0.0,0.0,0.0,0.0,0.0,0.0,0.0,0.0,0.0,0.0,0.0,0.0
l9r,0.05376972259496561,0.05915362956348031,0.16244522888690152,0.19584648302184546,0.3090722550152888,0.382024078361772,0.32359970801164223,0.3470731752354276,0.40396678198502917,0.36813762160294905,0.15147717966613014,0.256411283835389,0.0,0.0,0.0,0.0,0.0,0.0,0.0,0.0,0.0,0.0,0.0,0.0,0.0,0.0,0.0,0.0,0.0,0.0,0.0,0.0,0.0,0.0,0.0,0.0,0.0,0.0,0.0,0.0,0.0,0.0,0.0,0.0,0.0,0.0,0.0,0.0,0.0,0.0
l9v,0.11356657528896903,0.09411924125387187,0.09782764710427054,0.3705347236891108,0.3981311855891549,0.325595999184783,0.4283275396602973,0.47356636133926683,0.22676663381499976,0.17286955477640242,0.1687366769827166,0.0,0.0,0.0,0.0,0.0,0.0,0.0,0.0,0.0,0.0,0.0,0.0,0.0,0.0,0.0,0.0,0.0,0.0,0.0,0.0,0.0,0.0,0.0,0.0,0.0,0.0,0.0,0.0,0.0,0.0,0.0,0.0,0.0,0.0,0.0,0.0,0.0,0.0,0.0
lap,0.19006680054869743,0.12853295164965356,0.13410277796440112,0.10957154280098776,0.09764700175427748,0.0802533973374675,0.10765315549959992,0.05135267069972953,0.016452012972354463,0.00912541555795912,0.011450957912266985,0.0,0.0007995714738514311,0.0008505247462371686,0.0009623843810271989,0.001175576367857285,0.0026129748962664175,0.0015170386837420919,0.001578911715513673,0.0,0.0,0.0,0.0,0.0,0.0,0.0,0.0,0.0,0.0,0.0,0.0,0.0,0.0,0.0,0.0,0.0,0.0,0.0,0.0,0.0,0.0,0.0,0.0,0.0,0.0,0.0,0.0,0.0,0.0,0.0
ldx,0.13623845466688167,0.11506378453079115,0.16442800578647257,0.04105329918925343,0.11367230788386702,0.056271917156030554,0.010369455419408657,0.00738597246587063,0.008731455008765179,0.0022293233945868073,0.0008120519149986353,0.0,0.0,0.0,0.0010569365226970467,0.0007233031127743478,0.0016703046825553586,0.001637462187866916,0.0007828789998237636,0.0,0.0,0.0,0.0,0.0,0.0,0.0,0.0,0.0,0.0,0.0,0.0,0.0,0.0,0.0,0.0,0.0,0.0,0.0,0.0,0.0,0.0,0.0,0.0,0.0,0.0,0.0,0.0,0.0,0.0,0.0
lkm,0.12526075979521803,0.09532195453774871,0.19193555399342174,0.4521343579267478,0.44069258838165015,0.40201930085883847,0.6108974596183758,0.7130242424035761,0.7100753754072205,0.059706324541620344,0.03540408551680195,0.0732624007037499,0.0,0.0,0.0,0.0,0.0,0.0,0.0,0.0,0.0,0.0,0.0,0.0,0.0,0.0,0.0,0.0,0.0,0.0,0.0,0.0,0.0,0.0,0.0,0.0,0.0,0.0,0.0,0.0,0.0,0.0,0.0,0.0,0.0,0.0,0.0,0.0,0.0,0.0
lol,0.06301006142720111,0.16989727890198472,0.6476288982423191,0.5781330099085656,0.5909501510950103,0.7783824977617814,0.522986501021197,0.0,0.042971099349477244,0.0,0.0,0.0,0.0,0.0,0.0,0.0,0.0,0.0,0.0,0.0,0.0,0.0,0.0,0.0,0.0,0.0,0.0,0.0,0.0,0.0,0.0,0.0,0.0,0.0,0.0,0.0,0.0,0.0,0.0,0.0,0.0,0.0,0.0,0.0,0.0,0.0,0.0,0.0,0.0,0.0
lpx,0.07443727750484716,0.06415011769920256,0.1226255316907706,0.09155830241792563,0.10379765832180142,0.11916967310449383,0.12949465127602625,0.012543640142622227,0.013580728086910418,0.00733550834318121,0.0,0.0,0.0,0.0011799640217118345,0.0006783127116902282,0.0010218128520729198,0.004248243505744233,0.0013937311010010299,0.0006124839945730666,0.0,0.0,0.0,0.0,0.0,0.0,0.0,0.0,0.0,0.0,0.0,0.0,0.0,0.0,0.0,0.0,0.0,0.0,0.0,0.0,0.0,0.0,0.0,0.0,0.0,0.0,0.0,0.0,0.0,0.0,0.0
lrh,0.1293769894459896,0.093846188978333,0.11347481422779392,0.16199431096614128,0.23754062689552854,0.19434210310813388,0.22374913038918515,0.22618786597699486,0.13919270975790096,0.02487546294813856,0.0,0.0,0.0016356804651170426,0.0023592281187032453,0.0024733899191480163,0.002487622055593487,0.0027430560565806987,0.002146037644179254,0.0,0.0,0.0,0.0,0.0,0.0,0.0,0.0,0.0,0.0,0.0,0.0,0.0,0.0,0.0,0.0,0.0,0.0,0.0,0.0,0.0,0.0,0.0,0.0,0.0,0.0,0.0,0.0,0.0,0.0,0.0,0.0
lxk,0.10958217663595345,0.28933272586996733,0.4148274924925284,0.5532308372389446,0.7658646396719229,0.6800627235177686,0.5645953151569008,0.9283565287813531,0.027046670405689758,0.0,0.0,0.0,0.0,0.0,0.0,0.0,0.0,0.0,0.0,0.0,0.0,0.0,0.0,0.0,0.0,0.0,0.0,0.0,0.0,0.0,0.0,0.0,0.0,0.0,0.0,0.0,0.0,0.0,0.0,0.0,0.0,0.0,0.0,0.0,0.0,0.0,0.0,0.0,0.0,0.0
m0v,0.0389583975609594,0.03833309394769994,0.0801371486202011,0.21212873291298992,0.42386701743789107,0.3910570802090405,0.1901681196642304,0.05408708253935015,0.03780604368935632,0.030351277359851884,0.026017779676376362,0.026962584085490977,0.020281814513514566,0.0,0.0,0.0,0.0,0.0,0.0,0.0,0.0,0.0,0.0,0.0,0.0,0.0,0.0,0.0,0.0,0.0,0.0,0.0,0.0,0.0,0.0,0.0,0.0,0.0,0.0,0.0,0.0,0.0,0.0,0.0,0.0,0.0,0.0,0.0,0.0,0.0
mde,0.01852223673363633,0.008313832361651896,0.013399313115400704,0.1279207016436647,0.35810122510723275,0.23775357790991664,0.2322408954357988,0.047225896273139105,0.007107967641273939,0.0020768887840417797,0.0014671592014723642,0.0008385966976733567,0.002984075355874937,0.003496865904793959,0.001969729007578052,0.0009980472081943814,0.002337854227266918,0.0001645052238017503,0.0007697937680420368,0.0006895431758060749,0.0007856763980254375,0.0009578753030107564,0.000632167844711943,0.0,0.0,0.0,0.0,0.0,0.0,0.0,0.0,0.0,0.0,0.0,0.0,0.0,0.0,0.0,0.0,0.0,0.0,0.0,0.0,0.0,0.0,0.0,0.0,0.0,0.0,0.0
mfs,0.0272559708988415,0.014591939615330361,0.02553053544427833,0.0991859713678024,0.29495005617703907,0.32630533490385666,0.2950194356446462,0.09045781259087946,0.020768004275555946,0.01718441198348531,0.03146431671979433,0.0,0.0,0.0,0.0,0.0,0.0,0.0,0.0,0.0,0.0,0.0,0.0,0.0,0.0,0.0,0.0,0.0,0.0,0.0,0.0,0.0,0.0,0.0,0.0,0.0,0.0,0.0,0.0,0.0,0.0,0.0,0.0,0.0,0.0,0.0,0.0,0.0,0.0,0.0
mq1,0.06980492520487444,0.17685687121671206,0.08935612137266742,0.8230954801191075,0.7681755404968941,0.1843774089112265,0.0,0.0,0.0,0.0,0.0,0.0,0.0,0.0,0.0,0.0,0.0,0.0,0.0,0.0,0.0,0.0,0.0,0.0,0.0,0.0,0.0,0.0,0.0,0.0,0.0,0.0,0.0,0.0,0.0,0.0,0.0,0.0,0.0,0.0,0.0,0.0,0.0,0.0,0.0,0.0,0.0,0.0,0.0,0.0
mtn,0.14076160492997034,0.1927206519709677,0.39644958460161617,0.46005132398136456,0.5346644417694252,0.6116249161215074,0.6450145025440789,0.08761206208383295,0.08031115291269031,0.0,0.0,0.0,0.0,0.0,0.0,0.0,0.0,0.0,0.0,0.0,0.0,0.0,0.0,0.0,0.0,0.0,0.0,0.0,0.0,0.0,0.0,0.0,0.0,0.0,0.0,0.0,0.0,0.0,0.0,0.0,0.0,0.0,0.0,0.0,0.0,0.0,0.0,0.0,0.0,0.0
my9,0.22003550654309872,0.11810117314669276,0.11680053530890543,0.08361850393627236,0.08187493490668528,0.08584260858361051,0.0867995206759438,0.04685117017671955,0.014021032412500786,0.006664853271110922,0.0,0.0,0.0,0.00031029459279128434,0.0007724725062036533,0.0013101567898474579,0.002148863764993622,0.0015133686328583779,0.0015246906924751772,0.0,0.0,0.0,0.0,0.0,0.0,0.0,0.0,0.0,0.0,0.0,0.0,0.0,0.0,0.0,0.0,0.0,0.0,0.0,0.0,0.0,0.0,0.0,0.0,0.0,0.0,0.0,0.0,0.0,0.0,0.0
n27,0.12503589675082075,0.08587904456183683,0.08451438476400158,0.14600052952237677,0.48072692945525797,0.6480905552778615,0.74799543591034,0.6139030133398857,0.17655668151572074,0.019083909627910164,0.018614478737461013,0.01875581121522332,0.00895278909293609,0.0035943349090088645,0.0021523075250479383,0.0016780618862219294,0.002384224050396951,0.005162938760810183,0.007629892057238374,0.00847135513839453,0.002619136998605035,0.0032878946844135688,0.0030561112299667347,0.0,0.0,0.0,0.0,0.0,0.0,0.0,0.0,0.0,0.0,0.0,0.0,0.0,0.0,0.0,0.0,0.0,0.0,0.0,0.0,0.0,0.0,0.0,0.0,0.0,0.0,0.0
nhq,0.12189403848697428,0.1273589000157995,0.24137918854429188,0.29930365276434673,0.7229710523799013,0.6818547869079284,0.5823915339597006,0.038314584792580354,0.04031203223889835,0.0,0.0,0.0,0.0,0.0,0.0,0.0,0.0,0.0,0.0,0.0,0.0,0.0,0.0,0.0,0.0,0.0,0.0,0.0,0.0,0.0,0.0,0.0,0.0,0.0,0.0,0.0,0.0,0.0,0.0,0.0,0.0,0.0,0.0,0.0,0.0,0.0,0.0,0.0,0.0,0.0
nig,0.10185462298983994,0.15980782820396117,0.4196575883846694,0.5455977010304801,0.7621101358518836,0.7728335456221327,0.7118290976385167,0.09570857683268304,0.0363586290071993,0.0,0.0,0.0,0.0,0.0,0.0,0.0,0.0,0.0,0.0,0.0,0.0,0.0,0.0,0.0,0.0,0.0,0.0,0.0,0.0,0.0,0.0,0.0,0.0,0.0,0.0,0.0,0.0,0.0,0.0,0.0,0.0,0.0,0.0,0.0,0.0,0.0,0.0,0.0,0.0,0.0
nip,0.09437236501558119,0.18905582893379644,0.37575022501839805,0.4947161161064159,0.6804175313723444,0.5955645509409917,0.6243307264854889,0.05411891649766975,0.05048329834979827,0.0,0.0,0.0,0.0,0.0,0.0,0.0,0.0,0.0,0.0,0.0,0.0,0.0,0.0,0.0,0.0,0.0,0.0,0.0,0.0,0.0,0.0,0.0,0.0,0.0,0.0,0.0,0.0,0.0,0.0,0.0,0.0,0.0,0.0,0.0,0.0,0.0,0.0,0.0,0.0,0.0
nua,0.04897214450126098,0.04787808830980882,0.07503077373788716,0.13249947740320767,0.17389244571306922,0.20933514438819809,0.3809814531162969,0.061770270654614365,0.007678836978553125,0.026860938839697483,0.0606937978628055,0.008250138289746136,0.0030250166545453447,0.0,0.0,0.0,0.0,0.0,0.0,0.0,0.0,0.0,0.0,0.0,0.0,0.0,0.0,0.0,0.0,0.0,0.0,0.0,0.0,0.0,0.0,0.0,0.0,0.0,0.0,0.0,0.0,0.0,0.0,0.0,0.0,0.0,0.0,0.0,0.0,0.0
o5q,0.16205601923276744,0.10340722486917778,0.17231082708662707,0.18592542117114041,0.2818516455650703,0.3856896531499565,0.3014358684873591,0.4591684980573789,0.47042082835970067,0.2766873155539783,0.34202331857171475,0.0,0.0,0.0,0.0,0.0,0.0,0.0,0.0,0.0,0.0,0.0,0.0,0.0,0.0,0.0,0.0,0.0,0.0,0.0,0.0,0.0,0.0,0.0,0.0,0.0,0.0,0.0,0.0,0.0,0.0,0.0,0.0,0.0,0.0,0.0,0.0,0.0,0.0,0.0
oi6,0.1999962599456826,0.21585985296640417,0.35075787156718286,0.5152357535013774,0.5228399643698597,0.5240405278905793,0.5516661035929024,0.5788233791999225,0.5307958716594715,0.5512356407564362,0.3996991037265646,0.45440473359495004,0.0,0.0,0.0,0.0,0.0,0.0,0.0,0.0,0.0,0.0,0.0,0.0,0.0,0.0,0.0,0.0,0.0,0.0,0.0,0.0,0.0,0.0,0.0,0.0,0.0,0.0,0.0,0.0,0.0,0.0,0.0,0.0,0.0,0.0,0.0,0.0,0.0,0.0
opo,0.03876568086556215,0.11637380912761106,0.1522635727409329,0.11600373631425571,0.18255273740677963,0.6696441758163714,0.8451182186094911,0.0,0.0,0.0,0.0,0.0,0.0,0.0,0.0,0.0,0.0,0.0,0.0,0.0,0.0,0.0,0.0,0.0,0.0,0.0,0.0,0.0,0.0,0.0,0.0,0.0,0.0,0.0,0.0,0.0,0.0,0.0,0.0,0.0,0.0,0.0,0.0,0.0,0.0,0.0,0.0,0.0,0.0,0.0
p9u,0.06348478516859164,0.29027320634969983,0.4818864667205586,0.4601838545629005,0.7116675495551982,0.7560012880415832,0.7344762649764682,0.0,0.03180970575873622,0.0,0.0,0.0,0.0,0.0,0.0,0.0,0.0,0.0,0.0,0.0,0.0,0.0,0.0,0.0,0.0,0.0,0.0,0.0,0.0,0.0,0.0,0.0,0.0,0.0,0.0,0.0,0.0,0.0,0.0,0.0,0.0,0.0,0.0,0.0,0.0,0.0,0.0,0.0,0.0,0.0
pa1,0.12513422653592346,0.33325795958793525,0.4057554786408638,0.49488401680545885,0.7568317194482589,0.6958111062179974,0.6814508169613769,0.06694979823643055,0.02989148503993095,0.0,0.0,0.0,0.0,0.0,0.0,0.0,0.0,0.0,0.0,0.0,0.0,0.0,0.0,0.0,0.0,0.0,0.0,0.0,0.0,0.0,0.0,0.0,0.0,0.0,0.0,0.0,0.0,0.0,0.0,0.0,0.0,0.0,0.0,0.0,0.0,0.0,0.0,0.0,0.0,0.0
pbz,0.31115011130086967,0.21243273910766328,0.287908632082673,0.4156506383118525,0.5072201471718881,0.47469403165657625,0.6154756750952599,0.7822923108505601,0.7361901094754962,0.06653554361855328,0.06770306224177348,0.042518450184853236,0.02605012086467185,0.022095274035671356,0.0,0.0,0.0,0.0,0.0,0.0,0.0,0.0,0.0,0.0,0.0,0.0,0.0,0.0,0.0,0.0,0.0,0.0,0.0,0.0,0.0,0.0,0.0,0.0,0.0,0.0,0.0,0.0,0.0,0.0,0.0,0.0,0.0,0.0,0.0,0.0
pe2,0.03356705555893906,0.11381360510535823,0.3094632589579605,0.50127168143348,0.45402432837688106,0.3459085151684971,0.0,0.0,0.0,0.0,0.0,0.0,0.0,0.0,0.0,0.0,0.0,0.0,0.0,0.0,0.0,0.0,0.0,0.0,0.0,0.0,0.0,0.0,0.0,0.0,0.0,0.0,0.0,0.0,0.0,0.0,0.0,0.0,0.0,0.0,0.0,0.0,0.0,0.0,0.0,0.0,0.0,0.0,0.0,0.0
pg8,0.06156902942580184,0.08942081782659686,0.1292099815315819,0.0999909386985428,0.13889317020423433,0.1612827031502088,0.1299365446958507,0.04812546684340248,0.01938873360800733,0.010047589769907127,0.0,0.0,0.0006532485015064804,0.0009544782382092876,0.0014011883347943058,0.0007825260135141214,0.0033870622720920352,0.0027824841799934438,0.0005950751057515253,0.0,0.0,0.0,0.0,0.0,0.0,0.0,0.0,0.0,0.0,0.0,0.0,0.0,0.0,0.0,0.0,0.0,0.0,0.0,0.0,0.0,0.0,0.0,0.0,0.0,0.0,0.0,0.0,0.0,0.0,0.0
pql,0.5225077118428028,0.478058543925626,0.43944644404762584,0.5432728017141666,0.6638520682920107,0.6547705553562644,0.8016875355775862,0.8561249072459812,0.0,0.0,0.0,0.0,0.0,0.0,0.0,0.0,0.0,0.0,0.0,0.0,0.0,0.0,0.0,0.0,0.0,0.0,0.0,0.0,0.0,0.0,0.0,0.0,0.0,0.0,0.0,0.0,0.0,0.0,0.0,0.0,0.0,0.0,0.0,0.0,0.0,0.0,0.0,0.0,0.0,0.0
pwr,0.16400977568092448,0.15086696232778993,0.2949911342670967,0.5041610834078114,0.4987610258221851,0.5485620542732048,0.49256779523259075,0.5167895363260933,0.7217627154872199,0.5993658380738909,0.0,0.01587159004735002,0.05335205850453339,0.014937472664419,0.009990024602327641,0.012034282832131524,0.0,0.0,0.0,0.0,0.0,0.0,0.0,0.0,0.0,0.0,0.0,0.0,0.0,0.0,0.0,0.0,0.0,0.0,0.0,0.0,0.0,0.0,0.0,0.0,0.0,0.0,0.0,0.0,0.0,0.0,0.0,0.0,0.0,0.0
qa9,0.6464710152371005,0.7285119879091858,0.540456626195622,0.3199659694050257,0.26470275993365056,0.7292583962613512,0.7982829647575337,0.85464372448212,0.5532387063708392,0.24923304408267613,0.19555335966706386,0.0,0.0,0.0,0.0,0.017604683026364313,0.0,0.0,0.0,0.0,0.0,0.0,0.0,0.0,0.0016010529250271922,0.002035320656415441,0.0,0.0,0.0,0.0,0.0,0.0,0.0,0.0,0.0,0.0,0.0,0.0,0.0,0.0,0.0,0.0,0.0,0.0,0.0,0.0,0.0,0.0,0.0,0.0
qbb,0.12147969602080064,0.023709907364895498,0.7986566665392552,0.7900552011299682,0.7135784422919244,0.6285169928307447,0.7360262656390845,0.8257733763172543,0.982331019672597,0.9981396971732821,0.0,0.0,0.0,0.0,0.0,0.0,0.0,0.0,0.0,0.0,0.0,0.0,0.0,0.0,0.0,0.0,0.0,0.0,0.0,0.0,0.0,0.0,0.0,0.0,0.0,0.0,0.0,0.0,0.0,0.0,0.0,0.0,0.0,0.0,0.0,0.0,0.0,0.0,0.0,0.0
qno,0.140313630615791,0.0862069977711756,0.08920670983759146,0.06990946773151532,0.07739116130286355,0.10166704768997474,0.08701886468786718,0.048700428855430404,0.008379428382269133,0.009853701567854476,0.0,0.0,0.0,0.0004782804532302068,0.000370924244748959,0.0012253908526684164,0.0036645556781960617,0.0015844162609440667,0.0,0.0,0.0,0.0,0.0,0.0,0.0,0.0,0.0,0.0,0.0,0.0,0.0,0.0,0.0,0.0,0.0,0.0,0.0,0.0,0.0,0.0,0.0,0.0,0.0,0.0,0.0,0.0,0.0,0.0,0.0,0.0
qy4,0.048760002626419344,0.03843046132046207,0.07463104854574049,0.15453141627609254,0.803198877806826,0.5560610072876833,0.12133662394896752,0.06894742333066657,0.0,0.0,0.0,0.0,0.0,0.0,0.0,0.0,0.0,0.0,0.0,0.0,0.0,0.0,0.0,0.0,0.0,0.0,0.0,0.0,0.0,0.0,0.0,0.0,0.0,0.0,0.0,0.0,0.0,0.0,0.0,0.0,0.0,0.0,0.0,0.0,0.0,0.0,0.0,0.0,0.0,0.0
r99,0.007016149783832191,0.01722417073671561,0.0852720953711828,0.06983358858989544,0.10421838383707663,0.07875365695884443,0.026612343591623816,0.007697127840649168,0.0011429609154259516,0.0023887225707281416,0.004727914042778913,0.004964516312146383,0.0012780448741907477,0.001799624321547074,0.0,0.0,0.0,0.0,0.0,0.0,0.0,0.0,0.0,0.0,0.0,0.0,0.0,0.0,0.0,0.0,0.0,0.0,0.0,0.0,0.0,0.0,0.0,0.0,0.0,0.0,0.0,0.0,0.0,0.0,0.0,0.0,0.0,0.0,0.0,0.0
rty,0.10819607952291094,0.14886782249315217,0.3063722201935357,0.5142579998217385,0.6224886927369996,0.6026863494213487,0.6215029000685129,0.04523890421995702,0.043151377426813305,0.0,0.0,0.0,0.0,0.0,0.0,0.0,0.0,0.0,0.0,0.0,0.0,0.0,0.0,0.0,0.0,0.0,0.0,0.0,0.0,0.0,0.0,0.0,0.0,0.0,0.0,0.0,0.0,0.0,0.0,0.0,0.0,0.0,0.0,0.0,0.0,0.0,0.0,0.0,0.0,0.0
rwr,0.18857185479253033,0.14700416823512902,0.35828132868182766,0.5813184132768394,0.6420438566077638,0.8685684594405559,0.9145462567442789,0.9252874323549558,0.0,0.0,0.0,0.0,0.0,0.0,0.0,0.0,0.0,0.0,0.0,0.0,0.0,0.0,0.0,0.0,0.0,0.0,0.0,0.0,0.0,0.0,0.0,0.0,0.0,0.0,0.0,0.0,0.0,0.0,0.0,0.0,0.0,0.0,0.0,0.0,0.0,0.0,0.0,0.0,0.0,0.0
sg0,0.3276002536992889,0.5287134086930139,0.29387568658204816,0.12644291031269395,0.16430117565411512,0.395413960762714,0.23669605811486175,0.13739962681226472,0.0728234426167807,0.06570953955289731,0.0950554824904853,0.0,0.0,0.0,0.0,0.0,0.0,0.0,0.0,0.0,0.0,0.0,0.0,0.0,0.0,0.0,0.0,0.0,0.0,0.0,0.0,0.0,0.0,0.0,0.0,0.0,0.0,0.0,0.0,0.0,0.0,0.0,0.0,0.0,0.0,0.0,0.0,0.0,0.0,0.0
skm,0.08404146795077325,0.12128104191066694,0.352857889461307,0.5374009071743902,0.5656929787308521,0.6537685645524576,0.7802363207257121,0.7823208535936147,0.08495465223445155,0.08725592212826074,0.08590564303803715,0.0,0.0,0.0,0.0,0.0,0.0,0.0,0.0,0.0,0.0,0.0,0.0,0.0,0.0,0.0,0.0,0.0,0.0,0.0,0.0,0.0,0.0,0.0,0.0,0.0,0.0,0.0,0.0,0.0,0.0,0.0,0.0,0.0,0.0,0.0,0.0,0.0,0.0,0.0
sqm,0.07711588645129903,0.07311700444159011,0.18157133085435828,0.21037940177253928,0.3544801918589761,0.35996308492649365,0.28628990738635196,0.33162350895717624,0.41148456355607105,0.3997941234949739,0.1697125496446668,0.19886224093824606,0.0,0.0,0.0,0.0,0.0,0.0,0.0,0.0,0.0,0.0,0.0,0.0,0.0,0.0,0.0,0.0,0.0,0.0,0.0,0.0,0.0,0.0,0.0,0.0,0.0,0.0,0.0,0.0,0.0,0.0,0.0,0.0,0.0,0.0,0.0,0.0,0.0,0.0
t0h,0.2711765090805384,0.24994321110381637,0.32257060222911327,0.3727367212776037,0.4976871225240162,0.4805516513458746,0.3193433153847768,0.17261793187367208,0.09950059273992384,0.0910628224182116,0.05911128832851641,0.07171076837114136,0.09152546552686372,0.0,0.0,0.0,0.0,0.0,0.0,0.0,0.0,0.0,0.0,0.0,0.0,0.0,0.0,0.0,0.0,0.0,0.0,0.0,0.0,0.0,0.0,0.0,0.0,0.0,0.0,0.0,0.0,0.0,0.0,0.0,0.0,0.0,0.0,0.0,0.0,0.0
t2c,0.12548610389356177,0.23261980362766474,0.42772223049664654,0.6111807334235694,0.7277340995282237,0.754816909870861,0.7581237023754152,0.4937058994728204,0.06910421266642758,0.0,0.0,0.0,0.0,0.0,0.0,0.0,0.0,0.0,0.0,0.0,0.0,0.0,0.0,0.0,0.0,0.0,0.0,0.0,0.0,0.0,0.0,0.0,0.0,0.0,0.0,0.0,0.0,0.0,0.0,0.0,0.0,0.0,0.0,0.0,0.0,0.0,0.0,0.0,0.0,0.0
tbj,0.08655296517698759,0.06292947440856693,0.13868365758961254,0.19599173549027574,0.2991047067269375,0.33902694887383394,0.25331171730370966,0.24550542631467,0.25356119591132537,0.24878493872280108,0.4826449225989874,0.6383871831646707,0.0,0.0,0.0,0.0,0.0,0.0,0.0,0.0,0.0,0.0,0.0,0.0,0.0,0.0,0.0,0.0,0.0,0.0,0.0,0.0,0.0,0.0,0.0,0.0,0.0,0.0,0.0,0.0,0.0,0.0,0.0,0.0,0.0,0.0,0.0,0.0,0.0,0.0
tka,0.06523335235779275,0.05662436605712147,0.0854459735102524,0.24693426534336374,0.4887359169457785,0.31722157096008047,0.19498924444508006,0.14368546627413123,0.04556945686583118,0.023557694503512906,0.00447079591868589,0.004414211912675085,0.0011546224059732666,0.0018446324886524877,0.008456301284342318,0.001055313770167218,0.0028749646001899735,0.00883238595892069,0.0,0.0,0.0,0.0,0.0,0.0,0.0,0.0,0.0,0.0,0.0,0.0,0.0,0.0,0.0,0.0,0.0,0.0,0.0,0.0,0.0,0.0,0.0,0.0,0.0,0.0,0.0,0.0,0.0,0.0,0.0,0.0
tvf,0.07021991638709228,0.2987481030034103,0.4971720640254412,0.556875275379569,0.5232595827713193,0.514189713502084,0.40826590594721734,0.5293353361442852,0.3744930289850574,0.09559402594280308,0.06540357682181379,0.06616434643562281,0.0,0.0,0.0,0.0,0.0,0.0,0.0,0.0,0.0,0.0,0.000897015893668356,0.0,0.0,0.0,0.0,0.0,0.0,0.0,0.0,0.0,0.0,0.0,0.0,0.0,0.0,0.0,0.0,0.0,0.0,0.0,0.0,0.0,0.0,0.0,0.0,0.0,0.0,0.0
tws,0.0953390852070598,0.08948551521211691,0.19558279046588445,0.3101567931866736,0.5126512069533206,0.6212109630213778,0.5700401766686658,0.42876754328118016,0.1256411800861548,0.13900032190230852,0.07822494601771147,0.09372310522422465,0.08604709525099823,0.0,0.0,0.0,0.0,0.0,0.0,0.0,0.0,0.0,0.0,0.0,0.0,0.0,0.0,0.0,0.0,0.0,0.0,0.0,0.0,0.0,0.0,0.0,0.0,0.0,0.0,0.0,0.0,0.0,0.0,0.0,0.0,0.0,0.0,0.0,0.0,0.0
u0c,0.07071659328838244,0.10367079807829052,0.13028301134252765,0.17718805176811836,0.2313507842514584,0.23270235978825463,0.22268149422623892,0.15664820827352943,0.14860335395582877,0.13155394276811197,0.09389749731003788,0.020073595009269148,0.019210552154774314,0.0,0.0,0.0,0.0,0.0,0.0,0.0,0.0,0.0,0.0,0.0,0.0,0.0,0.0,0.0,0.0,0.0,0.0,0.0,0.0,0.0,0.0,0.0,0.0,0.0,0.0,0.0,0.0,0.0,0.0,0.0,0.0,0.0,0.0,0.0,0.0,0.0
uaz,0.07253846183717705,0.07164842597666109,0.13534191135169965,0.2023317805208331,0.3350746874963034,0.34647921155624634,0.3076932835507274,0.34871639687850425,0.3998533587322267,0.3731072794556563,0.22510463025329772,0.37404947964748536,0.0,0.0,0.0,0.0,0.0,0.0,0.0,0.0,0.0,0.0,0.0,0.0,0.0,0.0,0.0,0.0,0.0,0.0,0.0,0.0,0.0,0.0,0.0,0.0,0.0,0.0,0.0,0.0,0.0,0.0,0.0,0.0,0.0,0.0,0.0,0.0,0.0,0.0
ueu,0.04414119818121918,0.07270390719196752,0.1762092438792103,0.19184214762960392,0.2896972798479568,0.34536695560373915,0.28838616186696925,0.31081164051190047,0.34785924821186753,0.3704953045464574,0.5766848615306285,0.0,0.0,0.0,0.0,0.0,0.0,0.0,0.0,0.0,0.0,0.0,0.0,0.0,0.0,0.0,0.0,0.0,0.0,0.0,0.0,0.0,0.0,0.0,0.0,0.0,0.0,0.0,0.0,0.0,0.0,0.0,0.0,0.0,0.0,0.0,0.0,0.0,0.0,0.0
uex,0.009887680589905908,0.007884007991022396,0.025772408146976716,0.06205938926086189,0.12596999953819144,0.15430540951894708,0.0941959969063491,0.18193744129644282,0.02183187005591174,0.009341362507074076,0.002339736189015304,0.0014256962936364036,0.0,0.001023319462198926,0.00021895718579032522,0.0009382457205100408,0.000884714068241862,0.0026786024956853716,0.0043319409391012285,0.0,0.0,0.0,0.0,0.0,0.0,0.0,0.0,0.0,0.0,0.0,0.0,0.0,0.0,0.0,0.0,0.0,0.0,0.0,0.0,0.0,0.0,0.0,0.0,0.0,0.0,0.0,0.0,0.0,0.0,0.0
ui6,0.11357856373292886,0.15139466828365503,0.2583073575651021,0.5083294838332971,0.6749238086061785,0.6471691078797261,0.6795815348684646,0.059827680526770524,0.049478504295069795,0.0,0.0,0.0,0.0,0.0,0.0,0.0,0.0,0.0,0.0,0.0,0.0,0.0,0.0,0.0,0.0,0.0,0.0,0.0,0.0,0.0,0.0,0.0,0.0,0.0,0.0,0.0,0.0,0.0,0.0,0.0,0.0,0.0,0.0,0.0,0.0,0.0,0.0,0.0,0.0,0.0
uox,0.07426660261534071,0.07734921023836802,0.11706731245819563,0.35068939341182065,0.4518881135185979,0.5161566371957819,0.4805335237485241,0.4095208273429714,0.17138538294287925,0.11770890858849777,0.055499535127285435,0.0,0.013175779031899147,0.010133137329737049,0.003782724934770538,0.004595874636232317,0.0027773110910309226,0.0019836261064035397,0.0,0.0,0.0,0.0,0.0,0.0,0.0,0.0,0.0,0.0,0.0,0.0,0.0,0.0,0.0,0.0,0.0,0.0,0.0,0.0,0.0,0.0,0.0,0.0,0.0,0.0,0.0,0.0,0.0,0.0,0.0,0.0
ur9,0.03577559369136629,0.04481614511801691,0.11148181381113541,0.11359796684863827,0.05284934554101153,0.1209613761863502,0.0554988061320418,0.012087339495476261,0.006319600067088983,0.005913695966226308,0.0,0.0,0.0,0.000477097069722471,0.0005141395871794161,0.0009021955239511821,0.002886293552601991,0.0015538640266352316,0.0,0.0,0.0,0.0,0.0,0.0,0.0,0.0,0.0,0.0,0.0,0.0,0.0,0.0,0.0,0.0,0.0,0.0,0.0,0.0,0.0,0.0,0.0,0.0,0.0,0.0,0.0,0.0,0.0,0.0,0.0,0.0
usu,0.10190195704824116,0.19443359489945494,0.2977428521577863,0.5444482990483386,0.5873158101902675,0.6590602699749704,0.6641260954320339,0.6368753602049289,0.0,0.0,0.0,0.0,0.0,0.0,0.0,0.0,0.0,0.0,0.0,0.0,0.0,0.0,0.0,0.0,0.0,0.0,0.0,0.0,0.0,0.0,0.0,0.0,0.0,0.0,0.0,0.0,0.0,0.0,0.0,0.0,0.0,0.0,0.0,0.0,0.0,0.0,0.0,0.0,0.0,0.0
uu4,0.044990083547952434,0.05896211662389027,0.2667441041909309,0.2897002248392977,0.38018211873101365,0.3524401829674876,0.46285502303810483,0.02355608677894002,0.011044034067175634,0.002447503282211532,0.010615827207047056,0.01518911914110417,0.011706770886506653,0.005711852895948355,0.004807992735269715,0.0,0.0,0.0,0.0,0.0,0.0,0.0,0.0,0.0,0.0,0.0,0.0,0.0,0.0,0.0,0.0,0.0,0.0,0.0,0.0,0.0,0.0,0.0,0.0,0.0,0.0,0.0,0.0,0.0,0.0,0.0,0.0,0.0,0.0,0.0
uut,0.07906439114362633,0.18786560680511077,0.5200011438969774,0.5016449464001344,0.719918772216148,0.7595829617091933,0.7497402471352551,0.8824493290045549,0.03248636666970193,0.0,0.0,0.0,0.0,0.0,0.0,0.0,0.0,0.0,0.0,0.0,0.0,0.0,0.0,0.0,0.0,0.0,0.0,0.0,0.0,0.0,0.0,0.0,0.0,0.0,0.0,0.0,0.0,0.0,0.0,0.0,0.0,0.0,0.0,0.0,0.0,0.0,0.0,0.0,0.0,0.0
uw9,0.09225344429951486,0.06950723169672761,0.19361040762162116,0.2149818043665527,0.327273403787421,0.3479606229137875,0.29145876916860536,0.3386886285949648,0.3359850997045272,0.6935195305964449,0.0,0.0,0.0,0.0,0.0,0.0,0.0,0.0,0.0,0.0,0.0,0.0,0.0,0.0,0.0,0.0,0.0,0.0,0.0,0.0,0.0,0.0,0.0,0.0,0.0,0.0,0.0,0.0,0.0,0.0,0.0,0.0,0.0,0.0,0.0,0.0,0.0,0.0,0.0,0.0
uxi,0.042475533607715825,0.09338698429293057,0.16420129011898035,0.30885326955787906,0.6304452824370932,0.8727098460739504,0.8563746826685691,0.8729638250997842,0.0,0.0,0.0,0.0,0.0,0.0,0.0,0.0,0.0,0.0,0.0,0.0,0.0,0.0,0.0,0.0,0.0,0.0,0.0,0.0,0.0,0.0,0.0,0.0,0.0,0.0,0.0,0.0,0.0,0.0,0.0,0.0,0.0,0.0,0.0,0.0,0.0,0.0,0.0,0.0,0.0,0.0
uxo,0.17083111063643014,0.15504705671570526,0.13738963442518876,0.13328680514883168,0.761824407054906,0.7070482219596664,0.6594633106701673,0.5952495772686152,0.19724516615524337,0.20932314149206802,0.0,0.0,0.004460477318834337,0.015547748283017067,0.006461971329387507,0.008977934607007486,0.0,0.0,0.0,0.0,0.0,0.0,0.0,0.0,0.0,0.0,0.0,0.0,0.0,0.0,0.0,0.0,0.0,0.0,0.0,0.0,0.0,0.0,0.0,0.0,0.0,0.0,0.0,0.0,0.0,0.0,0.0,0.0,0.0,0.0
vj7,0.1471021835142315,0.2747078563055687,0.4579875067178369,0.48482279218389973,0.725147873813725,0.7735498239237495,0.7399837912728094,0.16246777714354738,0.03744264241521616,0.0,0.0,0.0,0.0,0.0,0.0,0.0,0.0,0.0,0.0,0.0,0.0,0.0,0.0,0.0,0.0,0.0,0.0,0.0,0.0,0.0,0.0,0.0,0.0,0.0,0.0,0.0,0.0,0.0,0.0,0.0,0.0,0.0,0.0,0.0,0.0,0.0,0.0,0.0,0.0,0.0
vqj,0.12297058587211612,0.2616892570837028,0.4476998655939401,0.5107836911176763,0.6993203784856954,0.7660613032274203,0.8098867226800286,0.8785124677015624,0.03724363340666429,0.0,0.0,0.0,0.0,0.0,0.0,0.0,0.0,0.0,0.0,0.0,0.0,0.0,0.0,0.0,0.0,0.0,0.0,0.0,0.0,0.0,0.0,0.0,0.0,0.0,0.0,0.0,0.0,0.0,0.0,0.0,0.0,0.0,0.0,0.0,0.0,0.0,0.0,0.0,0.0,0.0
vqu,0.05323884231137368,0.05357958246399406,0.14120855594628398,0.18974083635575464,0.26837266336702037,0.3453131300514984,0.2846552382020854,0.2628480412228127,0.2546924752479811,0.18862448384253108,0.3379083500891503,0.0,0.0,0.0,0.0,0.0,0.0,0.0,0.0,0.0,0.0,0.0,0.0,0.0,0.0,0.0,0.0,0.0,0.0,0.0,0.0,0.0,0.0,0.0,0.0,0.0,0.0,0.0,0.0,0.0,0.0,0.0,0.0,0.0,0.0,0.0,0.0,0.0,0.0,0.0
vy5,0.05551478011913549,0.11910586927668612,0.2177357478538299,0.3221164243348211,0.35121765429137214,0.3763886604074654,0.14142502828915238,0.1019633587010224,0.02805122632332138,0.014589418469887752,0.016013742402709884,0.012762035715046029,0.0,0.0,0.0,0.0,0.0,0.0,0.0,0.0,0.0,0.0,0.0,0.0,0.0,0.0,0.0,0.0,0.0,0.0,0.0,0.0,0.0,0.0,0.0,0.0,0.0,0.0,0.0,0.0,0.0,0.0,0.0,0.0,0.0,0.0,0.0,0.0,0.0,0.0
w7d,0.17101120607383627,0.15101258660675998,0.13096056100423026,0.11914716217756363,0.7688031702249546,0.7269845612764129,0.6645009097375296,0.6026595299154314,0.17661412955492953,0.20758200033987578,0.0,0.0,0.0,0.020421294466545968,0.005284256818847331,0.009360246737963405,0.01272445976104851,0.0,0.0,0.0,0.0,0.0,0.0,0.0,0.0,0.0,0.0,0.0,0.0,0.0,0.0,0.0,0.0,0.0,0.0,0.0,0.0,0.0,0.0,0.0,0.0,0.0,0.0,0.0,0.0,0.0,0.0,0.0,0.0,0.0
w87,0.12479617515120438,0.21471103250205906,0.40018738054875574,0.5772391469166046,0.723514058438123,0.7868886122875487,0.6174261963125302,0.04202337942629714,0.0390500586583873,0.0,0.0,0.0,0.0,0.0,0.0,0.0,0.0,0.0,0.0,0.0,0.0,0.0,0.0,0.0,0.0,0.0,0.0,0.0,0.0,0.0,0.0,0.0,0.0,0.0,0.0,0.0,0.0,0.0,0.0,0.0,0.0,0.0,0.0,0.0,0.0,0.0,0.0,0.0,0.0,0.0
wsd,0.14860981591167946,0.26994039471166176,0.45974148797397923,0.48081761132578343,0.7185300680141632,0.7700854193063004,0.753775332680444,0.059996345704807594,0.03960290987853507,0.0,0.0,0.0,0.0,0.0,0.0,0.0,0.0,0.0,0.0,0.0,0.0,0.0,0.0,0.0,0.0,0.0,0.0,0.0,0.0,0.0,0.0,0.0,0.0,0.0,0.0,0.0,0.0,0.0,0.0,0.0,0.0,0.0,0.0,0.0,0.0,0.0,0.0,0.0,0.0,0.0
wyu,0.0700212262192727,0.08857652218319463,0.21545326244866386,0.1804244216999932,0.29418849814982767,0.39947859302149474,0.2890455473383113,0.4933032577263214,0.49194098484873683,0.25788186115677747,0.35009256265332706,0.0,0.0,0.0,0.0,0.0,0.0,0.0,0.0,0.0,0.0,0.0,0.0,0.0,0.0,0.0,0.0,0.0,0.0,0.0,0.0,0.0,0.0,0.0,0.0,0.0,0.0,0.0,0.0,0.0,0.0,0.0,0.0,0.0,0.0,0.0,0.0,0.0,0.0,0.0
x2i,0.010456973165197695,0.012003869429810174,0.07375407932587318,0.20251212877570685,0.3866845757658817,0.37341355674035814,0.4468518135537367,0.5789843496842682,0.2618131931694311,0.06712436753780739,0.0,0.0,0.0,0.0,0.0,0.0,0.0,0.0,0.0,0.0,0.0,0.0,0.0,0.0,0.0,0.0,0.0,0.0,0.0,0.0,0.0,0.0,0.0,0.0,0.0,0.0,0.0,0.0,0.0,0.0,0.0,0.0,0.0,0.0,0.0,0.0,0.0,0.0,0.0,0.0
x2v,0.11074131446553888,0.22026279921566327,0.43321496450674674,0.5258794786447513,0.7215822354621733,0.7604292412935608,0.7307036019030685,0.0,0.031240356311351542,0.0,0.0,0.0,0.0,0.0,0.0,0.0,0.0,0.0,0.0,0.0,0.0,0.0,0.0,0.0,0.0,0.0,0.0,0.0,0.0,0.0,0.0,0.0,0.0,0.0,0.0,0.0,0.0,0.0,0.0,0.0,0.0,0.0,0.0,0.0,0.0,0.0,0.0,0.0,0.0,0.0
xa0,0.14127589432050477,0.10560127108475124,0.11987642347014396,0.1453146049506957,0.14274823759949556,0.08545985627385082,0.13312957761042,0.06970985992193297,0.028116093944785286,0.010750671700547295,0.006837481273409087,0.0019437324353751744,0.0007089935114387634,0.0015483920644253483,0.0014555829374810376,0.0014569752572322924,0.0007977077197156688,0.0009830783892232622,0.0005501069053420864,0.0,0.0,0.0,0.0,0.0,0.0,0.0,0.0,0.0,0.0,0.0,0.0,0.0,0.0,0.0,0.0,0.0,0.0,0.0,0.0,0.0,0.0,0.0,0.0,0.0,0.0,0.0,0.0,0.0,0.0,0.0
xas,0.03713640083037764,0.15191765798575954,0.4223904484522859,0.39706505802925457,0.3712278052881536,0.3830351895175158,0.0,0.0,0.0,0.0,0.0,0.0,0.0,0.0,0.0,0.0,0.0,0.0,0.0,0.0,0.0,0.0,0.0,0.0,0.0,0.0,0.0,0.0,0.0,0.0,0.0,0.0,0.0,0.0,0.0,0.0,0.0,0.0,0.0,0.0,0.0,0.0,0.0,0.0,0.0,0.0,0.0,0.0,0.0,0.0
xub,0.04271222444114127,0.04395061337709702,0.10051467764576558,0.2595882054893074,0.3212871197302142,0.24152324765084177,0.1985739310877065,0.06103499623807301,0.06155203405610387,0.031153169132873818,0.017231100332207754,0.007124906555192547,0.0,0.0,0.0,0.0,0.0,0.0,0.0,0.0,0.0,0.0,0.0,0.0,0.0,0.0,0.0,0.0,0.0,0.0,0.0,0.0,0.0,0.0,0.0,0.0,0.0,0.0,0.0,0.0,0.0,0.0,0.0,0.0,0.0,0.0,0.0,0.0,0.0,0.0
xut,0.016725749702060394,0.02765956918736723,0.07242153400533956,0.10543477670101763,0.12452968248304155,0.1435352824805748,0.24771888417374216,0.2500957430491318,0.16397154430600253,0.023367473847676314,0.013663759206692149,0.011252877663252418,0.005564399416966149,0.005586490621375945,0.0009597778893687609,0.0,0.0,0.0,0.0,0.0,0.0,0.0,0.0,0.0,0.0,0.0,0.0,0.0,0.0,0.0,0.0,0.0,0.0,0.0,0.0,0.0,0.0,0.0,0.0,0.0,0.0,0.0,0.0,0.0,0.0,0.0,0.0,0.0,0.0,0.0
xz4,0.027124216689625478,0.0232272721924057,0.116399563040465,0.16476378229955957,0.16736399728790075,0.10540728090553025,0.0344161391914567,0.0007968849345028258,0.0016986801088056005,0.0011153792065922664,0.00343875504944698,0.006193396683948964,0.004045096158172179,0.001917323235054366,0.0,0.0,0.0,0.0,0.0,0.0,0.0,0.0,0.0,0.0,0.0,0.0,0.0,0.0,0.0,0.0,0.0,0.0,0.0,0.0,0.0,0.0,0.0,0.0,0.0,0.0,0.0,0.0,0.0,0.0,0.0,0.0,0.0,0.0,0.0,0.0
y2l,0.33998715558593584,0.31038922829110566,0.40168594444303884,0.47234868732732876,0.7640403630316293,0.7091477380906207,0.4120927346005096,0.35938546181453335,0.0,0.0,0.0,0.0,0.0,0.0,0.0,0.0,0.0,0.0,0.0,0.0,0.0,0.0,0.0,0.0,0.0,0.0,0.0,0.0,0.0,0.0,0.0,0.0,0.0,0.0,0.0,0.0,0.0,0.0,0.0,0.0,0.0,0.0,0.0,0.0,0.0,0.0,0.0,0.0,0.0,0.0
yav,0.05440640897265529,0.08275172825996409,0.18910570773962493,0.30372197516234906,0.6502804123188777,0.8851371667137139,0.8847946230816446,0.0,0.0,0.0,0.0,0.0,0.0,0.0,0.0,0.0,0.0,0.0,0.0,0.0,0.0,0.0,0.0,0.0,0.0,0.0,0.0,0.0,0.0,0.0,0.0,0.0,0.0,0.0,0.0,0.0,0.0,0.0,0.0,0.0,0.0,0.0,0.0,0.0,0.0,0.0,0.0,0.0,0.0,0.0
ym6,0.1437066790588441,0.1275336395914532,0.12032559274750594,0.11678216783949313,0.0906639381312701,0.08783034823093118,0.11098707520110893,0.04772372895648714,0.017115937280162676,0.007849751630505882,0.0,0.0,0.0011004835179401627,0.00042662112774693686,0.0011191843270273692,0.001221932675535935,0.0021575832631833547,0.0014429594503799926,0.0009002670669745983,0.0,0.0,0.0,0.0,0.0,0.0,0.0,0.0,0.0,0.0,0.0,0.0,0.0,0.0,0.0,0.0,0.0,0.0,0.0,0.0,0.0,0.0,0.0,0.0,0.0,0.0,0.0,0.0,0.0,0.0,0.0
ymc,0.11746758798043112,0.16721577326309264,0.3931310046891256,0.5651750350112882,0.7661888190032125,0.7458834400785711,0.6707539264038639,0.4456532750342701,0.03416423194395222,0.0,0.0,0.0,0.0,0.0,0.0,0.0,0.0,0.0,0.0,0.0,0.0,0.0,0.0,0.0,0.0,0.0,0.0,0.0,0.0,0.0,0.0,0.0,0.0,0.0,0.0,0.0,0.0,0.0,0.0,0.0,0.0,0.0,0.0,0.0,0.0,0.0,0.0,0.0,0.0,0.0
yq2,0.3385581597078236,0.1391871715486934,0.10220077492701042,0.0931833903975797,0.08253177520470224,0.06840082054766226,0.06191926411586953,0.03949926485034851,0.010502452285724197,0.005294301260285005,0.0,0.0,0.0,0.0003642601639752783,0.0007314155192549724,0.001160834027956307,0.0025870295318537752,0.0013787918605041689,0.0014738886877579936,0.0,0.0,0.0,0.0,0.0,0.0,0.0,0.0,0.0,0.0,0.0,0.0,0.0,0.0,0.0,0.0,0.0,0.0,0.0,0.0,0.0,0.0,0.0,0.0,0.0,0.0,0.0,0.0,0.0,0.0,0.0
yqu,0.20746582616712297,0.13450590442115778,0.10583096194195021,0.08398128352089622,0.07878331634321618,0.09159669466731879,0.07499654646521292,0.04953658069506498,0.016423912045190718,0.008319159611317406,0.011803358250282118,0.0,0.0,0.0006129683873562557,0.0007319008116534781,0.001240342958001166,0.0027997230634678643,0.00149431520892961,0.0012013067613928007,0.0,0.0,0.0,0.0,0.0,0.0,0.0,0.0,0.0,0.0,0.0,0.0,0.0,0.0,0.0,0.0,0.0,0.0,0.0,0.0,0.0,0.0,0.0,0.0,0.0,0.0,0.0,0.0,0.0,0.0,0.0
ysm,0.018750833843909263,0.023651082380952034,0.0406376866218923,0.0860320163758659,0.15465933206847618,0.18122634073383798,0.2655722795167307,0.24879137126731896,0.09037737453654594,0.050471469658901945,0.016512606922381157,0.006315043085182591,0.0037472000157432296,0.0046623538274182825,0.0026189790057282837,0.0,0.0,0.0,0.0,0.0,0.0,0.0,0.0,0.0,0.0,0.0,0.0,0.0,0.0,0.0,0.0,0.0,0.0,0.0,0.0,0.0,0.0,0.0,0.0,0.0,0.0,0.0,0.0,0.0,0.0,0.0,0.0,0.0,0.0,0.0
ywe,0.060544215443045155,0.2347850535988091,0.5018812010622756,0.46853339449702014,0.7205034508298958,0.7635776777456464,0.7443727644421512,0.0,0.032703055158236474,0.0,0.0,0.0,0.0,0.0,0.0,0.0,0.0,0.0,0.0,0.0,0.0,0.0,0.0,0.0,0.0,0.0,0.0,0.0,0.0,0.0,0.0,0.0,0.0,0.0,0.0,0.0,0.0,0.0,0.0,0.0,0.0,0.0,0.0,0.0,0.0,0.0,0.0,0.0,0.0,0.0
z2s,0.04940302675987528,0.05673838015748546,0.16246561007318236,0.18869251888165858,0.25217561843635805,0.3193267641215227,0.27355919325805234,0.32467902131291493,0.3845754319673834,0.3643072952192414,0.23406419197001097,0.12964309391940926,0.0,0.0,0.0,0.0,0.0,0.0,0.0,0.0,0.0,0.0,0.0,0.0,0.0,0.0,0.0,0.0,0.0,0.0,0.0,0.0,0.0,0.0,0.0,0.0,0.0,0.0,0.0,0.0,0.0,0.0,0.0,0.0,0.0,0.0,0.0,0.0,0.0,0.0
z7n,0.04898731468830862,0.04868893271110684,0.07741699862257957,0.07059807908679379,0.07650167639039344,0.10020471192475458,0.06424524029390148,0.012154647680970583,0.01272655706615701,0.007236032740840741,0.0,0.0,0.0,0.0004741527757579255,0.00041726687073002173,0.0007881084627565319,0.00107998537153461,0.000699114442972439,0.0002818285947956053,0.0,0.0,0.0,0.0,0.0,0.0,0.0,0.0,0.0,0.0,0.0,0.0,0.0,0.0,0.0,0.0,0.0,0.0,0.0,0.0,0.0,0.0,0.0,0.0,0.0,0.0,0.0,0.0,0.0,0.0,0.0
z9y,0.24904012504819598,0.1324670070698217,0.12382465455930798,0.09223727361471368,0.07635883075772444,0.07516278048335807,0.0683292836497423,0.03094843020511446,0.010805409990456993,0.005657290169889152,0.0,0.0,0.0008541318878485505,0.0002967769564341204,0.0006755700905810712,0.0011591453127377531,0.0024636819014834956,0.0014226953803146397,0.0006971235234615119,0.0,0.0,0.0,0.0,0.0,0.0,0.0,0.0,0.0,0.0,0.0,0.0,0.0,0.0,0.0,0.0,0.0,0.0,0.0,0.0,0.0,0.0,0.0,0.0,0.0,0.0,0.0,0.0,0.0,0.0,0.0
zxr,0.11317362158466504,0.05915162407998609,0.15047908285762152,0.18977536319728863,0.32844640479869097,0.37315785075852437,0.3084678959712191,0.35375347664582535,0.3946345393294854,0.34995619005747575,0.15880251473030607,0.14881031410497778,0.0,0.0,0.0,0.0,0.0,0.0,0.0,0.0,0.0,0.0,0.0,0.0,0.0,0.0,0.0,0.0,0.0,0.0,0.0,0.0,0.0,0.0,0.0,0.0,0.0,0.0,0.0,0.0,0.0,0.0,0.0,0.0,0.0,0.0,0.0,0.0,0.0,0.0
zzr,0.14948161431064885,0.16663851126717397,0.38643059205194785,0.47422344262504207,0.6323387957779386,0.5285545614681224,0.6231950171800918,0.3743400317555565,0.05139565786244971,0.040940968365285525,0.0,0.0,0.0,0.0,0.0,0.0,0.0,0.0,0.0,0.0,0.0,0.0,0.0,0.0,0.0,0.0,0.0,0.0,0.0,0.0,0.0,0.0,0.0,0.0,0.0,0.0,0.0,0.0,0.0,0.0,0.0,0.0,0.0,0.0,0.0,0.0,0.0,0.0,0.0,0.0
