ID,totalDOS_000.00_002.00THz,totalDOS_002.00_004.00THz,totalDOS_004.00_006.00THz,totalDOS_006.00_008.00THz,totalDOS_008.00_010.00THz,totalDOS_010.00_012.00THz,totalDOS_012.00_014.00THz,totalDOS_014.00_016.00THz,totalDOS_016.00_018.00THz,totalDOS_018.00_020.00THz,totalDOS_020.00_022.00THz,totalDOS_022.00_024.00THz,totalDOS_024.00_026.00THz,totalDOS_026.00_028.00THz,totalDOS_028.00_030.00THz,totalDOS_030.00_032.00THz,totalDOS_032.00_034.00THz,totalDOS_034.00_036.00THz,totalDOS_036.00_038.00THz,totalDOS_038.00_040.00THz,totalDOS_040.00_042.00THz,totalDOS_042.00_044.00THz,totalDOS_044.00_046.00THz,totalDOS_046.00_048.00THz,totalDOS_048.00_050.00THz,totalDOS_050.00_052.00THz,totalDOS_052.00_054.00THz,totalDOS_054.00_056.00THz,totalDOS_056.00_058.00THz,totalDOS_058.00_060.00THz,totalDOS_060.00_062.00THz,totalDOS_062.00_064.00THz,totalDOS_064.00_066.00THz,totalDOS_066.00_068.00THz,totalDOS_068.00_070.00THz,totalDOS_070.00_072.00THz,totalDOS_072.00_074.00THz,totalDOS_074.00_076.00THz,totalDOS_076.00_078.00THz,totalDOS_078.00_080.00THz,totalDOS_080.00_082.00THz,totalDOS_082.00_084.00THz,totalDOS_084.00_086.00THz,totalDOS_086.00_088.00THz,totalDOS_088.00_090.00THz,totalDOS_090.00_092.00THz,totalDOS_092.00_094.00THz,totalDOS_094.00_096.00THz,totalDOS_096.00_098.00THz,totalDOS_098.00_100.00THz
00x,0.023466957289187105,0.1222085307937857,0.1271536876480894,0.03256283572180697,0.09881575563587272,0.09367181368905127,0.07629353675528737,0.061813282323833575,0.051057973923701434,0.016885144688769144,0.027492750956078275,0.024036032525395757,0.0018656767640293406,0.023496286603191748,0.02052633944212791,0.07036642675092061,0.032622543601306515,0.07842759975140837,0.016494148319216972,0.0007426768169398216,0.0,0.0,0.0,0.0,0.0,0.0,0.0,0.0,0.0,0.0,0.0,0.0,0.0,0.0,0.0,0.0,0.0,0.0,0.0,0.0,0.0,0.0,0.0,0.0,0.0,0.0,0.0,0.0,0.0,0.0
019,0.013941963333192189,0.09578664615285386,0.10071326679541605,0.10280465608297863,0.11413173317898466,0.0815498148872948,0.06844173359036493,0.045966704996207496,0.07100407278242367,0.05061440396517808,0.0,0.0,0.0,0.08962282035517706,0.08937179492373033,0.04312184659016851,0.010867799007996814,0.022060743358032927,0.0,0.0,0.0,0.0,0.0,0.0,0.0,0.0,0.0,0.0,0.0,0.0,0.0,0.0,0.0,0.0,0.0,0.0,0.0,0.0,0.0,0.0,0.0,0.0,0.0,0.0,0.0,0.0,0.0,0.0,0.0,0.0
09w,0.0868622393185102,0.15928859059694103,0.16388461012933883,0.14950404737586326,0.1539568650550044,0.13522392493588048,0.08936585153865724,0.0,0.061913871049804566,0.0,0.0,0.0,0.0,0.0,0.0,0.0,0.0,0.0,0.0,0.0,0.0,0.0,0.0,0.0,0.0,0.0,0.0,0.0,0.0,0.0,0.0,0.0,0.0,0.0,0.0,0.0,0.0,0.0,0.0,0.0,0.0,0.0,0.0,0.0,0.0,0.0,0.0,0.0,0.0,0.0
0fh,0.006983047346199192,0.07967977688165263,0.09890685581446793,0.11620564607645929,0.09794113012914246,0.08964595850892254,0.09496469185330028,0.05991250508173674,0.06470945671657731,0.048466968424936564,0.0001706008372723867,0.0,0.00464428752100654,0.020681967395685143,0.07249358207345022,0.07919833380541075,0.03464421630883295,0.022423007287450857,0.008327967937496216,0.0,0.0,0.0,0.0,0.0,0.0,0.0,0.0,0.0,0.0,0.0,0.0,0.0,0.0,0.0,0.0,0.0,0.0,0.0,0.0,0.0,0.0,0.0,0.0,0.0,0.0,0.0,0.0,0.0,0.0,0.0
0iv,0.01813399178805378,0.17951993842068298,0.22954096420868475,0.2590789202423633,0.12458824924179433,0.027174099803645612,0.02062897708379587,0.013068127909818313,0.12826673130116106,0.0,0.0,0.0,0.0,0.0,0.0,0.0,0.0,0.0,0.0,0.0,0.0,0.0,0.0,0.0,0.0,0.0,0.0,0.0,0.0,0.0,0.0,0.0,0.0,0.0,0.0,0.0,0.0,0.0,0.0,0.0,0.0,0.0,0.0,0.0,0.0,0.0,0.0,0.0,0.0,0.0
10s,0.09530626404873185,0.18792046407596125,0.15461325163298853,0.1421108751578385,0.1308340448651602,0.13001345224196756,0.06552009986355116,0.026936017000873055,0.06674553111292787,0.0,0.0,0.0,0.0,0.0,0.0,0.0,0.0,0.0,0.0,0.0,0.0,0.0,0.0,0.0,0.0,0.0,0.0,0.0,0.0,0.0,0.0,0.0,0.0,0.0,0.0,0.0,0.0,0.0,0.0,0.0,0.0,0.0,0.0,0.0,0.0,0.0,0.0,0.0,0.0,0.0
11b,0.00987985964803866,0.09447692165918078,0.15676212605672632,0.2286326718681113,0.15170212932700033,0.12314115267601784,0.15649830513503027,0.07890683362989448,0.0,0.0,0.0,0.0,0.0,0.0,0.0,0.0,0.0,0.0,0.0,0.0,0.0,0.0,0.0,0.0,0.0,0.0,0.0,0.0,0.0,0.0,0.0,0.0,0.0,0.0,0.0,0.0,0.0,0.0,0.0,0.0,0.0,0.0,0.0,0.0,0.0,0.0,0.0,0.0,0.0,0.0
122,0.061585220801195786,0.1856162561991624,0.12511832570925507,0.18437545768380695,0.14666816402912575,0.11153953288788,0.0746071233459472,0.013902511439172203,0.09394921128896605,0.0026381966154886164,0.0,0.0,0.0,0.0,0.0,0.0,0.0,0.0,0.0,0.0,0.0,0.0,0.0,0.0,0.0,0.0,0.0,0.0,0.0,0.0,0.0,0.0,0.0,0.0,0.0,0.0,0.0,0.0,0.0,0.0,0.0,0.0,0.0,0.0,0.0,0.0,0.0,0.0,0.0,0.0
13q,0.081994303849068,0.16053047874885992,0.15686067782521,0.1468141900428917,0.14857153676044124,0.15382403295668462,0.06152993824192459,0.04469327674719615,0.0451815648277238,0.0,0.0,0.0,0.0,0.0,0.0,0.0,0.0,0.0,0.0,0.0,0.0,0.0,0.0,0.0,0.0,0.0,0.0,0.0,0.0,0.0,0.0,0.0,0.0,0.0,0.0,0.0,0.0,0.0,0.0,0.0,0.0,0.0,0.0,0.0,0.0,0.0,0.0,0.0,0.0,0.0
1dm,0.007668066893589759,0.07044873244923289,0.10143021627368114,0.10854169734816525,0.10464687452985241,0.10021646133802121,0.09836498090055827,0.055388751719141815,0.06414519664199365,0.05144838619521997,0.0018538729922321405,0.0,0.004024050002094185,0.032709226888496,0.06268588177504524,0.06519646852454836,0.025438744315471627,0.03663927390083023,0.009153117311825847,0.0,0.0,0.0,0.0,0.0,0.0,0.0,0.0,0.0,0.0,0.0,0.0,0.0,0.0,0.0,0.0,0.0,0.0,0.0,0.0,0.0,0.0,0.0,0.0,0.0,0.0,0.0,0.0,0.0,0.0,0.0
1e9,0.07050967160708137,0.19964620744464934,0.16280783743024296,0.1424769715347236,0.24765872492877963,0.14964997551833314,0.02725061153618996,0.0,0.0,0.0,0.0,0.0,0.0,0.0,0.0,0.0,0.0,0.0,0.0,0.0,0.0,0.0,0.0,0.0,0.0,0.0,0.0,0.0,0.0,0.0,0.0,0.0,0.0,0.0,0.0,0.0,0.0,0.0,0.0,0.0,0.0,0.0,0.0,0.0,0.0,0.0,0.0,0.0,0.0,0.0
1kq,0.09759146498522767,0.21138877025002473,0.14578745019653505,0.11957692885503157,0.13272338925601868,0.14495934539489344,0.06086106927866863,0.021700702555554893,0.06541087922804519,0.0,0.0,0.0,0.0,0.0,0.0,0.0,0.0,0.0,0.0,0.0,0.0,0.0,0.0,0.0,0.0,0.0,0.0,0.0,0.0,0.0,0.0,0.0,0.0,0.0,0.0,0.0,0.0,0.0,0.0,0.0,0.0,0.0,0.0,0.0,0.0,0.0,0.0,0.0,0.0,0.0
1m8,0.10816462077787854,0.1728070117992627,0.17979959715443677,0.10704927486375718,0.1502081263737325,0.1761550638798794,0.06859878555917027,0.0,0.037217519591882665,0.0,0.0,0.0,0.0,0.0,0.0,0.0,0.0,0.0,0.0,0.0,0.0,0.0,0.0,0.0,0.0,0.0,0.0,0.0,0.0,0.0,0.0,0.0,0.0,0.0,0.0,0.0,0.0,0.0,0.0,0.0,0.0,0.0,0.0,0.0,0.0,0.0,0.0,0.0,0.0,0.0
1xf,0.008058463753539571,0.07291461472540274,0.0976464931095557,0.10502281532841999,0.11168769492370388,0.10225941471727988,0.10121562400314878,0.049720474639930144,0.08712618899247015,0.06022371676287519,0.0015751928193339637,0.0,0.003804163047640838,0.03709042267464114,0.05712771247553264,0.045994880833911234,0.028234406198903023,0.019858000847964782,0.010288436620866306,0.00015128352488007264,0.0,0.0,0.0,0.0,0.0,0.0,0.0,0.0,0.0,0.0,0.0,0.0,0.0,0.0,0.0,0.0,0.0,0.0,0.0,0.0,0.0,0.0,0.0,0.0,0.0,0.0,0.0,0.0,0.0,0.0
1xt,0.08479901708325135,0.12924472013036986,0.11169072164007736,0.07992768712120675,0.08455801894317817,0.11613758710783033,0.16553334520797028,0.06369909688562363,0.036005816077402324,0.04511349320991729,0.07830434766757546,0.004986148925597181,0.0,0.0,0.0,0.0,0.0,0.0,0.0,0.0,0.0,0.0,0.0,0.0,0.0,0.0,0.0,0.0,0.0,0.0,0.0,0.0,0.0,0.0,0.0,0.0,0.0,0.0,0.0,0.0,0.0,0.0,0.0,0.0,0.0,0.0,0.0,0.0,0.0,0.0
20k,0.023205133280963366,0.12569726317343813,0.11478627460008316,0.11273993289798494,0.12898176888005752,0.13985087395960075,0.10804817479497808,0.09292109417012943,0.07585013272665889,0.040196242479738145,0.034648091327419715,0.003075017708947866,0.0,0.0,0.0,0.0,0.0,0.0,0.0,0.0,0.0,0.0,0.0,0.0,0.0,0.0,0.0,0.0,0.0,0.0,0.0,0.0,0.0,0.0,0.0,0.0,0.0,0.0,0.0,0.0,0.0,0.0,0.0,0.0,0.0,0.0,0.0,0.0,0.0,0.0
240,0.011365747846875121,0.117088475496838,0.1597130212605709,0.18665975221266445,0.217369133640441,0.16957831819938,0.12359765451143087,0.014627896831799662,0.0,0.0,0.0,0.0,0.0,0.0,0.0,0.0,0.0,0.0,0.0,0.0,0.0,0.0,0.0,0.0,0.0,0.0,0.0,0.0,0.0,0.0,0.0,0.0,0.0,0.0,0.0,0.0,0.0,0.0,0.0,0.0,0.0,0.0,0.0,0.0,0.0,0.0,0.0,0.0,0.0,0.0
2t8,0.010726378218049979,0.08236710861845199,0.1275006822045301,0.15759005436759577,0.1074296024366609,0.10420465365792905,0.09869860783510363,0.03647296546117307,0.07213327446847367,0.0380418732722111,0.0,0.0,0.0,0.04976727132372344,0.07546960279337063,0.02756719464648564,0.012030730696241037,0.0,0.0,0.0,0.0,0.0,0.0,0.0,0.0,0.0,0.0,0.0,0.0,0.0,0.0,0.0,0.0,0.0,0.0,0.0,0.0,0.0,0.0,0.0,0.0,0.0,0.0,0.0,0.0,0.0,0.0,0.0,0.0,0.0
2wb,0.017512495215556506,0.12910071398526288,0.1100741872754789,0.11661107673421436,0.12504831879503,0.1330444078509781,0.11393894770922834,0.1041643467186874,0.08051892679077287,0.05049701993209951,0.019489558992691138,0.0,0.0,0.0,0.0,0.0,0.0,0.0,0.0,0.0,0.0,0.0,0.0,0.0,0.0,0.0,0.0,0.0,0.0,0.0,0.0,0.0,0.0,0.0,0.0,0.0,0.0,0.0,0.0,0.0,0.0,0.0,0.0,0.0,0.0,0.0,0.0,0.0,0.0,0.0
3nb,0.04132266370181489,0.15154713686097443,0.13014211884124402,0.13039275327476166,0.1316800300229397,0.14275152737987643,0.04424091128520318,0.0,0.0,0.02335375276024484,0.07184237808175696,0.07797698447568444,0.03982778113944279,0.014921962176056682,0.0,0.0,0.0,0.0,0.0,0.0,0.0,0.0,0.0,0.0,0.0,0.0,0.0,0.0,0.0,0.0,0.0,0.0,0.0,0.0,0.0,0.0,0.0,0.0,0.0,0.0,0.0,0.0,0.0,0.0,0.0,0.0,0.0,0.0,0.0,0.0
3rx,0.04040482411267602,0.09397454941713132,0.12677497343886318,0.12637702821486418,0.13178557623982048,0.1397874509090854,0.13652392558616233,0.07929078864480081,0.03517543170490541,0.010648698517376582,0.03364743683980789,0.04294031910060097,0.002668997273905402,0.0,0.0,0.0,0.0,0.0,0.0,0.0,0.0,0.0,0.0,0.0,0.0,0.0,0.0,0.0,0.0,0.0,0.0,0.0,0.0,0.0,0.0,0.0,0.0,0.0,0.0,0.0,0.0,0.0,0.0,0.0,0.0,0.0,0.0,0.0,0.0,0.0
3uq,0.008133945244980345,0.08350928566428056,0.11593752632530957,0.1303669314494362,0.08486740755114527,0.09631746612293476,0.08490767240192489,0.06828789188926604,0.061754602934207335,0.048248140313414574,0.0012536057538987894,0.0,0.0,0.01494191584510068,0.06227674648999003,0.08325835923408727,0.017932283571033946,0.02906916020015857,0.008937059008831157,0.0,0.0,0.0,0.0,0.0,0.0,0.0,0.0,0.0,0.0,0.0,0.0,0.0,0.0,0.0,0.0,0.0,0.0,0.0,0.0,0.0,0.0,0.0,0.0,0.0,0.0,0.0,0.0,0.0,0.0,0.0
3zo,0.09892193302246004,0.21559348894368222,0.15858072619790772,0.1462793617564017,0.12440108625805528,0.13948672775712045,0.07667582203107075,0.0017042715973195606,0.03835658243598229,0.0,0.0,0.0,0.0,0.0,0.0,0.0,0.0,0.0,0.0,0.0,0.0,0.0,0.0,0.0,0.0,0.0,0.0,0.0,0.0,0.0,0.0,0.0,0.0,0.0,0.0,0.0,0.0,0.0,0.0,0.0,0.0,0.0,0.0,0.0,0.0,0.0,0.0,0.0,0.0,0.0
419,0.027152836722152723,0.14663009805487842,0.09863852766391079,0.11451296986659679,0.1181782781102563,0.14102852853554826,0.11409652051181017,0.09922536349646066,0.07778917915774455,0.03424869588735365,0.028499001993287677,0.0,0.0,0.0,0.0,0.0,0.0,0.0,0.0,0.0,0.0,0.0,0.0,0.0,0.0,0.0,0.0,0.0,0.0,0.0,0.0,0.0,0.0,0.0,0.0,0.0,0.0,0.0,0.0,0.0,0.0,0.0,0.0,0.0,0.0,0.0,0.0,0.0,0.0,0.0
472,0.00642555807659016,0.08737467931915516,0.08614653397115789,0.1064610473435379,0.10564276094437473,0.1070961277855171,0.11897882769530034,0.08841733088721405,0.05562978701701932,0.04921058463237848,0.03760110736788456,0.03541140941829042,0.009925993735456995,0.036542634329324974,0.022778553760332415,0.026252885154740623,0.020104178561724896,0.0,0.0,0.0,0.0,0.0,0.0,0.0,0.0,0.0,0.0,0.0,0.0,0.0,0.0,0.0,0.0,0.0,0.0,0.0,0.0,0.0,0.0,0.0,0.0,0.0,0.0,0.0,0.0,0.0,0.0,0.0,0.0,0.0
47i,0.009297632053902693,0.09111255201912152,0.10555657063600071,0.06002620694732656,0.09379955224690256,0.14025305863890955,0.1138766040317906,0.07979756499852474,0.08921654144140327,0.01959880119896611,0.03278361480055109,0.0,0.013873488236338922,0.010855481867982086,0.037504623680138835,0.027692873102199752,0.05868330352568018,0.016071530574260803,0.0,0.0,0.0,0.0,0.0,0.0,0.0,0.0,0.0,0.0,0.0,0.0,0.0,0.0,0.0,0.0,0.0,0.0,0.0,0.0,0.0,0.0,0.0,0.0,0.0,0.0,0.0,0.0,0.0,0.0,0.0,0.0
4ba,0.01006298777388138,0.09817340120531058,0.10490656559467756,0.13466883095017723,0.09703240076913726,0.10502632176021832,0.08971437284224312,0.07388172399715989,0.038960385060587195,0.040595855088023707,0.00012792996742327304,0.0,0.0,0.0,0.06784965573028333,0.09846926573663213,0.008317215810798745,0.027450273537322642,0.004762814176123498,0.0,0.0,0.0,0.0,0.0,0.0,0.0,0.0,0.0,0.0,0.0,0.0,0.0,0.0,0.0,0.0,0.0,0.0,0.0,0.0,0.0,0.0,0.0,0.0,0.0,0.0,0.0,0.0,0.0,0.0,0.0
4ea,0.02923679655628897,0.1260423839751416,0.1307132377745093,0.09478052313991629,0.08763262312329002,0.09581905576445107,0.057143812005022845,0.07456572942551452,0.0272329449452765,0.0493613784943039,0.0,0.0,0.0,0.016308523083877886,0.07824711581415339,0.09576986615682755,0.012438675122020203,0.024707334619405958,0.0,0.0,0.0,0.0,0.0,0.0,0.0,0.0,0.0,0.0,0.0,0.0,0.0,0.0,0.0,0.0,0.0,0.0,0.0,0.0,0.0,0.0,0.0,0.0,0.0,0.0,0.0,0.0,0.0,0.0,0.0,0.0
4kt,0.05656158134899549,0.30227576929885464,0.23809089575178907,0.14184099413600848,0.20306164352837444,0.05816911593597785,0.0,0.0,0.0,0.0,0.0,0.0,0.0,0.0,0.0,0.0,0.0,0.0,0.0,0.0,0.0,0.0,0.0,0.0,0.0,0.0,0.0,0.0,0.0,0.0,0.0,0.0,0.0,0.0,0.0,0.0,0.0,0.0,0.0,0.0,0.0,0.0,0.0,0.0,0.0,0.0,0.0,0.0,0.0,0.0
5bz,0.0067643460121983865,0.03722666286418417,0.07738851284923189,0.1147324168885462,0.14440178489888444,0.18573326394255316,0.09350056338762368,0.08372968749873198,0.03698879335294055,0.09484961760153746,0.0,0.0,0.0,0.0,0.0,0.06245429609990704,0.0036028674677900186,0.0,0.0,0.0,0.0,0.0,0.0,0.0,0.0,0.04159121757429477,0.01703596956157627,0.0,0.0,0.0,0.0,0.0,0.0,0.0,0.0,0.0,0.0,0.0,0.0,0.0,0.0,0.0,0.0,0.0,0.0,0.0,0.0,0.0,0.0,0.0
5wz,0.10622359925208638,0.17523645441622412,0.15287623641404804,0.14232025100451132,0.13303765189282513,0.11283737441735658,0.08855032146559391,0.010872870689498671,0.07804524044785585,0.0,0.0,0.0,0.0,0.0,0.0,0.0,0.0,0.0,0.0,0.0,0.0,0.0,0.0,0.0,0.0,0.0,0.0,0.0,0.0,0.0,0.0,0.0,0.0,0.0,0.0,0.0,0.0,0.0,0.0,0.0,0.0,0.0,0.0,0.0,0.0,0.0,0.0,0.0,0.0,0.0
5z0,0.0017720880246395287,0.019718879906326255,0.061744988017625665,0.10948226345136063,0.14559325161213857,0.1643761966106564,0.13293767766376796,0.11835007536306492,0.11105029468463552,0.0027741429254749396,0.09764228918121234,0.028346420568024326,0.006211431991072931,0.0,0.0,0.0,0.0,0.0,0.0,0.0,0.0,0.0,0.0,0.0,0.0,0.0,0.0,0.0,0.0,0.0,0.0,0.0,0.0,0.0,0.0,0.0,0.0,0.0,0.0,0.0,0.0,0.0,0.0,0.0,0.0,0.0,0.0,0.0,0.0,0.0
5zv,0.009410607041531323,0.0950744754085411,0.12957803837446147,0.05849571680975114,0.09428054221658437,0.10947637060447131,0.12142284281592046,0.06219803507677594,0.10914712370934108,0.029037208625585467,0.0,0.0,0.0,0.046368728101726736,0.07907442518482304,0.04688003655113916,0.009555849479347409,0.0,0.0,0.0,0.0,0.0,0.0,0.0,0.0,0.0,0.0,0.0,0.0,0.0,0.0,0.0,0.0,0.0,0.0,0.0,0.0,0.0,0.0,0.0,0.0,0.0,0.0,0.0,0.0,0.0,0.0,0.0,0.0,0.0
68u,0.023927143102581615,0.14460716982301058,0.10350932829047876,0.1271530661410812,0.11550353255496615,0.14129340796926876,0.10958325586737845,0.08811009529256471,0.07619431064372303,0.03889050511019186,0.028220966310766704,0.003007218893988155,0.0,0.0,0.0,0.0,0.0,0.0,0.0,0.0,0.0,0.0,0.0,0.0,0.0,0.0,0.0,0.0,0.0,0.0,0.0,0.0,0.0,0.0,0.0,0.0,0.0,0.0,0.0,0.0,0.0,0.0,0.0,0.0,0.0,0.0,0.0,0.0,0.0,0.0
6du,0.009232422785079904,0.07631884863072663,0.11170443467668208,0.10504867767243424,0.12827412255342532,0.16152439899406915,0.11477807721969092,0.0680287752928187,0.08277897583975179,0.06939008223452318,0.03879332360492356,0.017212708822340092,0.01221523394816579,0.004699917725368637,0.0,0.0,0.0,0.0,0.0,0.0,0.0,0.0,0.0,0.0,0.0,0.0,0.0,0.0,0.0,0.0,0.0,0.0,0.0,0.0,0.0,0.0,0.0,0.0,0.0,0.0,0.0,0.0,0.0,0.0,0.0,0.0,0.0,0.0,0.0,0.0
6jf,0.07320067152150056,0.1759047786833066,0.14947108894759764,0.16296572407684437,0.12588130415247412,0.13436899433652058,0.08774935343987958,0.01802204260022115,0.0724360422416554,0.0,0.0,0.0,0.0,0.0,0.0,0.0,0.0,0.0,0.0,0.0,0.0,0.0,0.0,0.0,0.0,0.0,0.0,0.0,0.0,0.0,0.0,0.0,0.0,0.0,0.0,0.0,0.0,0.0,0.0,0.0,0.0,0.0,0.0,0.0,0.0,0.0,0.0,0.0,0.0,0.0
6l9,0.0027295683210499275,0.059758124802545214,0.09071707165140062,0.06917719319513993,0.08953932587026468,0.10093938818646411,0.06377650657508001,0.04078853127437217,0.03292303647702116,0.06125699742591816,0.06385099336822936,0.024927461682185317,0.02039513604407026,0.07156646478431875,0.028194768923100962,0.01573192415181647,0.03326307388256548,0.0016242804385361677,0.05188267975579231,0.03264705378018603,0.04431041940994289,0.0,0.0,0.0,0.0,0.0,0.0,0.0,0.0,0.0,0.0,0.0,0.0,0.0,0.0,0.0,0.0,0.0,0.0,0.0,0.0,0.0,0.0,0.0,0.0,0.0,0.0,0.0,0.0,0.0
7e5,0.04281853644595805,0.1432177751404652,0.11857160929687888,0.1321411721197359,0.17501282639609392,0.12620603153756788,0.07138664387673169,0.05844814016952921,0.06418201989854187,0.023715259162270436,0.029256311533138242,0.015043674423088764,0.0,0.0,0.0,0.0,0.0,0.0,0.0,0.0,0.0,0.0,0.0,0.0,0.0,0.0,0.0,0.0,0.0,0.0,0.0,0.0,0.0,0.0,0.0,0.0,0.0,0.0,0.0,0.0,0.0,0.0,0.0,0.0,0.0,0.0,0.0,0.0,0.0,0.0
7ek,0.021936690356046402,0.07110777197870688,0.08696734573889858,0.11489772165561414,0.11431036802809331,0.12468018361494779,0.1416871860815872,0.10895158312389794,0.06132701924889167,0.05660545230760956,0.07806186256906601,0.01946681529664051,0.0,0.0,0.0,0.0,0.0,0.0,0.0,0.0,0.0,0.0,0.0,0.0,0.0,0.0,0.0,0.0,0.0,0.0,0.0,0.0,0.0,0.0,0.0,0.0,0.0,0.0,0.0,0.0,0.0,0.0,0.0,0.0,0.0,0.0,0.0,0.0,0.0,0.0
7o7,0.030272532738033042,0.1472777163462132,0.08453521738247835,0.12360656919109579,0.12958328669505517,0.13048470594750136,0.11417667339885999,0.0974291159246108,0.06896593485213237,0.04083293627181521,0.03124549920209591,0.0015898120501087866,0.0,0.0,0.0,0.0,0.0,0.0,0.0,0.0,0.0,0.0,0.0,0.0,0.0,0.0,0.0,0.0,0.0,0.0,0.0,0.0,0.0,0.0,0.0,0.0,0.0,0.0,0.0,0.0,0.0,0.0,0.0,0.0,0.0,0.0,0.0,0.0,0.0,0.0
7tu,0.07037226070795946,0.1813379707815519,0.15647776859751567,0.19795822163743218,0.1280937741243759,0.11544295769012979,0.045715350333456084,0.03801213129542603,0.06658956483215302,0.0,0.0,0.0,0.0,0.0,0.0,0.0,0.0,0.0,0.0,0.0,0.0,0.0,0.0,0.0,0.0,0.0,0.0,0.0,0.0,0.0,0.0,0.0,0.0,0.0,0.0,0.0,0.0,0.0,0.0,0.0,0.0,0.0,0.0,0.0,0.0,0.0,0.0,0.0,0.0,0.0
7w5,0.019989889047243733,0.1275740740558734,0.10581101738561591,0.11695134690882898,0.1242179093973995,0.13102229212984687,0.11671606995227751,0.10856570063194486,0.08047026067437626,0.04254850987592674,0.022590096000251057,0.00354283394041517,0.0,0.0,0.0,0.0,0.0,0.0,0.0,0.0,0.0,0.0,0.0,0.0,0.0,0.0,0.0,0.0,0.0,0.0,0.0,0.0,0.0,0.0,0.0,0.0,0.0,0.0,0.0,0.0,0.0,0.0,0.0,0.0,0.0,0.0,0.0,0.0,0.0,0.0
824,0.0689706639665234,0.16849698079085645,0.1453654450181021,0.1584609808799469,0.14366134080246712,0.16440749309511432,0.0880020405479556,0.031012554149157524,0.03162250074987655,0.0,0.0,0.0,0.0,0.0,0.0,0.0,0.0,0.0,0.0,0.0,0.0,0.0,0.0,0.0,0.0,0.0,0.0,0.0,0.0,0.0,0.0,0.0,0.0,0.0,0.0,0.0,0.0,0.0,0.0,0.0,0.0,0.0,0.0,0.0,0.0,0.0,0.0,0.0,0.0,0.0
883,0.013850408296539574,0.08315033616941869,0.06647388124436066,0.06970376704041345,0.0641816693906911,0.06908072993038897,0.024936043437179603,0.08354033690259671,0.008550548509611846,0.0,0.056010529420713315,0.08587568912498739,0.09920560898221009,0.05142445925542901,3.283181733002142e-05,0.0,0.0,0.0,0.0,0.0,0.0,0.0,0.0,0.0,0.000568514568912928,0.025527725135803623,0.05966272025602448,0.11172561548959002,0.026498585027798536,0.0,0.0,0.0,0.0,0.0,0.0,0.0,0.0,0.0,0.0,0.0,0.0,0.0,0.0,0.0,0.0,0.0,0.0,0.0,0.0,0.0
8ub,0.05719214893139356,0.17341073364715515,0.11138018928592171,0.19165107613652402,0.14070022154167663,0.1711516161503949,0.05693618217686044,0.04677360388730156,0.05080422824277204,0.0,0.0,0.0,0.0,0.0,0.0,0.0,0.0,0.0,0.0,0.0,0.0,0.0,0.0,0.0,0.0,0.0,0.0,0.0,0.0,0.0,0.0,0.0,0.0,0.0,0.0,0.0,0.0,0.0,0.0,0.0,0.0,0.0,0.0,0.0,0.0,0.0,0.0,0.0,0.0,0.0
95j,0.0017958005276042942,0.01556091430132015,0.05523086930135284,0.06885961920791658,0.11600581522942398,0.11602804523063313,0.025211496706574413,0.008885915673753356,0.04856079333869912,0.03866904771061334,8.043227191468892e-05,0.03265156677400612,0.062306283085176335,0.06093284349391933,0.052689501279446015,0.0966236486578963,0.0014833566323371012,0.0,0.016620259203915654,0.03856783399702983,0.035465339170724794,0.03789628702824048,0.03080777945272179,0.007236560010756786,0.02855379499319419,0.003276196720829375,0.0,0.0,0.0,0.0,0.0,0.0,0.0,0.0,0.0,0.0,0.0,0.0,0.0,0.0,0.0,0.0,0.0,0.0,0.0,0.0,0.0,0.0,0.0,0.0
96f,0.10778687066554475,0.1829089447166382,0.1535378380356452,0.13649521351741734,0.12038134058374442,0.1309488397477632,0.07751382109539057,0.02432876241962886,0.06609836921822747,0.0,0.0,0.0,0.0,0.0,0.0,0.0,0.0,0.0,0.0,0.0,0.0,0.0,0.0,0.0,0.0,0.0,0.0,0.0,0.0,0.0,0.0,0.0,0.0,0.0,0.0,0.0,0.0,0.0,0.0,0.0,0.0,0.0,0.0,0.0,0.0,0.0,0.0,0.0,0.0,0.0
97b,0.028681440150966814,0.11006660497278184,0.12384796896760407,0.10105234325650919,0.13717849136428373,0.1297022676024916,0.14772857163159422,0.09206543430637754,0.0754812525331911,0.03559291760821193,0.016295455698230446,0.0023072519077575273,0.0,0.0,0.0,0.0,0.0,0.0,0.0,0.0,0.0,0.0,0.0,0.0,0.0,0.0,0.0,0.0,0.0,0.0,0.0,0.0,0.0,0.0,0.0,0.0,0.0,0.0,0.0,0.0,0.0,0.0,0.0,0.0,0.0,0.0,0.0,0.0,0.0,0.0
97p,0.0657063643859992,0.19166079831307048,0.15005187527412053,0.17976156086670886,0.1312787006516565,0.11932878649155455,0.08400326019505315,0.01064341366747717,0.06756524015435958,0.0,0.0,0.0,0.0,0.0,0.0,0.0,0.0,0.0,0.0,0.0,0.0,0.0,0.0,0.0,0.0,0.0,0.0,0.0,0.0,0.0,0.0,0.0,0.0,0.0,0.0,0.0,0.0,0.0,0.0,0.0,0.0,0.0,0.0,0.0,0.0,0.0,0.0,0.0,0.0,0.0
9ky,0.03123723379682779,0.1285782784231792,0.12191845046716168,0.10043591933505223,0.0853057578281405,0.10620721590538763,0.07028996725115928,0.07639065718689689,0.03740084328009064,0.05074801937847795,0.0,0.0,0.0,0.02308944669312443,0.0862038871215584,0.04279800662032572,0.014445273947728963,0.024951042764888683,0.0,0.0,0.0,0.0,0.0,0.0,0.0,0.0,0.0,0.0,0.0,0.0,0.0,0.0,0.0,0.0,0.0,0.0,0.0,0.0,0.0,0.0,0.0,0.0,0.0,0.0,0.0,0.0,0.0,0.0,0.0,0.0
9lo,0.00421424618979386,0.048822270777274586,0.12891291170894467,0.07262217038110332,0.07946343395197224,0.1377536553353482,0.14987982660527036,0.09262193351667702,0.08764245040478064,0.03595628689977811,0.0,0.0,0.0,0.044305425202237035,0.07405420285487531,0.04257141723294073,0.001179768939003919,0.0,0.0,0.0,0.0,0.0,0.0,0.0,0.0,0.0,0.0,0.0,0.0,0.0,0.0,0.0,0.0,0.0,0.0,0.0,0.0,0.0,0.0,0.0,0.0,0.0,0.0,0.0,0.0,0.0,0.0,0.0,0.0,0.0
9ph,0.019306060354424254,0.13242157006092883,0.13690206739542346,0.13935318180900114,0.1440194089899773,0.12057181311066724,0.10869012608950819,0.09665196643903523,0.04195743682768664,0.0023793239778479324,0.015018671053470697,0.034459650767627345,0.008268723124401736,0.0,0.0,0.0,0.0,0.0,0.0,0.0,0.0,0.0,0.0,0.0,0.0,0.0,0.0,0.0,0.0,0.0,0.0,0.0,0.0,0.0,0.0,0.0,0.0,0.0,0.0,0.0,0.0,0.0,0.0,0.0,0.0,0.0,0.0,0.0,0.0,0.0
9rc,0.08615138761812946,0.19346765786173295,0.18392444455815538,0.15435998871956252,0.11879776562054274,0.15966718118070625,0.03685134921847427,0.02852920642833385,0.03825101879436262,0.0,0.0,0.0,0.0,0.0,0.0,0.0,0.0,0.0,0.0,0.0,0.0,0.0,0.0,0.0,0.0,0.0,0.0,0.0,0.0,0.0,0.0,0.0,0.0,0.0,0.0,0.0,0.0,0.0,0.0,0.0,0.0,0.0,0.0,0.0,0.0,0.0,0.0,0.0,0.0,0.0
9s4,0.019267087816795057,0.08833113457681857,0.11639512352666354,0.11213817312268462,0.10567949558586698,0.08898979488281127,0.08494717374419467,0.0419460305984569,0.07226442730478502,0.04791235919686552,0.0,0.0,0.0,0.049780879958022446,0.08117042103085069,0.04809854569283992,0.022235870421534052,0.019026905912061496,0.0018165766287492737,0.0,0.0,0.0,0.0,0.0,0.0,0.0,0.0,0.0,0.0,0.0,0.0,0.0,0.0,0.0,0.0,0.0,0.0,0.0,0.0,0.0,0.0,0.0,0.0,0.0,0.0,0.0,0.0,0.0,0.0,0.0
9wf,0.4775870852701183,0.2418584669113742,0.09841466538701495,0.12708919348193304,0.04714907805985882,0.007901510889700706,0.0,0.0,0.0,0.0,0.0,0.0,0.0,0.0,0.0,0.0,0.0,0.0,0.0,0.0,0.0,0.0,0.0,0.0,0.0,0.0,0.0,0.0,0.0,0.0,0.0,0.0,0.0,0.0,0.0,0.0,0.0,0.0,0.0,0.0,0.0,0.0,0.0,0.0,0.0,0.0,0.0,0.0,0.0,0.0
9zk,0.0032025469054590824,0.05088453384320849,0.06423400936583586,0.10655224073094434,0.1666199561592531,0.15794167655539984,0.13174536144869223,0.12737672404352393,0.11771487132216192,0.0433526699091713,0.030348296281439643,2.7113434910164396e-05,0.0,0.0,0.0,0.0,0.0,0.0,0.0,0.0,0.0,0.0,0.0,0.0,0.0,0.0,0.0,0.0,0.0,0.0,0.0,0.0,0.0,0.0,0.0,0.0,0.0,0.0,0.0,0.0,0.0,0.0,0.0,0.0,0.0,0.0,0.0,0.0,0.0,0.0
9zr,0.07958770765863446,0.19834119180177717,0.1349503525286138,0.1448812401382242,0.13467867277834525,0.1388732065152624,0.08977512673418059,0.018206945906919986,0.060566474819784964,0.00013908111825718336,0.0,0.0,0.0,0.0,0.0,0.0,0.0,0.0,0.0,0.0,0.0,0.0,0.0,0.0,0.0,0.0,0.0,0.0,0.0,0.0,0.0,0.0,0.0,0.0,0.0,0.0,0.0,0.0,0.0,0.0,0.0,0.0,0.0,0.0,0.0,0.0,0.0,0.0,0.0,0.0
a8v,0.09096601644162043,0.16564446645206107,0.16647290489880195,0.16164838985447016,0.1569155197640708,0.12825604276577102,0.06896561269254312,0.0022618436397709397,0.05886920349089049,0.0,0.0,0.0,0.0,0.0,0.0,0.0,0.0,0.0,0.0,0.0,0.0,0.0,0.0,0.0,0.0,0.0,0.0,0.0,0.0,0.0,0.0,0.0,0.0,0.0,0.0,0.0,0.0,0.0,0.0,0.0,0.0,0.0,0.0,0.0,0.0,0.0,0.0,0.0,0.0,0.0
an2,0.0076465991069496675,0.11927397016070417,0.1522964810402361,0.13453488559881158,0.08665620275425352,0.08512231213189173,0.10407044146029197,0.10230304058517058,0.0843745158317864,0.022476156901046075,0.0,0.0089332891645728,0.04930729987441331,0.03575863584516937,0.0072461695447027345,0.0,0.0,0.0,0.0,0.0,0.0,0.0,0.0,0.0,0.0,0.0,0.0,0.0,0.0,0.0,0.0,0.0,0.0,0.0,0.0,0.0,0.0,0.0,0.0,0.0,0.0,0.0,0.0,0.0,0.0,0.0,0.0,0.0,0.0,0.0
aui,0.0068336698673294085,0.047033198202267736,0.10988611489855861,0.112492735476459,0.13585586003312677,0.13215923397150187,0.12075698479468266,0.08961005719913535,0.09286219339996331,0.08489246132032276,0.06761749083665253,0.0,0.0,0.0,0.0,0.0,0.0,0.0,0.0,0.0,0.0,0.0,0.0,0.0,0.0,0.0,0.0,0.0,0.0,0.0,0.0,0.0,0.0,0.0,0.0,0.0,0.0,0.0,0.0,0.0,0.0,0.0,0.0,0.0,0.0,0.0,0.0,0.0,0.0,0.0
be9,0.38108765468944944,0.19703292432872638,0.05258274445975099,0.18063575682918942,0.13010469688214382,0.05855622281073992,0.0,0.0,0.0,0.0,0.0,0.0,0.0,0.0,0.0,0.0,0.0,0.0,0.0,0.0,0.0,0.0,0.0,0.0,0.0,0.0,0.0,0.0,0.0,0.0,0.0,0.0,0.0,0.0,0.0,0.0,0.0,0.0,0.0,0.0,0.0,0.0,0.0,0.0,0.0,0.0,0.0,0.0,0.0,0.0
bi3,0.020951260584386296,0.13881893918016427,0.11818499924931707,0.08978422629899856,0.12778910031726384,0.14058140561966703,0.1002337427171611,0.10832468009023319,0.08364470448825963,0.059109596336261595,0.012577345118287446,0.0,0.0,0.0,0.0,0.0,0.0,0.0,0.0,0.0,0.0,0.0,0.0,0.0,0.0,0.0,0.0,0.0,0.0,0.0,0.0,0.0,0.0,0.0,0.0,0.0,0.0,0.0,0.0,0.0,0.0,0.0,0.0,0.0,0.0,0.0,0.0,0.0,0.0,0.0
bjw,0.07073121055352045,0.2928288287211109,0.26489310564060525,0.19809987288424025,0.11771807232925667,0.05195556482133175,0.003773345049934592,0.0,0.0,0.0,0.0,0.0,0.0,0.0,0.0,0.0,0.0,0.0,0.0,0.0,0.0,0.0,0.0,0.0,0.0,0.0,0.0,0.0,0.0,0.0,0.0,0.0,0.0,0.0,0.0,0.0,0.0,0.0,0.0,0.0,0.0,0.0,0.0,0.0,0.0,0.0,0.0,0.0,0.0,0.0
bnh,0.09094165124573185,0.16576870659076035,0.1664711914448793,0.1616525299437323,0.1568903040845029,0.12822357592748623,0.06894376030611714,0.002268146141190865,0.058840134315599035,0.0,0.0,0.0,0.0,0.0,0.0,0.0,0.0,0.0,0.0,0.0,0.0,0.0,0.0,0.0,0.0,0.0,0.0,0.0,0.0,0.0,0.0,0.0,0.0,0.0,0.0,0.0,0.0,0.0,0.0,0.0,0.0,0.0,0.0,0.0,0.0,0.0,0.0,0.0,0.0,0.0
bq9,0.06096788927552863,0.09160300975678994,0.07966578271539451,0.12057484276717398,0.13493195567652302,0.14607330070946156,0.11331087669197133,0.11452657717925009,0.08223513631299534,0.05589374985903782,0.00021687905587377962,0.0,0.0,0.0,0.0,0.0,0.0,0.0,0.0,0.0,0.0,0.0,0.0,0.0,0.0,0.0,0.0,0.0,0.0,0.0,0.0,0.0,0.0,0.0,0.0,0.0,0.0,0.0,0.0,0.0,0.0,0.0,0.0,0.0,0.0,0.0,0.0,0.0,0.0,0.0
bsa,0.007312316249211436,0.09710707683731129,0.11587529820403732,0.08523882046939432,0.09966407937096171,0.06265251457907262,0.20994513817491928,0.12415048114860204,0.08535734229180594,0.07204403201375574,0.040652900660928304,0.0,0.0,0.0,0.0,0.0,0.0,0.0,0.0,0.0,0.0,0.0,0.0,0.0,0.0,0.0,0.0,0.0,0.0,0.0,0.0,0.0,0.0,0.0,0.0,0.0,0.0,0.0,0.0,0.0,0.0,0.0,0.0,0.0,0.0,0.0,0.0,0.0,0.0,0.0
bv2,0.012324531010906322,0.08591345565877141,0.15493935300401937,0.11932580540217767,0.1465825330203732,0.17796205787235114,0.11580511432225192,0.0914012347623425,0.05639826750778659,0.03687837071964116,0.0024692767193786906,0.0,0.0,0.0,0.0,0.0,0.0,0.0,0.0,0.0,0.0,0.0,0.0,0.0,0.0,0.0,0.0,0.0,0.0,0.0,0.0,0.0,0.0,0.0,0.0,0.0,0.0,0.0,0.0,0.0,0.0,0.0,0.0,0.0,0.0,0.0,0.0,0.0,0.0,0.0
c0g,0.03043786684369931,0.13949973623509324,0.10128356976289088,0.1229708194993724,0.11483731816730346,0.13402074082972115,0.10723670404844739,0.09761764779243717,0.07961585500239582,0.039137837060270846,0.03334190475836837,0.0,0.0,0.0,0.0,0.0,0.0,0.0,0.0,0.0,0.0,0.0,0.0,0.0,0.0,0.0,0.0,0.0,0.0,0.0,0.0,0.0,0.0,0.0,0.0,0.0,0.0,0.0,0.0,0.0,0.0,0.0,0.0,0.0,0.0,0.0,0.0,0.0,0.0,0.0
c6e,0.09337420814725078,0.19878586197440745,0.14862081788128378,0.13523261156748678,0.11468094913283079,0.14518636359727233,0.07462025752413318,0.035380505615931805,0.0541184245594031,0.0,0.0,0.0,0.0,0.0,0.0,0.0,0.0,0.0,0.0,0.0,0.0,0.0,0.0,0.0,0.0,0.0,0.0,0.0,0.0,0.0,0.0,0.0,0.0,0.0,0.0,0.0,0.0,0.0,0.0,0.0,0.0,0.0,0.0,0.0,0.0,0.0,0.0,0.0,0.0,0.0
cdk,0.0025898131578346033,0.03168742791906495,0.10227501164770668,0.059075604117010926,0.08484016312199161,0.1545237662450182,0.1692205474303787,0.07810534954411098,0.07254028371424168,0.026896207712360745,0.01672373316561311,0.017224425469491624,0.019238335933248692,0.013379206305545212,0.07757388120339284,0.04116600083819048,0.032940242474798966,0.0,0.0,0.0,0.0,0.0,0.0,0.0,0.0,0.0,0.0,0.0,0.0,0.0,0.0,0.0,0.0,0.0,0.0,0.0,0.0,0.0,0.0,0.0,0.0,0.0,0.0,0.0,0.0,0.0,0.0,0.0,0.0,0.0
cju,0.10097025207988695,0.18567136755505856,0.15997162157834607,0.12777548181123125,0.15182685891668146,0.1301284502711287,0.07469074627924406,0.010619159355005561,0.05834606215341737,0.0,0.0,0.0,0.0,0.0,0.0,0.0,0.0,0.0,0.0,0.0,0.0,0.0,0.0,0.0,0.0,0.0,0.0,0.0,0.0,0.0,0.0,0.0,0.0,0.0,0.0,0.0,0.0,0.0,0.0,0.0,0.0,0.0,0.0,0.0,0.0,0.0,0.0,0.0,0.0,0.0
clt,0.013357698384650785,0.08389371699498539,0.0943187195499178,0.11567928514292575,0.10667200436454302,0.07711334543181093,0.10649386186709564,0.07485909532506643,0.03761954953437192,0.06255877685193739,0.06617199059419106,0.005759990336874849,0.02938193620901902,0.0,0.0,0.0,0.025853630283871755,0.004671144638705249,0.03532897566934089,0.029971892797404424,0.02346532495125938,0.006829061072028303,0.0,0.0,0.0,0.0,0.0,0.0,0.0,0.0,0.0,0.0,0.0,0.0,0.0,0.0,0.0,0.0,0.0,0.0,0.0,0.0,0.0,0.0,0.0,0.0,0.0,0.0,0.0,0.0
d7f,0.022512566346821535,0.09731298286350523,0.09664507273473846,0.199327115184581,0.16865590588805932,0.14647334584447855,0.09146701353474236,0.06196196291456209,0.06350126105233242,0.05159001501027488,0.0005527586259041617,0.0,0.0,0.0,0.0,0.0,0.0,0.0,0.0,0.0,0.0,0.0,0.0,0.0,0.0,0.0,0.0,0.0,0.0,0.0,0.0,0.0,0.0,0.0,0.0,0.0,0.0,0.0,0.0,0.0,0.0,0.0,0.0,0.0,0.0,0.0,0.0,0.0,0.0,0.0
d9l,0.09403483316338826,0.20022301195652378,0.15212464088123007,0.1169515245925647,0.15475758262631759,0.1347784682726177,0.06484987741104466,0.0039332970412153,0.07834676405509794,0.0,0.0,0.0,0.0,0.0,0.0,0.0,0.0,0.0,0.0,0.0,0.0,0.0,0.0,0.0,0.0,0.0,0.0,0.0,0.0,0.0,0.0,0.0,0.0,0.0,0.0,0.0,0.0,0.0,0.0,0.0,0.0,0.0,0.0,0.0,0.0,0.0,0.0,0.0,0.0,0.0
dae,0.02944973904789102,0.1501714141306007,0.10085809314687762,0.11986474691027248,0.1246368942916804,0.12643470503327553,0.11094848498771197,0.09864084428405834,0.07600788513241856,0.046325677641857924,0.016661515393355454,0.0,0.0,0.0,0.0,0.0,0.0,0.0,0.0,0.0,0.0,0.0,0.0,0.0,0.0,0.0,0.0,0.0,0.0,0.0,0.0,0.0,0.0,0.0,0.0,0.0,0.0,0.0,0.0,0.0,0.0,0.0,0.0,0.0,0.0,0.0,0.0,0.0,0.0,0.0
dc8,0.005358653197678983,0.06068591340319541,0.11475280848778305,0.12900598155664375,0.1025521279814098,0.14223738662658833,0.11284383523904465,0.05966386712694961,0.0836522794484316,0.0507676482342671,0.0,0.0,0.0,0.02994801211357365,0.046192918055422215,0.049024628906779256,0.013313939622232639,0.0,0.0,0.0,0.0,0.0,0.0,0.0,0.0,0.0,0.0,0.0,0.0,0.0,0.0,0.0,0.0,0.0,0.0,0.0,0.0,0.0,0.0,0.0,0.0,0.0,0.0,0.0,0.0,0.0,0.0,0.0,0.0,0.0
deu,0.037329633324481686,0.14623492680616682,0.156414789369453,0.16752102912319145,0.18761634572157931,0.17032699652125322,0.10043118561612888,0.03412509351774561,0.0,0.0,0.0,0.0,0.0,0.0,0.0,0.0,0.0,0.0,0.0,0.0,0.0,0.0,0.0,0.0,0.0,0.0,0.0,0.0,0.0,0.0,0.0,0.0,0.0,0.0,0.0,0.0,0.0,0.0,0.0,0.0,0.0,0.0,0.0,0.0,0.0,0.0,0.0,0.0,0.0,0.0
dlj,0.10661433692879928,0.21778050475136027,0.12076348858299693,0.15601921019998752,0.11743022167419544,0.1460148002652149,0.06877985852025448,0.0274498988657402,0.039147680211450986,0.0,0.0,0.0,0.0,0.0,0.0,0.0,0.0,0.0,0.0,0.0,0.0,0.0,0.0,0.0,0.0,0.0,0.0,0.0,0.0,0.0,0.0,0.0,0.0,0.0,0.0,0.0,0.0,0.0,0.0,0.0,0.0,0.0,0.0,0.0,0.0,0.0,0.0,0.0,0.0,0.0
dth,0.004378171084777657,0.0498145802032971,0.09596662830214285,0.0768339618254667,0.14042146677834497,0.14521397557191223,0.12352522181936677,0.12139324016220202,0.09611238625483726,0.043257459390653105,0.07946180681051433,0.0234508034324655,0.00017029836401951203,0.0,0.0,0.0,0.0,0.0,0.0,0.0,0.0,0.0,0.0,0.0,0.0,0.0,0.0,0.0,0.0,0.0,0.0,0.0,0.0,0.0,0.0,0.0,0.0,0.0,0.0,0.0,0.0,0.0,0.0,0.0,0.0,0.0,0.0,0.0,0.0,0.0
dvn,0.041796524933558274,0.25093755289750874,0.27485510519460477,0.21346309518830253,0.12317747119544219,0.08082556848915301,0.014944682101430535,0.0,0.0,0.0,0.0,0.0,0.0,0.0,0.0,0.0,0.0,0.0,0.0,0.0,0.0,0.0,0.0,0.0,0.0,0.0,0.0,0.0,0.0,0.0,0.0,0.0,0.0,0.0,0.0,0.0,0.0,0.0,0.0,0.0,0.0,0.0,0.0,0.0,0.0,0.0,0.0,0.0,0.0,0.0
e6a,0.019653531537976904,0.12949466018514674,0.11073207106042797,0.11583038572174016,0.13209838512302471,0.132253407201924,0.11588869439508909,0.10068922282468246,0.08352928947983662,0.048776934137295204,0.01105341833285611,0.0,0.0,0.0,0.0,0.0,0.0,0.0,0.0,0.0,0.0,0.0,0.0,0.0,0.0,0.0,0.0,0.0,0.0,0.0,0.0,0.0,0.0,0.0,0.0,0.0,0.0,0.0,0.0,0.0,0.0,0.0,0.0,0.0,0.0,0.0,0.0,0.0,0.0,0.0
e81,0.06903832811551744,0.14813161107782602,0.12235406585778362,0.12263196008769357,0.11739153748031299,0.1032832359662672,0.07927625044406872,0.03538337496302735,0.03661796327256376,0.03890921931115154,0.04039885650472593,0.03162927697417041,0.028032994438684004,0.026921325506207558,0.0,0.0,0.0,0.0,0.0,0.0,0.0,0.0,0.0,0.0,0.0,0.0,0.0,0.0,0.0,0.0,0.0,0.0,0.0,0.0,0.0,0.0,0.0,0.0,0.0,0.0,0.0,0.0,0.0,0.0,0.0,0.0,0.0,0.0,0.0,0.0
ek5,0.027161070925493327,0.16334716475254163,0.1475095773467049,0.1584029090861149,0.1398005597214312,0.10844370161571881,0.0664166381201827,0.03574020492885026,0.05273552646357799,0.038931398087396867,0.0020704330059623677,0.005760597454127739,0.04997293128856003,0.0037072872033372707,0.0,0.0,0.0,0.0,0.0,0.0,0.0,0.0,0.0,0.0,0.0,0.0,0.0,0.0,0.0,0.0,0.0,0.0,0.0,0.0,0.0,0.0,0.0,0.0,0.0,0.0,0.0,0.0,0.0,0.0,0.0,0.0,0.0,0.0,0.0,0.0
fft,0.008647527576541391,0.06623755002060372,0.08008822468546369,0.08595330042244247,0.09690523852234388,0.09928384553374384,0.1607722942878649,0.14678944425935087,0.11939967726486587,0.1064477818651989,0.029475115561580483,0.0,0.0,0.0,0.0,0.0,0.0,0.0,0.0,0.0,0.0,0.0,0.0,0.0,0.0,0.0,0.0,0.0,0.0,0.0,0.0,0.0,0.0,0.0,0.0,0.0,0.0,0.0,0.0,0.0,0.0,0.0,0.0,0.0,0.0,0.0,0.0,0.0,0.0,0.0
fj5,0.012368550785282659,0.05656413713311207,0.1057600691482794,0.10214474288928292,0.09244235764264108,0.11119421123140467,0.13794939955139318,0.09037237090584538,0.08318948021486894,0.04963264006424948,0.0,0.0022658742319715424,0.022050798387710593,0.04912669593657775,0.04436835335771758,0.040466372964704574,0.00010394555495819091,0.0,0.0,0.0,0.0,0.0,0.0,0.0,0.0,0.0,0.0,0.0,0.0,0.0,0.0,0.0,0.0,0.0,0.0,0.0,0.0,0.0,0.0,0.0,0.0,0.0,0.0,0.0,0.0,0.0,0.0,0.0,0.0,0.0
fkj,0.08901224045274508,0.17343521785854132,0.1333000840793576,0.1464322332929639,0.12527167908852513,0.18480113358122993,0.0708395871450136,0.027740271293912835,0.04916755320771063,0.0,0.0,0.0,0.0,0.0,0.0,0.0,0.0,0.0,0.0,0.0,0.0,0.0,0.0,0.0,0.0,0.0,0.0,0.0,0.0,0.0,0.0,0.0,0.0,0.0,0.0,0.0,0.0,0.0,0.0,0.0,0.0,0.0,0.0,0.0,0.0,0.0,0.0,0.0,0.0,0.0
fwz,0.05119167264571067,0.1760946188539235,0.15469085726587198,0.06498392141333062,0.21242697286633216,0.17122575892693268,0.057664364005279585,0.05519858374155626,0.05201359553103888,0.004509654750023638,0.0,0.0,0.0,0.0,0.0,0.0,0.0,0.0,0.0,0.0,0.0,0.0,0.0,0.0,0.0,0.0,0.0,0.0,0.0,0.0,0.0,0.0,0.0,0.0,0.0,0.0,0.0,0.0,0.0,0.0,0.0,0.0,0.0,0.0,0.0,0.0,0.0,0.0,0.0,0.0
gcj,0.01816599666572687,0.11685473546819171,0.12476957177281209,0.11796947044849135,0.11860786985821947,0.13420437257218967,0.10768412318818409,0.09508445134860355,0.07708181660693249,0.04196048950156542,0.03932916616642446,0.008287936402658819,0.0,0.0,0.0,0.0,0.0,0.0,0.0,0.0,0.0,0.0,0.0,0.0,0.0,0.0,0.0,0.0,0.0,0.0,0.0,0.0,0.0,0.0,0.0,0.0,0.0,0.0,0.0,0.0,0.0,0.0,0.0,0.0,0.0,0.0,0.0,0.0,0.0,0.0
gkl,0.026644191600831365,0.13482871280876296,0.1098210717715614,0.12004149550084244,0.11131476257581717,0.1383683234320627,0.10791581175632622,0.0900827895225804,0.07959048658038873,0.0420120489306323,0.029153992335021094,0.010226313185173204,0.0,0.0,0.0,0.0,0.0,0.0,0.0,0.0,0.0,0.0,0.0,0.0,0.0,0.0,0.0,0.0,0.0,0.0,0.0,0.0,0.0,0.0,0.0,0.0,0.0,0.0,0.0,0.0,0.0,0.0,0.0,0.0,0.0,0.0,0.0,0.0,0.0,0.0
goi,0.06662145323522575,0.09109539913634199,0.0695031733721933,0.06536855037940759,0.029983291120184354,0.10460527341372487,0.013954006845322992,0.0032833269180800122,0.0,0.0,0.0,0.0,0.0,0.057432003940157336,0.0332003648197951,0.0,0.0,0.0,0.0,0.010904497650415667,0.09419818886524187,0.0870621297362775,0.015635015428624263,0.0,0.0,0.0,0.0,0.0,0.0,0.0,0.0,0.0,0.0,0.0,0.0,0.0,0.0,0.0,0.0,0.0,0.0,0.0,0.0,0.12874797426177373,0.0,0.1284053508772337,0.0,0.0,0.0,0.0
gvd,0.0023932823740497977,0.02413884259115268,0.1423334612617949,0.10473499287359797,0.12774864283745277,0.12758543164072916,0.13174065237597146,0.09832189640518608,0.13116463217085242,0.10796005002501384,0.0018781154441989193,0.0,0.0,0.0,0.0,0.0,0.0,0.0,0.0,0.0,0.0,0.0,0.0,0.0,0.0,0.0,0.0,0.0,0.0,0.0,0.0,0.0,0.0,0.0,0.0,0.0,0.0,0.0,0.0,0.0,0.0,0.0,0.0,0.0,0.0,0.0,0.0,0.0,0.0,0.0
gw2,0.004940589166368167,0.0787830410106956,0.10443738510636598,0.11967440662437748,0.10693037842060132,0.10443659326083243,0.08918009742694416,0.06474672190898904,0.05554291717077416,0.04719028727804063,0.00030173377238528734,0.0,0.0014926381637384402,0.04468195304796297,0.055493678332321744,0.057483007806679046,0.029232093794949402,0.02509879338182593,0.01035368432614822,0.0,0.0,0.0,0.0,0.0,0.0,0.0,0.0,0.0,0.0,0.0,0.0,0.0,0.0,0.0,0.0,0.0,0.0,0.0,0.0,0.0,0.0,0.0,0.0,0.0,0.0,0.0,0.0,0.0,0.0,0.0
gxz,0.015575494417521478,0.10464146874509647,0.11056599172937737,0.08969012077007635,0.09518229835889379,0.083887235731151,0.10901072010275592,0.06519743347639366,0.1001569183298891,0.03814158091273745,0.0,0.0,0.023123449442059373,0.05602189022372371,0.03964133215395779,0.03520139749502431,0.03371143898086903,0.0002512291304732004,0.0,0.0,0.0,0.0,0.0,0.0,0.0,0.0,0.0,0.0,0.0,0.0,0.0,0.0,0.0,0.0,0.0,0.0,0.0,0.0,0.0,0.0,0.0,0.0,0.0,0.0,0.0,0.0,0.0,0.0,0.0,0.0
gz8,0.02708678416065126,0.15044446159156766,0.10584572611762523,0.11563171025582514,0.11497132227720253,0.1384728129873199,0.10598187516133599,0.09395902568397077,0.06662629096634175,0.045835735750876995,0.034920472152946934,0.00022378289433587332,0.0,0.0,0.0,0.0,0.0,0.0,0.0,0.0,0.0,0.0,0.0,0.0,0.0,0.0,0.0,0.0,0.0,0.0,0.0,0.0,0.0,0.0,0.0,0.0,0.0,0.0,0.0,0.0,0.0,0.0,0.0,0.0,0.0,0.0,0.0,0.0,0.0,0.0
h6c,0.005658722871760402,0.06500611296658976,0.11689877151667227,0.06483898001328942,0.13628816578781391,0.23936947175887602,0.1692642851155383,0.03610490298043501,0.0,0.0,0.0,0.103762352082073,0.06209116473719098,0.0007170701697610832,0.0,0.0,0.0,0.0,0.0,0.0,0.0,0.0,0.0,0.0,0.0,0.0,0.0,0.0,0.0,0.0,0.0,0.0,0.0,0.0,0.0,0.0,0.0,0.0,0.0,0.0,0.0,0.0,0.0,0.0,0.0,0.0,0.0,0.0,0.0,0.0
h7r,0.01955934575984433,0.10782801546236336,0.11097180877031583,0.10334143283581446,0.10258897584859392,0.0953764637672423,0.07419167974502065,0.05858381452513631,0.058922071716413615,0.0439602356197166,0.0,0.0,0.0,0.028574216330235706,0.10104086413453273,0.05989331196667363,0.016281019374787153,0.018886744143309417,0.0,0.0,0.0,0.0,0.0,0.0,0.0,0.0,0.0,0.0,0.0,0.0,0.0,0.0,0.0,0.0,0.0,0.0,0.0,0.0,0.0,0.0,0.0,0.0,0.0,0.0,0.0,0.0,0.0,0.0,0.0,0.0
h82,0.09854858690354781,0.15795132963426248,0.15637360062708783,0.12119576159851507,0.14754238516404258,0.1314750563768761,0.08222293797066743,0.0,0.10469034172500069,0.0,0.0,0.0,0.0,0.0,0.0,0.0,0.0,0.0,0.0,0.0,0.0,0.0,0.0,0.0,0.0,0.0,0.0,0.0,0.0,0.0,0.0,0.0,0.0,0.0,0.0,0.0,0.0,0.0,0.0,0.0,0.0,0.0,0.0,0.0,0.0,0.0,0.0,0.0,0.0,0.0
h89,0.03562744551377941,0.1493564701906852,0.09516257817244694,0.1192635280838276,0.112970541522424,0.13646274554521967,0.10859138383666492,0.10011653206119878,0.07720986251799923,0.0398491667071581,0.025233167595441728,0.0001565782531544113,0.0,0.0,0.0,0.0,0.0,0.0,0.0,0.0,0.0,0.0,0.0,0.0,0.0,0.0,0.0,0.0,0.0,0.0,0.0,0.0,0.0,0.0,0.0,0.0,0.0,0.0,0.0,0.0,0.0,0.0,0.0,0.0,0.0,0.0,0.0,0.0,0.0,0.0
hai,0.10947121259342017,0.1614476215444156,0.14326018174713656,0.09603855776456131,0.0025240279593167774,0.07927863998995258,0.03489122282224215,0.10699734860032274,0.06862455294637704,0.00902707745578968,0.0,0.0,0.0,0.06823683569610955,0.07567187147252927,0.0343318736626664,0.010198975745160148,0.0,0.0,0.0,0.0,0.0,0.0,0.0,0.0,0.0,0.0,0.0,0.0,0.0,0.0,0.0,0.0,0.0,0.0,0.0,0.0,0.0,0.0,0.0,0.0,0.0,0.0,0.0,0.0,0.0,0.0,0.0,0.0,0.0
hbz,0.1004881535580106,0.18345197927330137,0.1434115608402362,0.16298056642785327,0.13827037210002147,0.12515416067113486,0.08182968791708871,0.01631832151424189,0.04809519769811164,0.0,0.0,0.0,0.0,0.0,0.0,0.0,0.0,0.0,0.0,0.0,0.0,0.0,0.0,0.0,0.0,0.0,0.0,0.0,0.0,0.0,0.0,0.0,0.0,0.0,0.0,0.0,0.0,0.0,0.0,0.0,0.0,0.0,0.0,0.0,0.0,0.0,0.0,0.0,0.0,0.0
hcm,0.04656352255294566,0.13369635379733513,0.09547802500255827,0.1141482979560262,0.12128132877624907,0.11944603105483988,0.11130073808477169,0.09616426436265606,0.07551079668340206,0.04115844288097513,0.03661542100867915,0.008636777839561715,0.0,0.0,0.0,0.0,0.0,0.0,0.0,0.0,0.0,0.0,0.0,0.0,0.0,0.0,0.0,0.0,0.0,0.0,0.0,0.0,0.0,0.0,0.0,0.0,0.0,0.0,0.0,0.0,0.0,0.0,0.0,0.0,0.0,0.0,0.0,0.0,0.0,0.0
hja,0.04279867282183822,0.15682028907620335,0.12591283529031128,0.12176145201683822,0.1324605240484864,0.15276452289865503,0.05057227222671984,0.0,0.0,0.027430020697818965,0.05504953691342774,0.05976410510857434,0.05145385652226454,0.0232119123788621,0.0,0.0,0.0,0.0,0.0,0.0,0.0,0.0,0.0,0.0,0.0,0.0,0.0,0.0,0.0,0.0,0.0,0.0,0.0,0.0,0.0,0.0,0.0,0.0,0.0,0.0,0.0,0.0,0.0,0.0,0.0,0.0,0.0,0.0,0.0,0.0
i12,0.005899388685827761,0.08044082400614162,0.10165289513494659,0.14092684115215176,0.11646240622817843,0.1691466723180622,0.11413864507946163,0.07906617800517828,0.07281836243906635,0.075067833001301,0.04179726783171878,0.002582686117965608,0.0,0.0,0.0,0.0,0.0,0.0,0.0,0.0,0.0,0.0,0.0,0.0,0.0,0.0,0.0,0.0,0.0,0.0,0.0,0.0,0.0,0.0,0.0,0.0,0.0,0.0,0.0,0.0,0.0,0.0,0.0,0.0,0.0,0.0,0.0,0.0,0.0,0.0
ia5,0.039453794399186885,0.14651551779148203,0.16014011236701886,0.1648843521383104,0.11835029036048461,0.09866994296194784,0.07357732085161668,0.007041820505607885,0.05934852863054729,0.013368492129034952,0.017400570979415986,0.03761268115272895,0.06036840233297752,0.0032681733996401097,0.0,0.0,0.0,0.0,0.0,0.0,0.0,0.0,0.0,0.0,0.0,0.0,0.0,0.0,0.0,0.0,0.0,0.0,0.0,0.0,0.0,0.0,0.0,0.0,0.0,0.0,0.0,0.0,0.0,0.0,0.0,0.0,0.0,0.0,0.0,0.0
iiy,0.0841047469219663,0.19954949517108708,0.15073049734278948,0.13936664381410732,0.10287484631376499,0.13715091828049977,0.10094048289378905,0.02404669741717912,0.0612356718448169,0.0,0.0,0.0,0.0,0.0,0.0,0.0,0.0,0.0,0.0,0.0,0.0,0.0,0.0,0.0,0.0,0.0,0.0,0.0,0.0,0.0,0.0,0.0,0.0,0.0,0.0,0.0,0.0,0.0,0.0,0.0,0.0,0.0,0.0,0.0,0.0,0.0,0.0,0.0,0.0,0.0
ij5,0.09412771331753354,0.1969462638415163,0.1521148671530142,0.1646806353297711,0.13578972319409063,0.10297020002056595,0.06875854821112147,0.006661440724313122,0.07795060820807369,0.0,0.0,0.0,0.0,0.0,0.0,0.0,0.0,0.0,0.0,0.0,0.0,0.0,0.0,0.0,0.0,0.0,0.0,0.0,0.0,0.0,0.0,0.0,0.0,0.0,0.0,0.0,0.0,0.0,0.0,0.0,0.0,0.0,0.0,0.0,0.0,0.0,0.0,0.0,0.0,0.0
ik8,0.07871193605184386,0.17013838553052463,0.15396584995185492,0.1474983356705254,0.13406146542580696,0.16896795401962672,0.07924019303394875,0.028138046086743872,0.039277834229124876,0.0,0.0,0.0,0.0,0.0,0.0,0.0,0.0,0.0,0.0,0.0,0.0,0.0,0.0,0.0,0.0,0.0,0.0,0.0,0.0,0.0,0.0,0.0,0.0,0.0,0.0,0.0,0.0,0.0,0.0,0.0,0.0,0.0,0.0,0.0,0.0,0.0,0.0,0.0,0.0,0.0
iqt,0.01332954951260693,0.09081881024943067,0.11499377989123982,0.11177664132516404,0.10939929943774507,0.08264617861071354,0.09174171286725942,0.05033331843326952,0.05747272526341051,0.062816484113963,0.0008059497997893038,0.0,0.004726212922179255,0.04227153354576658,0.08307436923603834,0.03670275528964055,0.021476820252079504,0.02180479404861879,0.0038090652010851675,0.0,0.0,0.0,0.0,0.0,0.0,0.0,0.0,0.0,0.0,0.0,0.0,0.0,0.0,0.0,0.0,0.0,0.0,0.0,0.0,0.0,0.0,0.0,0.0,0.0,0.0,0.0,0.0,0.0,0.0,0.0
ish,0.09911425775194424,0.2154232424511811,0.15854140924743718,0.14616358633883772,0.12440740307841754,0.13950369113596878,0.07677565364662331,0.001701514706570515,0.03836924164301961,0.0,0.0,0.0,0.0,0.0,0.0,0.0,0.0,0.0,0.0,0.0,0.0,0.0,0.0,0.0,0.0,0.0,0.0,0.0,0.0,0.0,0.0,0.0,0.0,0.0,0.0,0.0,0.0,0.0,0.0,0.0,0.0,0.0,0.0,0.0,0.0,0.0,0.0,0.0,0.0,0.0
ix1,0.029929461246982158,0.1342296199918541,0.12239357495990172,0.0891243881332405,0.09746239149559442,0.07060412565950695,0.04500474957810384,0.03694299801747728,0.08722960209156666,0.05259198556580771,0.0,0.0,0.0,0.0035055470016981992,0.1111629412490491,0.07541149586713766,0.006297608084827497,0.03721137682950397,0.0008981342277482508,0.0,0.0,0.0,0.0,0.0,0.0,0.0,0.0,0.0,0.0,0.0,0.0,0.0,0.0,0.0,0.0,0.0,0.0,0.0,0.0,0.0,0.0,0.0,0.0,0.0,0.0,0.0,0.0,0.0,0.0,0.0
j8q,0.07179588531874001,0.16753173598238552,0.14207890471445703,0.15791557867441253,0.1463353752521905,0.15698863438439525,0.09279534332379791,0.013812800623494796,0.05074574172612645,0.0,0.0,0.0,0.0,0.0,0.0,0.0,0.0,0.0,0.0,0.0,0.0,0.0,0.0,0.0,0.0,0.0,0.0,0.0,0.0,0.0,0.0,0.0,0.0,0.0,0.0,0.0,0.0,0.0,0.0,0.0,0.0,0.0,0.0,0.0,0.0,0.0,0.0,0.0,0.0,0.0
jkq,0.00493778893393565,0.0642909208032435,0.08254924251866061,0.15707542478528616,0.13308082793219986,0.16496671068142135,0.11955115889618856,0.05268122594977955,0.0838269816595644,0.07810470892753069,0.04262965812545909,0.016305350786730594,0.0,0.0,0.0,0.0,0.0,0.0,0.0,0.0,0.0,0.0,0.0,0.0,0.0,0.0,0.0,0.0,0.0,0.0,0.0,0.0,0.0,0.0,0.0,0.0,0.0,0.0,0.0,0.0,0.0,0.0,0.0,0.0,0.0,0.0,0.0,0.0,0.0,0.0
jl4,0.009671636446633308,0.06948203554442804,0.09181720151906994,0.1639079728814535,0.12589101029644353,0.162595103456119,0.11047201341519862,0.03924736880267364,0.09548052519198565,0.0678230162414859,0.047640252642913536,0.01597186356159532,0.0,0.0,0.0,0.0,0.0,0.0,0.0,0.0,0.0,0.0,0.0,0.0,0.0,0.0,0.0,0.0,0.0,0.0,0.0,0.0,0.0,0.0,0.0,0.0,0.0,0.0,0.0,0.0,0.0,0.0,0.0,0.0,0.0,0.0,0.0,0.0,0.0,0.0
joc,0.03844256725545454,0.19677658788640212,0.1081895247488864,0.10283636863266346,0.1207507961144096,0.2721666700851181,0.04114928446591574,0.02515112836973881,0.09453707244141125,0.0,0.0,0.0,0.0,0.0,0.0,0.0,0.0,0.0,0.0,0.0,0.0,0.0,0.0,0.0,0.0,0.0,0.0,0.0,0.0,0.0,0.0,0.0,0.0,0.0,0.0,0.0,0.0,0.0,0.0,0.0,0.0,0.0,0.0,0.0,0.0,0.0,0.0,0.0,0.0,0.0
jqc,0.012052108500557265,0.06922578767274372,0.08148755250245092,0.14169281412326953,0.13972790552680298,0.13899760901743607,0.12734018073083114,0.12908256342798036,0.08846854904403803,0.05647990185259055,0.015445027601299458,0.0,0.0,0.0,0.0,0.0,0.0,0.0,0.0,0.0,0.0,0.0,0.0,0.0,0.0,0.0,0.0,0.0,0.0,0.0,0.0,0.0,0.0,0.0,0.0,0.0,0.0,0.0,0.0,0.0,0.0,0.0,0.0,0.0,0.0,0.0,0.0,0.0,0.0,0.0
k4x,0.05274355877357095,0.15443064007242024,0.11832979010200605,0.17464936815278917,0.14241062397275184,0.17082320022477931,0.06405424538181208,0.06265036079621024,0.05990821252366009,0.0,0.0,0.0,0.0,0.0,0.0,0.0,0.0,0.0,0.0,0.0,0.0,0.0,0.0,0.0,0.0,0.0,0.0,0.0,0.0,0.0,0.0,0.0,0.0,0.0,0.0,0.0,0.0,0.0,0.0,0.0,0.0,0.0,0.0,0.0,0.0,0.0,0.0,0.0,0.0,0.0
ka6,0.027092549623242094,0.1504557509107604,0.10585087789656059,0.1156415326569516,0.11497576535851879,0.13845587425742217,0.10598210096358213,0.0940163207901814,0.0666174891825357,0.045848075827913455,0.034840949182988475,0.00022271334934317996,0.0,0.0,0.0,0.0,0.0,0.0,0.0,0.0,0.0,0.0,0.0,0.0,0.0,0.0,0.0,0.0,0.0,0.0,0.0,0.0,0.0,0.0,0.0,0.0,0.0,0.0,0.0,0.0,0.0,0.0,0.0,0.0,0.0,0.0,0.0,0.0,0.0,0.0
kab,0.013282308414510788,0.09071843023004506,0.1150122883115996,0.11181820728044692,0.10936199049824075,0.08274474789929957,0.09200286599467121,0.05032247475319558,0.057493331863508926,0.06270120119032997,0.0008041701317127609,0.0,0.00472317367495716,0.04231363309838824,0.08292794418225516,0.0366895098002979,0.021474315222890235,0.021800323923461328,0.0038090835301888555,0.0,0.0,0.0,0.0,0.0,0.0,0.0,0.0,0.0,0.0,0.0,0.0,0.0,0.0,0.0,0.0,0.0,0.0,0.0,0.0,0.0,0.0,0.0,0.0,0.0,0.0,0.0,0.0,0.0,0.0,0.0
kbo,0.012058573076071296,0.11926473537536342,0.141737481650587,0.10642419815365053,0.05845112196845223,0.07478569681851031,0.08020777453846559,0.04727232715735783,0.10959909743711557,0.030296734798370802,0.0,0.0,0.0,0.05114288676356406,0.07916185434622412,0.056677110645994296,0.025309197526514084,0.007611209743758888,0.0,0.0,0.0,0.0,0.0,0.0,0.0,0.0,0.0,0.0,0.0,0.0,0.0,0.0,0.0,0.0,0.0,0.0,0.0,0.0,0.0,0.0,0.0,0.0,0.0,0.0,0.0,0.0,0.0,0.0,0.0,0.0
kbq,0.03528280570721829,0.16993795423585992,0.09596220531328982,0.1177507691351178,0.15351808381025028,0.12699362082884355,0.10221319493332312,0.10678960715305427,0.07441594635236286,0.017135812530680073,0.0,0.0,0.0,0.0,0.0,0.0,0.0,0.0,0.0,0.0,0.0,0.0,0.0,0.0,0.0,0.0,0.0,0.0,0.0,0.0,0.0,0.0,0.0,0.0,0.0,0.0,0.0,0.0,0.0,0.0,0.0,0.0,0.0,0.0,0.0,0.0,0.0,0.0,0.0,0.0
kbu,0.03211572519831066,0.15244678161015895,0.11314350375168614,0.11304525542435048,0.11384500758016246,0.13502832499034173,0.11119393799659484,0.0957322697070307,0.072908468620233,0.03947323054165331,0.0173183186891123,0.003749175890365384,0.0,0.0,0.0,0.0,0.0,0.0,0.0,0.0,0.0,0.0,0.0,0.0,0.0,0.0,0.0,0.0,0.0,0.0,0.0,0.0,0.0,0.0,0.0,0.0,0.0,0.0,0.0,0.0,0.0,0.0,0.0,0.0,0.0,0.0,0.0,0.0,0.0,0.0
kfp,0.044651052021580685,0.12992685233983506,0.11729797363112883,0.053455699066265856,0.09767724386277468,0.10374479854262043,0.06742210406935101,0.08087864843440741,0.062486560548456305,0.01277249159862302,0.03127336697208789,0.0,0.02857020063589883,0.02628560583322032,0.03149663979566311,0.03783283477599879,0.06957778462360512,0.004650143248482633,0.0,0.0,0.0,0.0,0.0,0.0,0.0,0.0,0.0,0.0,0.0,0.0,0.0,0.0,0.0,0.0,0.0,0.0,0.0,0.0,0.0,0.0,0.0,0.0,0.0,0.0,0.0,0.0,0.0,0.0,0.0,0.0
kgl,0.07081332424911284,0.1637474875857483,0.14188733116775312,0.18374739028936704,0.1275883324322022,0.11428861956723402,0.08832378919012666,0.0368097940851597,0.07228243506104147,0.0005114963722546867,0.0,0.0,0.0,0.0,0.0,0.0,0.0,0.0,0.0,0.0,0.0,0.0,0.0,0.0,0.0,0.0,0.0,0.0,0.0,0.0,0.0,0.0,0.0,0.0,0.0,0.0,0.0,0.0,0.0,0.0,0.0,0.0,0.0,0.0,0.0,0.0,0.0,0.0,0.0,0.0
kkn,0.14315570396797345,0.20740243903674774,0.08482807770320157,0.10769768343164064,0.10259648593842578,0.14559974578567267,0.07048575021882356,0.05116248525676253,0.054480517516251555,0.03226085722146798,0.00033025392303253373,0.0,0.0,0.0,0.0,0.0,0.0,0.0,0.0,0.0,0.0,0.0,0.0,0.0,0.0,0.0,0.0,0.0,0.0,0.0,0.0,0.0,0.0,0.0,0.0,0.0,0.0,0.0,0.0,0.0,0.0,0.0,0.0,0.0,0.0,0.0,0.0,0.0,0.0,0.0
kko,0.08133255510390487,0.19531659386140576,0.15201819519914914,0.14654245873401012,0.12742117019220814,0.16318247071098224,0.05717720276508116,0.012054052371977967,0.06495530106128058,0.0,0.0,0.0,0.0,0.0,0.0,0.0,0.0,0.0,0.0,0.0,0.0,0.0,0.0,0.0,0.0,0.0,0.0,0.0,0.0,0.0,0.0,0.0,0.0,0.0,0.0,0.0,0.0,0.0,0.0,0.0,0.0,0.0,0.0,0.0,0.0,0.0,0.0,0.0,0.0,0.0
kmv,0.08664715775396511,0.1766029522635351,0.16409919163182582,0.10782559192666555,0.2479351525803089,0.15196419533408975,0.0443642012754767,0.017063370593819033,0.0034981866403140435,0.0,0.0,0.0,0.0,0.0,0.0,0.0,0.0,0.0,0.0,0.0,0.0,0.0,0.0,0.0,0.0,0.0,0.0,0.0,0.0,0.0,0.0,0.0,0.0,0.0,0.0,0.0,0.0,0.0,0.0,0.0,0.0,0.0,0.0,0.0,0.0,0.0,0.0,0.0,0.0,0.0
kop,0.07215692364225759,0.16267810962561574,0.16335618220277734,0.19254193948031498,0.1420704830321683,0.12984302984686458,0.06043729344204736,0.006698926280668694,0.07021711244728543,0.0,0.0,0.0,0.0,0.0,0.0,0.0,0.0,0.0,0.0,0.0,0.0,0.0,0.0,0.0,0.0,0.0,0.0,0.0,0.0,0.0,0.0,0.0,0.0,0.0,0.0,0.0,0.0,0.0,0.0,0.0,0.0,0.0,0.0,0.0,0.0,0.0,0.0,0.0,0.0,0.0
l9r,0.024966908112836014,0.12817105283932007,0.10732009411889533,0.11812005136626919,0.11232311964968077,0.12635021011927947,0.11322382705882202,0.09377836012800922,0.08927800323099838,0.046539459459494906,0.03410636298751321,0.005822550928881436,0.0,0.0,0.0,0.0,0.0,0.0,0.0,0.0,0.0,0.0,0.0,0.0,0.0,0.0,0.0,0.0,0.0,0.0,0.0,0.0,0.0,0.0,0.0,0.0,0.0,0.0,0.0,0.0,0.0,0.0,0.0,0.0,0.0,0.0,0.0,0.0,0.0,0.0
l9v,0.01119232211915392,0.12236160816773446,0.09926803152580257,0.12987796456437303,0.17459265865712706,0.14136106261683246,0.12000867126266297,0.06791685502490759,0.092032558401056,0.0346975357656948,0.006690731894655149,0.0,0.0,0.0,0.0,0.0,0.0,0.0,0.0,0.0,0.0,0.0,0.0,0.0,0.0,0.0,0.0,0.0,0.0,0.0,0.0,0.0,0.0,0.0,0.0,0.0,0.0,0.0,0.0,0.0,0.0,0.0,0.0,0.0,0.0,0.0,0.0,0.0,0.0,0.0
lap,0.013325704997711914,0.09086705283624638,0.11499575520644936,0.11177345866285915,0.1093877880650423,0.0826617212242,0.09177886685866249,0.05033147208106163,0.05746160103290223,0.06280094357325433,0.0008057775487314191,0.0,0.00472566836560653,0.042260301388994455,0.08305171894853015,0.036695972875769214,0.02146975644192563,0.021797552188580475,0.0038088877034723255,0.0,0.0,0.0,0.0,0.0,0.0,0.0,0.0,0.0,0.0,0.0,0.0,0.0,0.0,0.0,0.0,0.0,0.0,0.0,0.0,0.0,0.0,0.0,0.0,0.0,0.0,0.0,0.0,0.0,0.0,0.0
ldx,0.010325315333000566,0.10816617353010664,0.10758846168246053,0.11990485382453527,0.07968415888302224,0.10097622523490722,0.09054104235575512,0.07369558847468939,0.03268622878995044,0.0464492236387483,0.0005279260109696831,0.0,0.0,0.0,0.07608042370265916,0.10987827422451478,0.008987234882189088,0.029378970808565052,0.005129898623926511,0.0,0.0,0.0,0.0,0.0,0.0,0.0,0.0,0.0,0.0,0.0,0.0,0.0,0.0,0.0,0.0,0.0,0.0,0.0,0.0,0.0,0.0,0.0,0.0,0.0,0.0,0.0,0.0,0.0,0.0,0.0
lkm,0.007676682919105611,0.06642937918452421,0.10734368605322958,0.10201654757078076,0.12323564728152553,0.11486613688517648,0.10164440085923138,0.1273490780385456,0.09532305251728593,0.02116166201479737,0.08369924812380933,0.049254478551988216,0.0,0.0,0.0,0.0,0.0,0.0,0.0,0.0,0.0,0.0,0.0,0.0,0.0,0.0,0.0,0.0,0.0,0.0,0.0,0.0,0.0,0.0,0.0,0.0,0.0,0.0,0.0,0.0,0.0,0.0,0.0,0.0,0.0,0.0,0.0,0.0,0.0,0.0
lol,0.19501952302887968,0.1437630745499144,0.13719875751333874,0.19440715098864347,0.08931083161193161,0.11972810721851361,0.019394333812516856,0.0,0.10117822127626165,0.0,0.0,0.0,0.0,0.0,0.0,0.0,0.0,0.0,0.0,0.0,0.0,0.0,0.0,0.0,0.0,0.0,0.0,0.0,0.0,0.0,0.0,0.0,0.0,0.0,0.0,0.0,0.0,0.0,0.0,0.0,0.0,0.0,0.0,0.0,0.0,0.0,0.0,0.0,0.0,0.0
lpx,0.029632262404969134,0.12825531719442224,0.11960108799466863,0.11135668766340585,0.08555388443997432,0.0726159213417739,0.06306689706007461,0.01807244238688613,0.10466043629914486,0.05565659527640108,0.0,0.0,0.0,0.04148202356543374,0.06593762682672144,0.0676808636857383,0.01383194957813788,0.021073820927776862,0.001522183354470871,0.0,0.0,0.0,0.0,0.0,0.0,0.0,0.0,0.0,0.0,0.0,0.0,0.0,0.0,0.0,0.0,0.0,0.0,0.0,0.0,0.0,0.0,0.0,0.0,0.0,0.0,0.0,0.0,0.0,0.0,0.0
lrh,0.015901888867962587,0.09392223742623686,0.13586279329364503,0.10629907182026083,0.11378661241035948,0.08097392778781481,0.08305045592542276,0.055134023240728434,0.08913339137888317,0.0238759351355366,0.0,0.0,0.006130924096581159,0.061023688992326706,0.07635559269499025,0.04125946478708381,0.01687440931945151,0.0004155828227160013,0.0,0.0,0.0,0.0,0.0,0.0,0.0,0.0,0.0,0.0,0.0,0.0,0.0,0.0,0.0,0.0,0.0,0.0,0.0,0.0,0.0,0.0,0.0,0.0,0.0,0.0,0.0,0.0,0.0,0.0,0.0,0.0
lxk,0.1088955532282644,0.17416642827567674,0.1687032057129378,0.0927100194809288,0.15284913851580698,0.17839621956417945,0.08587911076191959,0.018239200587006756,0.02016112387327948,0.0,0.0,0.0,0.0,0.0,0.0,0.0,0.0,0.0,0.0,0.0,0.0,0.0,0.0,0.0,0.0,0.0,0.0,0.0,0.0,0.0,0.0,0.0,0.0,0.0,0.0,0.0,0.0,0.0,0.0,0.0,0.0,0.0,0.0,0.0,0.0,0.0,0.0,0.0,0.0,0.0
m0v,0.008980947315094185,0.08157110129870011,0.0887805602289658,0.0994209280943062,0.15533959569615385,0.16955318462661254,0.1214213234607384,0.06959830460082589,0.0700765864214782,0.06223629655006473,0.04096917521655077,0.022717288623329827,0.00933470786717949,0.0,0.0,0.0,0.0,0.0,0.0,0.0,0.0,0.0,0.0,0.0,0.0,0.0,0.0,0.0,0.0,0.0,0.0,0.0,0.0,0.0,0.0,0.0,0.0,0.0,0.0,0.0,0.0,0.0,0.0,0.0,0.0,0.0,0.0,0.0,0.0,0.0
mde,0.02098523877431784,0.08324010215594049,0.06807044606594569,0.04571724944893709,0.09155592659738722,0.028002443553875486,0.04544654714219941,0.03352797546109213,0.038613713579307984,0.0767528807052045,0.048667798332535143,0.10380189868109028,0.02737043302923175,0.033031030695522316,0.026663048053618577,0.0242239067333338,0.014474766459503765,0.0200348449048515,0.014265230793179371,0.05869252087715122,0.04273354302129451,0.02854642192095101,0.02558203301352891,0.0,0.0,0.0,0.0,0.0,0.0,0.0,0.0,0.0,0.0,0.0,0.0,0.0,0.0,0.0,0.0,0.0,0.0,0.0,0.0,0.0,0.0,0.0,0.0,0.0,0.0,0.0
mfs,0.006321195771276692,0.05543043448796434,0.11236644105713683,0.08262134836864977,0.13244317474771863,0.1290741819143124,0.12177905010305852,0.09454705621713362,0.098638232724315,0.08300487553310996,0.08377400907532434,0.0,0.0,0.0,0.0,0.0,0.0,0.0,0.0,0.0,0.0,0.0,0.0,0.0,0.0,0.0,0.0,0.0,0.0,0.0,0.0,0.0,0.0,0.0,0.0,0.0,0.0,0.0,0.0,0.0,0.0,0.0,0.0,0.0,0.0,0.0,0.0,0.0,0.0,0.0
mq1,0.13088989397194614,0.21471167145829606,0.11377319557867081,0.0037983499805087882,0.35965885391391167,0.1771680350966665,0.0,0.0,0.0,0.0,0.0,0.0,0.0,0.0,0.0,0.0,0.0,0.0,0.0,0.0,0.0,0.0,0.0,0.0,0.0,0.0,0.0,0.0,0.0,0.0,0.0,0.0,0.0,0.0,0.0,0.0,0.0,0.0,0.0,0.0,0.0,0.0,0.0,0.0,0.0,0.0,0.0,0.0,0.0,0.0
mtn,0.09114250558975093,0.15876385834991316,0.16363687035956737,0.15866460287141235,0.12548150873951164,0.14618262369462734,0.0844829577818918,0.026268670459880523,0.04537640215344491,0.0,0.0,0.0,0.0,0.0,0.0,0.0,0.0,0.0,0.0,0.0,0.0,0.0,0.0,0.0,0.0,0.0,0.0,0.0,0.0,0.0,0.0,0.0,0.0,0.0,0.0,0.0,0.0,0.0,0.0,0.0,0.0,0.0,0.0,0.0,0.0,0.0,0.0,0.0,0.0,0.0
my9,0.01637132312405683,0.10134738007470621,0.10991191862385108,0.11142816703148842,0.1238810298142825,0.08912658119833425,0.08347176402127092,0.05386996751511581,0.06441415141853486,0.04463394569931697,0.0,0.0,0.0,0.03739758195703509,0.08124098456426468,0.03792134949777707,0.023090949760599177,0.01972740753167931,0.0021654981676868233,0.0,0.0,0.0,0.0,0.0,0.0,0.0,0.0,0.0,0.0,0.0,0.0,0.0,0.0,0.0,0.0,0.0,0.0,0.0,0.0,0.0,0.0,0.0,0.0,0.0,0.0,0.0,0.0,0.0,0.0,0.0
n27,0.007308215128652881,0.07458270632808858,0.10352577995684634,0.05669601123090579,0.07914887812801505,0.1051020579095975,0.11352720496331269,0.034467629615024434,0.050185498459718585,0.05928642105865089,0.08063345581646247,0.013614560263550691,0.01472801637268894,0.01761603118706426,0.013886071784889467,0.010307598237668527,0.02257787462285843,0.03199392032969013,0.022104572964094075,0.0006661298000580565,0.06389342244848,0.021860782059493718,0.0022871613341885226,0.0,0.0,0.0,0.0,0.0,0.0,0.0,0.0,0.0,0.0,0.0,0.0,0.0,0.0,0.0,0.0,0.0,0.0,0.0,0.0,0.0,0.0,0.0,0.0,0.0,0.0,0.0
nhq,0.07375968244728476,0.165814575417292,0.09330611770285296,0.1366621803017485,0.17401907153649487,0.18262863628835932,0.05192458713731623,0.030419816657184066,0.09146533251146731,0.0,0.0,0.0,0.0,0.0,0.0,0.0,0.0,0.0,0.0,0.0,0.0,0.0,0.0,0.0,0.0,0.0,0.0,0.0,0.0,0.0,0.0,0.0,0.0,0.0,0.0,0.0,0.0,0.0,0.0,0.0,0.0,0.0,0.0,0.0,0.0,0.0,0.0,0.0,0.0,0.0
nig,0.06656227175133522,0.18154334833061858,0.15970109548883432,0.1677531136542333,0.1269642125145734,0.14033030466360835,0.06954090486154967,0.002616023619250857,0.08498872511599628,0.0,0.0,0.0,0.0,0.0,0.0,0.0,0.0,0.0,0.0,0.0,0.0,0.0,0.0,0.0,0.0,0.0,0.0,0.0,0.0,0.0,0.0,0.0,0.0,0.0,0.0,0.0,0.0,0.0,0.0,0.0,0.0,0.0,0.0,0.0,0.0,0.0,0.0,0.0,0.0,0.0
nip,0.08667580350860347,0.1918186948273703,0.14666120748890893,0.14646581988343602,0.12134706613628413,0.1703573452254334,0.05838445079254207,0.012245523560782824,0.0660440885766389,0.0,0.0,0.0,0.0,0.0,0.0,0.0,0.0,0.0,0.0,0.0,0.0,0.0,0.0,0.0,0.0,0.0,0.0,0.0,0.0,0.0,0.0,0.0,0.0,0.0,0.0,0.0,0.0,0.0,0.0,0.0,0.0,0.0,0.0,0.0,0.0,0.0,0.0,0.0,0.0,0.0
nua,0.03847998142107295,0.10698556299095444,0.13250671803599998,0.13606498880454726,0.13222099936791945,0.1481196091701882,0.11197962342508576,0.09789681788044377,0.00957854740612774,0.012399056340560448,0.026073727180299457,0.04598220782317302,0.001712160153627556,0.0,0.0,0.0,0.0,0.0,0.0,0.0,0.0,0.0,0.0,0.0,0.0,0.0,0.0,0.0,0.0,0.0,0.0,0.0,0.0,0.0,0.0,0.0,0.0,0.0,0.0,0.0,0.0,0.0,0.0,0.0,0.0,0.0,0.0,0.0,0.0,0.0
o5q,0.021359443669504277,0.13704192182199432,0.1121645098964229,0.12492971730772592,0.113591376927115,0.13686819332489333,0.11256114880837009,0.114052961092185,0.07845699600328934,0.044380409121359196,0.0045933220271405706,0.0,0.0,0.0,0.0,0.0,0.0,0.0,0.0,0.0,0.0,0.0,0.0,0.0,0.0,0.0,0.0,0.0,0.0,0.0,0.0,0.0,0.0,0.0,0.0,0.0,0.0,0.0,0.0,0.0,0.0,0.0,0.0,0.0,0.0,0.0,0.0,0.0,0.0,0.0
oi6,0.007507700786868009,0.05129082827992482,0.0752429505294997,0.10461196542181796,0.1401076548963369,0.144179468214322,0.135680966936356,0.10613473629813566,0.1202015241640564,0.07407508027014903,0.03357942115125776,0.007387703051275763,0.0,0.0,0.0,0.0,0.0,0.0,0.0,0.0,0.0,0.0,0.0,0.0,0.0,0.0,0.0,0.0,0.0,0.0,0.0,0.0,0.0,0.0,0.0,0.0,0.0,0.0,0.0,0.0,0.0,0.0,0.0,0.0,0.0,0.0,0.0,0.0,0.0,0.0
opo,0.12370239612963731,0.21733237905929612,0.13628653777161887,0.17381834540728985,0.17666317867833098,0.1440195614932315,0.028177601460595402,0.0,0.0,0.0,0.0,0.0,0.0,0.0,0.0,0.0,0.0,0.0,0.0,0.0,0.0,0.0,0.0,0.0,0.0,0.0,0.0,0.0,0.0,0.0,0.0,0.0,0.0,0.0,0.0,0.0,0.0,0.0,0.0,0.0,0.0,0.0,0.0,0.0,0.0,0.0,0.0,0.0,0.0,0.0
p9u,0.09576292371001129,0.17648431865737288,0.16399391136038555,0.12116878984320734,0.1250366177120235,0.14530595460965595,0.07516722351587156,0.0,0.09708026059147191,0.0,0.0,0.0,0.0,0.0,0.0,0.0,0.0,0.0,0.0,0.0,0.0,0.0,0.0,0.0,0.0,0.0,0.0,0.0,0.0,0.0,0.0,0.0,0.0,0.0,0.0,0.0,0.0,0.0,0.0,0.0,0.0,0.0,0.0,0.0,0.0,0.0,0.0,0.0,0.0,0.0
pa1,0.09975373453732576,0.18418422293885345,0.13532336320472332,0.12210985350772184,0.13745855559498432,0.1766207209996271,0.0902683592148317,0.006740508358746623,0.04754068164318585,0.0,0.0,0.0,0.0,0.0,0.0,0.0,0.0,0.0,0.0,0.0,0.0,0.0,0.0,0.0,0.0,0.0,0.0,0.0,0.0,0.0,0.0,0.0,0.0,0.0,0.0,0.0,0.0,0.0,0.0,0.0,0.0,0.0,0.0,0.0,0.0,0.0,0.0,0.0,0.0,0.0
pbz,0.017981283081743422,0.07998829774627533,0.10095588597099904,0.10950069388979614,0.13489381323796154,0.14427243105223947,0.11815809921367774,0.09523009007663547,0.05515186509592021,0.03864729342919387,0.05505367515648186,0.02419548613613169,0.025535865695327127,0.0004352202176171085,0.0,0.0,0.0,0.0,0.0,0.0,0.0,0.0,0.0,0.0,0.0,0.0,0.0,0.0,0.0,0.0,0.0,0.0,0.0,0.0,0.0,0.0,0.0,0.0,0.0,0.0,0.0,0.0,0.0,0.0,0.0,0.0,0.0,0.0,0.0,0.0
pe2,0.1360798549866706,0.21924184166739463,0.1780833030300071,0.19070093519053558,0.19982884578415888,0.07606521934123327,0.0,0.0,0.0,0.0,0.0,0.0,0.0,0.0,0.0,0.0,0.0,0.0,0.0,0.0,0.0,0.0,0.0,0.0,0.0,0.0,0.0,0.0,0.0,0.0,0.0,0.0,0.0,0.0,0.0,0.0,0.0,0.0,0.0,0.0,0.0,0.0,0.0,0.0,0.0,0.0,0.0,0.0,0.0,0.0
pg8,0.009844518781216808,0.09372849233934684,0.10889599234605064,0.1191386663471177,0.12512362997355198,0.08421329634648635,0.0941296889400456,0.03720596641632706,0.0777415595492188,0.03865106991190616,0.0,0.0,0.009285343943636613,0.05072333487836224,0.07365696806768997,0.0423257175955069,0.02358278480993994,0.00900334695234047,0.002749622801255948,0.0,0.0,0.0,0.0,0.0,0.0,0.0,0.0,0.0,0.0,0.0,0.0,0.0,0.0,0.0,0.0,0.0,0.0,0.0,0.0,0.0,0.0,0.0,0.0,0.0,0.0,0.0,0.0,0.0,0.0,0.0
pql,0.022648429157317084,0.11041589836283129,0.1532169839716808,0.18032783426744312,0.18163767555973306,0.14743716718684985,0.13284329677708012,0.07147271471706468,0.0,0.0,0.0,0.0,0.0,0.0,0.0,0.0,0.0,0.0,0.0,0.0,0.0,0.0,0.0,0.0,0.0,0.0,0.0,0.0,0.0,0.0,0.0,0.0,0.0,0.0,0.0,0.0,0.0,0.0,0.0,0.0,0.0,0.0,0.0,0.0,0.0,0.0,0.0,0.0,0.0,0.0
pwr,0.023204175391849605,0.10193731590056201,0.10764441354779912,0.12282733362519777,0.10293011916404932,0.13423269440322466,0.10867058633458966,0.06482675355167923,0.06740164731826616,0.026269195761368127,0.0,0.016854737789367507,0.031704721162007746,0.051187747818079346,0.04015079509213857,0.0001577631398211599,0.0,0.0,0.0,0.0,0.0,0.0,0.0,0.0,0.0,0.0,0.0,0.0,0.0,0.0,0.0,0.0,0.0,0.0,0.0,0.0,0.0,0.0,0.0,0.0,0.0,0.0,0.0,0.0,0.0,0.0,0.0,0.0,0.0,0.0
qa9,0.005783310149506499,0.05828170207919903,0.07559867753153156,0.10936724591778002,0.09866409556324975,0.17070436993339472,0.12132681047073458,0.0647833062357541,0.052193839523560305,0.11491604981468087,0.003913141243222977,0.0,0.0,0.0,0.0,0.07447512804925219,0.0,0.0,0.0,0.0,0.0,0.0,0.0,0.0,0.013790087199299176,0.03620223628883425,0.0,0.0,0.0,0.0,0.0,0.0,0.0,0.0,0.0,0.0,0.0,0.0,0.0,0.0,0.0,0.0,0.0,0.0,0.0,0.0,0.0,0.0,0.0,0.0
qbb,0.01877577371939829,0.18454944261118233,0.1429096707572082,0.11691743889376846,0.13135493747662763,0.18252113514780005,0.14067777335120824,0.055755476472991804,0.025937483711233264,0.0006008678585817302,0.0,0.0,0.0,0.0,0.0,0.0,0.0,0.0,0.0,0.0,0.0,0.0,0.0,0.0,0.0,0.0,0.0,0.0,0.0,0.0,0.0,0.0,0.0,0.0,0.0,0.0,0.0,0.0,0.0,0.0,0.0,0.0,0.0,0.0,0.0,0.0,0.0,0.0,0.0,0.0
qno,0.014396453778918778,0.09399460666053737,0.11104262081777913,0.11589603877741846,0.11607694854373646,0.08915587582634764,0.07252940184434499,0.04827711221438131,0.05781787907897748,0.06214574740026006,0.0,0.0,0.0,0.06178979158237899,0.0745328068282795,0.05009329803768479,0.010977083254207159,0.021274335354747907,0.0,0.0,0.0,0.0,0.0,0.0,0.0,0.0,0.0,0.0,0.0,0.0,0.0,0.0,0.0,0.0,0.0,0.0,0.0,0.0,0.0,0.0,0.0,0.0,0.0,0.0,0.0,0.0,0.0,0.0,0.0,0.0
qy4,0.05934635154966334,0.2675606917773076,0.2511639134866959,0.09335340073485897,0.10574908299402781,0.1088184489570542,0.11227657177509819,0.0017315387252939691,0.0,0.0,0.0,0.0,0.0,0.0,0.0,0.0,0.0,0.0,0.0,0.0,0.0,0.0,0.0,0.0,0.0,0.0,0.0,0.0,0.0,0.0,0.0,0.0,0.0,0.0,0.0,0.0,0.0,0.0,0.0,0.0,0.0,0.0,0.0,0.0,0.0,0.0,0.0,0.0,0.0,0.0
r99,0.020556772004569488,0.14606327553373785,0.1428117060055391,0.08051513286502071,0.18059411494750363,0.11571722642405385,0.10347161766420654,0.03735399094597465,0.04158567766652974,0.04578492294688514,0.036544519961420545,0.01847776605824,0.023807649838589236,0.006715627137729521,0.0,0.0,0.0,0.0,0.0,0.0,0.0,0.0,0.0,0.0,0.0,0.0,0.0,0.0,0.0,0.0,0.0,0.0,0.0,0.0,0.0,0.0,0.0,0.0,0.0,0.0,0.0,0.0,0.0,0.0,0.0,0.0,0.0,0.0,0.0,0.0
rty,0.06692178484980871,0.1751641613990483,0.11683532841086489,0.16464867690194548,0.1451687725114623,0.1715323262930601,0.07521970291872092,0.04149695545217266,0.04301229126291665,0.0,0.0,0.0,0.0,0.0,0.0,0.0,0.0,0.0,0.0,0.0,0.0,0.0,0.0,0.0,0.0,0.0,0.0,0.0,0.0,0.0,0.0,0.0,0.0,0.0,0.0,0.0,0.0,0.0,0.0,0.0,0.0,0.0,0.0,0.0,0.0,0.0,0.0,0.0,0.0,0.0
rwr,0.009043530897414047,0.09324628337654262,0.1394641075074389,0.24200764636783595,0.19470596515449423,0.17435006019185784,0.10006153440518804,0.04712087209922836,0.0,0.0,0.0,0.0,0.0,0.0,0.0,0.0,0.0,0.0,0.0,0.0,0.0,0.0,0.0,0.0,0.0,0.0,0.0,0.0,0.0,0.0,0.0,0.0,0.0,0.0,0.0,0.0,0.0,0.0,0.0,0.0,0.0,0.0,0.0,0.0,0.0,0.0,0.0,0.0,0.0,0.0
sg0,0.008723170874773367,0.07652417541011258,0.08341094102413836,0.12395548456060596,0.17551922195333697,0.2201093334108242,0.13165841418712262,0.10079906577011452,0.02521735651373021,0.05408167692640589,1.1593688353310747e-06,0.0,0.0,0.0,0.0,0.0,0.0,0.0,0.0,0.0,0.0,0.0,0.0,0.0,0.0,0.0,0.0,0.0,0.0,0.0,0.0,0.0,0.0,0.0,0.0,0.0,0.0,0.0,0.0,0.0,0.0,0.0,0.0,0.0,0.0,0.0,0.0,0.0,0.0,0.0
skm,0.020644805327597025,0.08233422033538697,0.10119035850030748,0.19646102237116486,0.12908624225847493,0.13242843957803324,0.1246319000081507,0.054957642159838546,0.07903297572704943,0.05790113678810519,0.02133125694589161,0.0,0.0,0.0,0.0,0.0,0.0,0.0,0.0,0.0,0.0,0.0,0.0,0.0,0.0,0.0,0.0,0.0,0.0,0.0,0.0,0.0,0.0,0.0,0.0,0.0,0.0,0.0,0.0,0.0,0.0,0.0,0.0,0.0,0.0,0.0,0.0,0.0,0.0,0.0
sqm,0.03221334969267718,0.15320091379419778,0.10335700932171327,0.11081981220878956,0.11315171661716833,0.12798623046319643,0.10606758883437746,0.09288408307073616,0.0772384544564028,0.04629491030897785,0.03437682935531996,0.0024091018764432113,0.0,0.0,0.0,0.0,0.0,0.0,0.0,0.0,0.0,0.0,0.0,0.0,0.0,0.0,0.0,0.0,0.0,0.0,0.0,0.0,0.0,0.0,0.0,0.0,0.0,0.0,0.0,0.0,0.0,0.0,0.0,0.0,0.0,0.0,0.0,0.0,0.0,0.0
t0h,0.015785878512841998,0.08407123455763425,0.13749001100249927,0.16360050280069374,0.1492597133795418,0.13618137487085175,0.12955523257748114,0.07115982783365117,0.05963484034861764,0.012667943106471043,0.02077378086616929,0.019254751729900148,0.0005649084136467237,0.0,0.0,0.0,0.0,0.0,0.0,0.0,0.0,0.0,0.0,0.0,0.0,0.0,0.0,0.0,0.0,0.0,0.0,0.0,0.0,0.0,0.0,0.0,0.0,0.0,0.0,0.0,0.0,0.0,0.0,0.0,0.0,0.0,0.0,0.0,0.0,0.0
t2c,0.12240888920192733,0.17904866856933338,0.12451769722905198,0.18043174756986846,0.13436503761927152,0.0949191692936577,0.05801251392329672,0.05373959628186494,0.05255668031172799,0.0,0.0,0.0,0.0,0.0,0.0,0.0,0.0,0.0,0.0,0.0,0.0,0.0,0.0,0.0,0.0,0.0,0.0,0.0,0.0,0.0,0.0,0.0,0.0,0.0,0.0,0.0,0.0,0.0,0.0,0.0,0.0,0.0,0.0,0.0,0.0,0.0,0.0,0.0,0.0,0.0
tbj,0.024904234018892652,0.13784797664978515,0.11688209147168913,0.09438744151669548,0.12830801568987202,0.14177792636722458,0.10275254331367496,0.09897337011223137,0.08542876952922993,0.055484427988867664,0.01318196512002224,7.123822181485732e-05,0.0,0.0,0.0,0.0,0.0,0.0,0.0,0.0,0.0,0.0,0.0,0.0,0.0,0.0,0.0,0.0,0.0,0.0,0.0,0.0,0.0,0.0,0.0,0.0,0.0,0.0,0.0,0.0,0.0,0.0,0.0,0.0,0.0,0.0,0.0,0.0,0.0,0.0
tka,0.0009628641762093914,0.00902323281526595,0.0445357990325313,0.08859093476298106,0.136987566861048,0.12054988014445635,0.10866633572060659,0.06448905127455938,0.04175513166393077,0.05329728586841318,0.015675223998794823,0.052133554018935276,0.10605334122549599,0.06381217164688952,0.038598183841257405,0.030301730942055963,0.020896011903451864,0.003671700103117206,0.0,0.0,0.0,0.0,0.0,0.0,0.0,0.0,0.0,0.0,0.0,0.0,0.0,0.0,0.0,0.0,0.0,0.0,0.0,0.0,0.0,0.0,0.0,0.0,0.0,0.0,0.0,0.0,0.0,0.0,0.0,0.0
tvf,0.1294928075585571,0.13485239709675,0.04070214923590229,0.09126287417349682,0.05827082826770819,0.03178822989725876,0.09408876191234929,0.12538081665851805,0.034456155089758196,0.017082550217299153,0.055520779097764476,0.08920752962197029,0.0,0.0,0.0,0.0,0.0,0.0,0.0,0.0,0.0,0.0,0.09789412117266748,0.0,0.0,0.0,0.0,0.0,0.0,0.0,0.0,0.0,0.0,0.0,0.0,0.0,0.0,0.0,0.0,0.0,0.0,0.0,0.0,0.0,0.0,0.0,0.0,0.0,0.0,0.0
tws,0.0068628465268459685,0.07063871970086359,0.09851832214853791,0.12301468491141489,0.13898103822109792,0.18275131618923468,0.1796504702601746,0.0854379401696065,0.05056323045582372,0.021447633934315275,0.020932989896845874,0.02003251342898425,0.0011682941562547995,0.0,0.0,0.0,0.0,0.0,0.0,0.0,0.0,0.0,0.0,0.0,0.0,0.0,0.0,0.0,0.0,0.0,0.0,0.0,0.0,0.0,0.0,0.0,0.0,0.0,0.0,0.0,0.0,0.0,0.0,0.0,0.0,0.0,0.0,0.0,0.0,0.0
u0c,0.015440328616122155,0.07425226729955339,0.10650112209308482,0.11532092307685644,0.1364230513337554,0.13619458575262078,0.1432648080939576,0.1116850897809215,0.08628137407547885,0.035704959771410735,0.015668411002129116,0.017287675883902835,0.005975403220206326,0.0,0.0,0.0,0.0,0.0,0.0,0.0,0.0,0.0,0.0,0.0,0.0,0.0,0.0,0.0,0.0,0.0,0.0,0.0,0.0,0.0,0.0,0.0,0.0,0.0,0.0,0.0,0.0,0.0,0.0,0.0,0.0,0.0,0.0,0.0,0.0,0.0
uaz,0.020014348361117672,0.12320406199101144,0.12028000532710499,0.11348127968258866,0.11436067427129956,0.1487050302122178,0.11069809999801754,0.09876256074300749,0.069986821785576,0.046296304719814954,0.033209980047794734,0.0010008328604491734,0.0,0.0,0.0,0.0,0.0,0.0,0.0,0.0,0.0,0.0,0.0,0.0,0.0,0.0,0.0,0.0,0.0,0.0,0.0,0.0,0.0,0.0,0.0,0.0,0.0,0.0,0.0,0.0,0.0,0.0,0.0,0.0,0.0,0.0,0.0,0.0,0.0,0.0
ueu,0.022185702747144095,0.13427119054280834,0.10479483762394287,0.12486487678337867,0.13006063637176934,0.13737703566599196,0.11359383509754582,0.09720654085659523,0.0702747545909319,0.044734618696649894,0.020635971023241835,0.0,0.0,0.0,0.0,0.0,0.0,0.0,0.0,0.0,0.0,0.0,0.0,0.0,0.0,0.0,0.0,0.0,0.0,0.0,0.0,0.0,0.0,0.0,0.0,0.0,0.0,0.0,0.0,0.0,0.0,0.0,0.0,0.0,0.0,0.0,0.0,0.0,0.0,0.0
uex,0.021766856684876223,0.12820790038002186,0.066365605971107,0.08353161024366036,0.12657631068065311,0.09161788994939991,0.13358922848948607,0.0663939889828183,0.01510911674607872,0.028780282491159218,0.02774055621233992,0.013061421648885652,0.0,0.038547870483830626,0.06815973331880444,0.024363662742117317,0.04716456371790846,0.01877530355213367,0.000248097704719121,0.0,0.0,0.0,0.0,0.0,0.0,0.0,0.0,0.0,0.0,0.0,0.0,0.0,0.0,0.0,0.0,0.0,0.0,0.0,0.0,0.0,0.0,0.0,0.0,0.0,0.0,0.0,0.0,0.0,0.0,0.0
ui6,0.06109820095328165,0.1666748448419496,0.10614937851802544,0.1819799343921173,0.1433014979716445,0.18147113278629542,0.06065870706922614,0.053295443373806255,0.045370860093653674,0.0,0.0,0.0,0.0,0.0,0.0,0.0,0.0,0.0,0.0,0.0,0.0,0.0,0.0,0.0,0.0,0.0,0.0,0.0,0.0,0.0,0.0,0.0,0.0,0.0,0.0,0.0,0.0,0.0,0.0,0.0,0.0,0.0,0.0,0.0,0.0,0.0,0.0,0.0,0.0,0.0
uox,0.01772794515855971,0.11578063869045901,0.10243865094649546,0.10023671540388117,0.10038569915171443,0.07541348679043974,0.08718613299329668,0.09048879348600132,0.07624382615682629,0.041286076655880535,0.00800688380984548,0.0,0.02417107977424276,0.054847068313313,0.027835508280714374,0.033707341380746964,0.030143464520506775,0.014100688487076313,0.0,0.0,0.0,0.0,0.0,0.0,0.0,0.0,0.0,0.0,0.0,0.0,0.0,0.0,0.0,0.0,0.0,0.0,0.0,0.0,0.0,0.0,0.0,0.0,0.0,0.0,0.0,0.0,0.0,0.0,0.0,0.0
ur9,0.01746339693483681,0.11243138518705859,0.11434349969310133,0.10841660209571069,0.08933416798242455,0.08041976597355403,0.06056690959342864,0.04212111433001197,0.06889668190068235,0.048010694411746074,0.0,0.0,0.0,0.039740299271249356,0.10972300873298797,0.07305645663647886,0.008346055318305132,0.02712996193842366,0.0,0.0,0.0,0.0,0.0,0.0,0.0,0.0,0.0,0.0,0.0,0.0,0.0,0.0,0.0,0.0,0.0,0.0,0.0,0.0,0.0,0.0,0.0,0.0,0.0,0.0,0.0,0.0,0.0,0.0,0.0,0.0
usu,0.04752988097439766,0.14517893843279736,0.1695515755629954,0.15694868371311435,0.21295125301201837,0.14064443807500077,0.09745130175902078,0.02974392847065532,0.0,0.0,0.0,0.0,0.0,0.0,0.0,0.0,0.0,0.0,0.0,0.0,0.0,0.0,0.0,0.0,0.0,0.0,0.0,0.0,0.0,0.0,0.0,0.0,0.0,0.0,0.0,0.0,0.0,0.0,0.0,0.0,0.0,0.0,0.0,0.0,0.0,0.0,0.0,0.0,0.0,0.0
uu4,0.03758229243933935,0.1143182529848877,0.13520679802429897,0.14563049574486966,0.13934267017979582,0.14996552915232528,0.009254254149733571,0.04069386085205913,0.020907075390077724,0.010993955965324674,0.013106765067562918,0.013562812978628793,0.04270796139813166,0.09930451286952917,0.02742276280343559,0.0,0.0,0.0,0.0,0.0,0.0,0.0,0.0,0.0,0.0,0.0,0.0,0.0,0.0,0.0,0.0,0.0,0.0,0.0,0.0,0.0,0.0,0.0,0.0,0.0,0.0,0.0,0.0,0.0,0.0,0.0,0.0,0.0,0.0,0.0
uut,0.0873044072635523,0.17353142567547383,0.16240696322487116,0.11549411899212066,0.14088998937586553,0.14536242019750117,0.06825659576747856,0.00020813188232005287,0.10654594762081673,0.0,0.0,0.0,0.0,0.0,0.0,0.0,0.0,0.0,0.0,0.0,0.0,0.0,0.0,0.0,0.0,0.0,0.0,0.0,0.0,0.0,0.0,0.0,0.0,0.0,0.0,0.0,0.0,0.0,0.0,0.0,0.0,0.0,0.0,0.0,0.0,0.0,0.0,0.0,0.0,0.0
uw9,0.033249166005095004,0.1595375182741841,0.09894622465183836,0.11453156017828264,0.13915777527832787,0.11914883519467931,0.10854137456912114,0.10539790387466386,0.081420429991162,0.04006921198264573,0.0,0.0,0.0,0.0,0.0,0.0,0.0,0.0,0.0,0.0,0.0,0.0,0.0,0.0,0.0,0.0,0.0,0.0,0.0,0.0,0.0,0.0,0.0,0.0,0.0,0.0,0.0,0.0,0.0,0.0,0.0,0.0,0.0,0.0,0.0,0.0,0.0,0.0,0.0,0.0
uxi,0.1359814932375174,0.3029301783373575,0.1877744337175129,0.21614417717486734,0.09608866072908986,0.0367212261113621,0.012783057517613227,0.011576773174679665,0.0,0.0,0.0,0.0,0.0,0.0,0.0,0.0,0.0,0.0,0.0,0.0,0.0,0.0,0.0,0.0,0.0,0.0,0.0,0.0,0.0,0.0,0.0,0.0,0.0,0.0,0.0,0.0,0.0,0.0,0.0,0.0,0.0,0.0,0.0,0.0,0.0,0.0,0.0,0.0,0.0,0.0
uxo,0.004812620136458949,0.04830467918593903,0.12073914230817771,0.07278288818858948,0.08060538526065905,0.13090642501904182,0.16560859241110473,0.09090980376329592,0.0968349512498074,0.028987958013434754,0.0,0.0,0.007457274452159506,0.04186202218622423,0.07345121320231715,0.036737044622790274,0.0,0.0,0.0,0.0,0.0,0.0,0.0,0.0,0.0,0.0,0.0,0.0,0.0,0.0,0.0,0.0,0.0,0.0,0.0,0.0,0.0,0.0,0.0,0.0,0.0,0.0,0.0,0.0,0.0,0.0,0.0,0.0,0.0,0.0
vj7,0.0919767425254408,0.18621015169793187,0.15813051077043175,0.13453680133865123,0.12995202959158197,0.1424347489408854,0.07737946843768723,0.022845096930739835,0.05653444976664988,0.0,0.0,0.0,0.0,0.0,0.0,0.0,0.0,0.0,0.0,0.0,0.0,0.0,0.0,0.0,0.0,0.0,0.0,0.0,0.0,0.0,0.0,0.0,0.0,0.0,0.0,0.0,0.0,0.0,0.0,0.0,0.0,0.0,0.0,0.0,0.0,0.0,0.0,0.0,0.0,0.0
vqj,0.09506129767447377,0.17549842058385026,0.14937301163178263,0.13523084294343873,0.12539775439197967,0.13941104883428485,0.10316632161916865,0.0009930368711533171,0.07586826544986813,0.0,0.0,0.0,0.0,0.0,0.0,0.0,0.0,0.0,0.0,0.0,0.0,0.0,0.0,0.0,0.0,0.0,0.0,0.0,0.0,0.0,0.0,0.0,0.0,0.0,0.0,0.0,0.0,0.0,0.0,0.0,0.0,0.0,0.0,0.0,0.0,0.0,0.0,0.0,0.0,0.0
vqu,0.019854134554505694,0.13045441322034523,0.10737235823596303,0.08849722604785694,0.12110468069680108,0.1491816735095319,0.11639764448318222,0.09408025098521866,0.0879187136823206,0.07016748137214217,0.014971423212132453,0.0,0.0,0.0,0.0,0.0,0.0,0.0,0.0,0.0,0.0,0.0,0.0,0.0,0.0,0.0,0.0,0.0,0.0,0.0,0.0,0.0,0.0,0.0,0.0,0.0,0.0,0.0,0.0,0.0,0.0,0.0,0.0,0.0,0.0,0.0,0.0,0.0,0.0,0.0
vy5,0.0317708668959034,0.10361558795806779,0.12854150162813308,0.1106528070631479,0.11597690030366355,0.09131224368862642,0.10894679587406515,0.08893193748037725,0.0867043389350285,0.06922270055379776,0.046671044498086726,0.017653275121102475,0.0,0.0,0.0,0.0,0.0,0.0,0.0,0.0,0.0,0.0,0.0,0.0,0.0,0.0,0.0,0.0,0.0,0.0,0.0,0.0,0.0,0.0,0.0,0.0,0.0,0.0,0.0,0.0,0.0,0.0,0.0,0.0,0.0,0.0,0.0,0.0,0.0,0.0
w7d,0.004074216217178886,0.048977581126809284,0.1275420442893783,0.07157975436250003,0.06997016356310366,0.1279659080487228,0.15454541469869068,0.08706902732883931,0.0861019507822959,0.036613340626924736,0.0,0.0,0.0,0.06317676675401165,0.07843758048126691,0.04278398777764732,0.00116226394263066,0.0,0.0,0.0,0.0,0.0,0.0,0.0,0.0,0.0,0.0,0.0,0.0,0.0,0.0,0.0,0.0,0.0,0.0,0.0,0.0,0.0,0.0,0.0,0.0,0.0,0.0,0.0,0.0,0.0,0.0,0.0,0.0,0.0
w87,0.09543651534756842,0.17902455081197313,0.13631982738389267,0.16526958271980177,0.1630767961043201,0.13005685114907847,0.06997120112645286,0.00039071191223529085,0.060453963444677315,0.0,0.0,0.0,0.0,0.0,0.0,0.0,0.0,0.0,0.0,0.0,0.0,0.0,0.0,0.0,0.0,0.0,0.0,0.0,0.0,0.0,0.0,0.0,0.0,0.0,0.0,0.0,0.0,0.0,0.0,0.0,0.0,0.0,0.0,0.0,0.0,0.0,0.0,0.0,0.0,0.0
wsd,0.08640342104681778,0.19366973401501553,0.15476632399718565,0.14059726495508537,0.1184340447736561,0.13530602168531614,0.09066091326011273,0.020309446149961316,0.059852830116849394,0.0,0.0,0.0,0.0,0.0,0.0,0.0,0.0,0.0,0.0,0.0,0.0,0.0,0.0,0.0,0.0,0.0,0.0,0.0,0.0,0.0,0.0,0.0,0.0,0.0,0.0,0.0,0.0,0.0,0.0,0.0,0.0,0.0,0.0,0.0,0.0,0.0,0.0,0.0,0.0,0.0
wyu,0.01419460047255214,0.1292956418733775,0.12256450562365721,0.11577859404390733,0.1297480338611385,0.1384905110228364,0.11199380862535649,0.11583399678980665,0.07845138771592498,0.04300931501587739,0.0006396049555653993,0.0,0.0,0.0,0.0,0.0,0.0,0.0,0.0,0.0,0.0,0.0,0.0,0.0,0.0,0.0,0.0,0.0,0.0,0.0,0.0,0.0,0.0,0.0,0.0,0.0,0.0,0.0,0.0,0.0,0.0,0.0,0.0,0.0,0.0,0.0,0.0,0.0,0.0,0.0
x2i,0.10931777068876229,0.14282694011833777,0.08888377456333112,0.052362113362228624,0.13922289018202766,0.16657382595345693,0.13777161004186447,0.058287506345159466,0.07713478636051618,0.027618782384315477,0.0,0.0,0.0,0.0,0.0,0.0,0.0,0.0,0.0,0.0,0.0,0.0,0.0,0.0,0.0,0.0,0.0,0.0,0.0,0.0,0.0,0.0,0.0,0.0,0.0,0.0,0.0,0.0,0.0,0.0,0.0,0.0,0.0,0.0,0.0,0.0,0.0,0.0,0.0,0.0
x2v,0.08564712544988971,0.18832261457105226,0.164212595653085,0.14334203733182496,0.1314803467544729,0.11350016636200426,0.11798993529531294,0.0,0.05550517858235794,0.0,0.0,0.0,0.0,0.0,0.0,0.0,0.0,0.0,0.0,0.0,0.0,0.0,0.0,0.0,0.0,0.0,0.0,0.0,0.0,0.0,0.0,0.0,0.0,0.0,0.0,0.0,0.0,0.0,0.0,0.0,0.0,0.0,0.0,0.0,0.0,0.0,0.0,0.0,0.0,0.0
xa0,0.01790019778236681,0.08738534364244631,0.10744434633420581,0.11375620121596507,0.09189527146776115,0.10241696520421455,0.10172591946350563,0.04528376309028171,0.0683975010894386,0.04750557677660805,6.657062047793492e-05,0.003988877037528628,0.027628418983191662,0.03554198814377773,0.052275863980081355,0.03912170400176792,0.03347413207786167,0.015768053749410156,0.00842330533910928,0.0,0.0,0.0,0.0,0.0,0.0,0.0,0.0,0.0,0.0,0.0,0.0,0.0,0.0,0.0,0.0,0.0,0.0,0.0,0.0,0.0,0.0,0.0,0.0,0.0,0.0,0.0,0.0,0.0,0.0,0.0
xas,0.0428621200686001,0.20575211407417227,0.26691832127352505,0.2933369979656564,0.15939192508722297,0.03173852153082325,0.0,0.0,0.0,0.0,0.0,0.0,0.0,0.0,0.0,0.0,0.0,0.0,0.0,0.0,0.0,0.0,0.0,0.0,0.0,0.0,0.0,0.0,0.0,0.0,0.0,0.0,0.0,0.0,0.0,0.0,0.0,0.0,0.0,0.0,0.0,0.0,0.0,0.0,0.0,0.0,0.0,0.0,0.0,0.0
xub,0.0102566826042159,0.08286541199325119,0.12298781653142396,0.11831560657837646,0.1544446724521982,0.14395055276952062,0.10712381655339794,0.073883923403919,0.09776049819471763,0.046327752130207164,0.033274133808092694,0.008809132980679231,0.0,0.0,0.0,0.0,0.0,0.0,0.0,0.0,0.0,0.0,0.0,0.0,0.0,0.0,0.0,0.0,0.0,0.0,0.0,0.0,0.0,0.0,0.0,0.0,0.0,0.0,0.0,0.0,0.0,0.0,0.0,0.0,0.0,0.0,0.0,0.0,0.0,0.0
xut,0.0683745585115336,0.15067791798427346,0.14542297647773017,0.1264165201362692,0.11873774537238983,0.09629766499483466,0.06627153146966733,0.03094964313026805,0.038278901985609355,0.03573604594333191,0.03532423264171288,0.03221388201982761,0.030794089997421104,0.0234907042326546,0.0010135851024762267,0.0,0.0,0.0,0.0,0.0,0.0,0.0,0.0,0.0,0.0,0.0,0.0,0.0,0.0,0.0,0.0,0.0,0.0,0.0,0.0,0.0,0.0,0.0,0.0,0.0,0.0,0.0,0.0,0.0,0.0,0.0,0.0,0.0,0.0,0.0
xz4,0.04144428600554318,0.1547101818401758,0.12566414343058865,0.12624540454697897,0.1632166509897352,0.16250911518098926,0.009151672900617617,0.0231434998732459,0.0183816771207067,0.0521954679142333,0.052648187927133626,0.015134498590719678,0.04982981329235436,0.005725400386977749,0.0,0.0,0.0,0.0,0.0,0.0,0.0,0.0,0.0,0.0,0.0,0.0,0.0,0.0,0.0,0.0,0.0,0.0,0.0,0.0,0.0,0.0,0.0,0.0,0.0,0.0,0.0,0.0,0.0,0.0,0.0,0.0,0.0,0.0,0.0,0.0
y2l,0.03110260403363424,0.12682484397344054,0.1930585540777881,0.20074782191864254,0.11231399347582265,0.20592984499807498,0.08673638353854553,0.0432859539840514,0.0,0.0,0.0,0.0,0.0,0.0,0.0,0.0,0.0,0.0,0.0,0.0,0.0,0.0,0.0,0.0,0.0,0.0,0.0,0.0,0.0,0.0,0.0,0.0,0.0,0.0,0.0,0.0,0.0,0.0,0.0,0.0,0.0,0.0,0.0,0.0,0.0,0.0,0.0,0.0,0.0,0.0
yav,0.049193401869587726,0.23621645309681,0.2591711367284031,0.2667311560721225,0.13088492450326053,0.050734909543034154,0.00706801818678202,0.0,0.0,0.0,0.0,0.0,0.0,0.0,0.0,0.0,0.0,0.0,0.0,0.0,0.0,0.0,0.0,0.0,0.0,0.0,0.0,0.0,0.0,0.0,0.0,0.0,0.0,0.0,0.0,0.0,0.0,0.0,0.0,0.0,0.0,0.0,0.0,0.0,0.0,0.0,0.0,0.0,0.0,0.0
ym6,0.012795845791969783,0.09051885904532478,0.10548839400821292,0.11208259987639421,0.10868585606135989,0.08967180381212751,0.08535711937356348,0.06123252995514451,0.08228752942728428,0.05289414764536312,0.0,0.0,0.009265022817715986,0.036453685763260704,0.06886144786550287,0.03684236149231768,0.02624315011210717,0.018329566611792792,0.0029900803405583315,0.0,0.0,0.0,0.0,0.0,0.0,0.0,0.0,0.0,0.0,0.0,0.0,0.0,0.0,0.0,0.0,0.0,0.0,0.0,0.0,0.0,0.0,0.0,0.0,0.0,0.0,0.0,0.0,0.0,0.0,0.0
ymc,0.09223138735533745,0.17667074463422014,0.14448866040033545,0.1703444906848011,0.1723009649157239,0.13056672716572051,0.047133862514126317,0.014889759877414923,0.051373402452320215,0.0,0.0,0.0,0.0,0.0,0.0,0.0,0.0,0.0,0.0,0.0,0.0,0.0,0.0,0.0,0.0,0.0,0.0,0.0,0.0,0.0,0.0,0.0,0.0,0.0,0.0,0.0,0.0,0.0,0.0,0.0,0.0,0.0,0.0,0.0,0.0,0.0,0.0,0.0,0.0,0.0
yq2,0.020460326632833963,0.09362833668821882,0.11108285094447928,0.10979003091637973,0.1161235929077358,0.0762303318094822,0.08628954765298037,0.04745155658691701,0.06288105199366079,0.0639243919503867,0.0,0.0,0.0,0.04571422500272404,0.09224613999121326,0.03544877871477132,0.01802456377600344,0.018461990919550007,0.0022422835126632693,0.0,0.0,0.0,0.0,0.0,0.0,0.0,0.0,0.0,0.0,0.0,0.0,0.0,0.0,0.0,0.0,0.0,0.0,0.0,0.0,0.0,0.0,0.0,0.0,0.0,0.0,0.0,0.0,0.0,0.0,0.0
yqu,0.016702910132729044,0.09680409774433814,0.10873165954959502,0.11647754705852088,0.11666963593669254,0.08383896440155383,0.09028498392307005,0.046906883268515616,0.07629685839148888,0.04781103978442286,0.00023614629632893642,0.0,0.0,0.04708273923870134,0.05706352349468429,0.051369988814234546,0.01911056479797701,0.0195136846137553,0.005098772553391917,0.0,0.0,0.0,0.0,0.0,0.0,0.0,0.0,0.0,0.0,0.0,0.0,0.0,0.0,0.0,0.0,0.0,0.0,0.0,0.0,0.0,0.0,0.0,0.0,0.0,0.0,0.0,0.0,0.0,0.0,0.0
ysm,0.058298287046205904,0.15771579384228723,0.16259165171226325,0.13486102849933715,0.11855084352358754,0.09187373429989568,0.042094568988140596,0.05981552081488095,0.030344600920555586,0.03053819633401003,0.023010181926562834,0.02706014458665202,0.04714045898092095,0.011133290635411058,0.0049716978892891915,0.0,0.0,0.0,0.0,0.0,0.0,0.0,0.0,0.0,0.0,0.0,0.0,0.0,0.0,0.0,0.0,0.0,0.0,0.0,0.0,0.0,0.0,0.0,0.0,0.0,0.0,0.0,0.0,0.0,0.0,0.0,0.0,0.0,0.0,0.0
ywe,0.08713284352664936,0.17393410714901145,0.16504674123817975,0.12914602492133434,0.12877514427952444,0.12556380236185596,0.08304874941677866,0.0,0.10735258710666604,0.0,0.0,0.0,0.0,0.0,0.0,0.0,0.0,0.0,0.0,0.0,0.0,0.0,0.0,0.0,0.0,0.0,0.0,0.0,0.0,0.0,0.0,0.0,0.0,0.0,0.0,0.0,0.0,0.0,0.0,0.0,0.0,0.0,0.0,0.0,0.0,0.0,0.0,0.0,0.0,0.0
z2s,0.015602739334618861,0.11723652484380231,0.11285032043943481,0.10377519703877641,0.13794605671739363,0.12904765310567928,0.11862966466918755,0.0961603719375644,0.07230215857188453,0.04720418666855057,0.02101910849960206,0.028226018173505563,0.0,0.0,0.0,0.0,0.0,0.0,0.0,0.0,0.0,0.0,0.0,0.0,0.0,0.0,0.0,0.0,0.0,0.0,0.0,0.0,0.0,0.0,0.0,0.0,0.0,0.0,0.0,0.0,0.0,0.0,0.0,0.0,0.0,0.0,0.0,0.0,0.0,0.0
z7n,0.026609101099754517,0.12952120864083252,0.13108656764673823,0.08500400966462485,0.08623547004748637,0.09121655740024363,0.05044018608943255,0.04257809166969676,0.09447855962474819,0.03324277240502261,0.0,0.0,0.0,0.011311101004366728,0.11187148998639078,0.07115764516427073,0.018324076699309782,0.01687232725815292,5.0835598928828696e-05,0.0,0.0,0.0,0.0,0.0,0.0,0.0,0.0,0.0,0.0,0.0,0.0,0.0,0.0,0.0,0.0,0.0,0.0,0.0,0.0,0.0,0.0,0.0,0.0,0.0,0.0,0.0,0.0,0.0,0.0,0.0
z9y,0.01704316526716573,0.09807282317051123,0.1109039299905609,0.11068452186309016,0.10725412498186494,0.08047670177024144,0.08523993535606811,0.04889849189806143,0.05980910958991572,0.052170805331624145,0.0,0.0,0.0005081173746554838,0.06563806335157141,0.08329491840260071,0.035562415154119884,0.021527727228121192,0.01986884415093605,0.0030463051188914783,0.0,0.0,0.0,0.0,0.0,0.0,0.0,0.0,0.0,0.0,0.0,0.0,0.0,0.0,0.0,0.0,0.0,0.0,0.0,0.0,0.0,0.0,0.0,0.0,0.0,0.0,0.0,0.0,0.0,0.0,0.0
zxr,0.028694880732017064,0.1522076030259692,0.10167554270718886,0.10733341945610275,0.11414892103989747,0.13044633760217708,0.11098172738368753,0.0939215867745262,0.07687899264745594,0.04699989277780828,0.03275133079884437,0.003959765054325265,0.0,0.0,0.0,0.0,0.0,0.0,0.0,0.0,0.0,0.0,0.0,0.0,0.0,0.0,0.0,0.0,0.0,0.0,0.0,0.0,0.0,0.0,0.0,0.0,0.0,0.0,0.0,0.0,0.0,0.0,0.0,0.0,0.0,0.0,0.0,0.0,0.0,0.0
zzr,0.07163517013959766,0.1647399308761232,0.14303208692706124,0.16174750007735467,0.16894419612393227,0.1379640415703606,0.0596562164619227,0.023516892341908346,0.06652381195265575,0.002240153529083545,0.0,0.0,0.0,0.0,0.0,0.0,0.0,0.0,0.0,0.0,0.0,0.0,0.0,0.0,0.0,0.0,0.0,0.0,0.0,0.0,0.0,0.0,0.0,0.0,0.0,0.0,0.0,0.0,0.0,0.0,0.0,0.0,0.0,0.0,0.0,0.0,0.0,0.0,0.0,0.0
