ID,LiPDOS_000.00_002.00THz,LiPDOS_002.00_004.00THz,LiPDOS_004.00_006.00THz,LiPDOS_006.00_008.00THz,LiPDOS_008.00_010.00THz,LiPDOS_010.00_012.00THz,LiPDOS_012.00_014.00THz,LiPDOS_014.00_016.00THz,LiPDOS_016.00_018.00THz,LiPDOS_018.00_020.00THz,LiPDOS_020.00_022.00THz,LiPDOS_022.00_024.00THz,LiPDOS_024.00_026.00THz,LiPDOS_026.00_028.00THz,LiPDOS_028.00_030.00THz,LiPDOS_030.00_032.00THz,LiPDOS_032.00_034.00THz,LiPDOS_034.00_036.00THz,LiPDOS_036.00_038.00THz,LiPDOS_038.00_040.00THz,LiPDOS_040.00_042.00THz,LiPDOS_042.00_044.00THz,LiPDOS_044.00_046.00THz,LiPDOS_046.00_048.00THz,LiPDOS_048.00_050.00THz,LiPDOS_050.00_052.00THz,LiPDOS_052.00_054.00THz,LiPDOS_054.00_056.00THz,LiPDOS_056.00_058.00THz,LiPDOS_058.00_060.00THz,LiPDOS_060.00_062.00THz,LiPDOS_062.00_064.00THz,LiPDOS_064.00_066.00THz,LiPDOS_066.00_068.00THz,LiPDOS_068.00_070.00THz,LiPDOS_070.00_072.00THz,LiPDOS_072.00_074.00THz,LiPDOS_074.00_076.00THz,LiPDOS_076.00_078.00THz,LiPDOS_078.00_080.00THz,LiPDOS_080.00_082.00THz,LiPDOS_082.00_084.00THz,LiPDOS_084.00_086.00THz,LiPDOS_086.00_088.00THz,LiPDOS_088.00_090.00THz,LiPDOS_090.00_092.00THz,LiPDOS_092.00_094.00THz,LiPDOS_094.00_096.00THz,LiPDOS_096.00_098.00THz,LiPDOS_098.00_100.00THz
00x,0.0039007656650176742,0.02147779162541611,0.037789276050631204,0.035883933446535045,0.26174629240061204,0.42436778167128625,0.14840815998449047,0.0432777062598942,0.0161432953840078,0.0015565745149760868,0.0013086489687528728,0.0013393561669970942,8.288130837416623e-06,0.0003619610742464318,0.00045336856388720104,0.0009511105673153365,0.00025121300379358504,0.00048449535296095787,0.00028636623950667613,3.614928835636604e-06,0.0,0.0,0.0,0.0,0.0,0.0,0.0,0.0,0.0,0.0,0.0,0.0,0.0,0.0,0.0,0.0,0.0,0.0,0.0,0.0,0.0,0.0,0.0,0.0,0.0,0.0,0.0,0.0,0.0,0.0
019,0.028788632112837168,0.15750262156272501,0.18642002178814107,0.14748537569614376,0.15346925344729584,0.18081718448415027,0.10097888527792441,0.022205073414594996,0.009244462750622852,0.008922783428883013,0.0,0.0,0.0,0.0007683158745307182,0.0009236844634018374,0.0010413726493652615,0.0007990920875095289,0.0006332409618742215,0.0,0.0,0.0,0.0,0.0,0.0,0.0,0.0,0.0,0.0,0.0,0.0,0.0,0.0,0.0,0.0,0.0,0.0,0.0,0.0,0.0,0.0,0.0,0.0,0.0,0.0,0.0,0.0,0.0,0.0,0.0,0.0
09w,0.02127858620078196,0.07033807235134064,0.1495055631646313,0.16794099796936696,0.23706518191337156,0.21577735240850426,0.1340813953233714,0.0,0.0040128506686319095,0.0,0.0,0.0,0.0,0.0,0.0,0.0,0.0,0.0,0.0,0.0,0.0,0.0,0.0,0.0,0.0,0.0,0.0,0.0,0.0,0.0,0.0,0.0,0.0,0.0,0.0,0.0,0.0,0.0,0.0,0.0,0.0,0.0,0.0,0.0,0.0,0.0,0.0,0.0,0.0,0.0
0fh,0.005096377581147015,0.09168530872580839,0.1461093104708204,0.15401710120948978,0.1563652356450644,0.16266218784009293,0.17678632462007604,0.06614706636634497,0.02933407251670003,0.0073165073337190375,1.2511462044497053e-05,0.0,0.00014138558863124734,0.0005451428665715757,0.0010605186323407534,0.0011695069734236816,0.0008409734880606073,0.0005792238970303761,0.0001312447826342539,0.0,0.0,0.0,0.0,0.0,0.0,0.0,0.0,0.0,0.0,0.0,0.0,0.0,0.0,0.0,0.0,0.0,0.0,0.0,0.0,0.0,0.0,0.0,0.0,0.0,0.0,0.0,0.0,0.0,0.0,0.0
0iv,0.004642713205844935,0.08528916664235217,0.25601888591174476,0.4753182728719787,0.1641895346731482,0.007863698454541575,0.000898031534247215,0.0001247558461499086,0.005654940859992547,0.0,0.0,0.0,0.0,0.0,0.0,0.0,0.0,0.0,0.0,0.0,0.0,0.0,0.0,0.0,0.0,0.0,0.0,0.0,0.0,0.0,0.0,0.0,0.0,0.0,0.0,0.0,0.0,0.0,0.0,0.0,0.0,0.0,0.0,0.0,0.0,0.0,0.0,0.0,0.0,0.0
10s,0.03190900965838219,0.11055637492407876,0.1540505226784932,0.1495822912389473,0.2096739187117697,0.21670254745315382,0.10182059626308551,0.020059356837356022,0.005645382234733488,0.0,0.0,0.0,0.0,0.0,0.0,0.0,0.0,0.0,0.0,0.0,0.0,0.0,0.0,0.0,0.0,0.0,0.0,0.0,0.0,0.0,0.0,0.0,0.0,0.0,0.0,0.0,0.0,0.0,0.0,0.0,0.0,0.0,0.0,0.0,0.0,0.0,0.0,0.0,0.0,0.0
11b,0.009932854412704051,0.08930106515703275,0.09184806768681063,0.183355685377468,0.17316835895902108,0.15439760731399624,0.19564643751091387,0.10234992358205337,0.0,0.0,0.0,0.0,0.0,0.0,0.0,0.0,0.0,0.0,0.0,0.0,0.0,0.0,0.0,0.0,0.0,0.0,0.0,0.0,0.0,0.0,0.0,0.0,0.0,0.0,0.0,0.0,0.0,0.0,0.0,0.0,0.0,0.0,0.0,0.0,0.0,0.0,0.0,0.0,0.0,0.0
122,0.02312400829405941,0.06973695521038366,0.10028379335156727,0.23470225934346495,0.2421952360254105,0.19482495646091652,0.09991868992284686,0.027970413074738774,0.007022811884721015,0.0002208764318910664,0.0,0.0,0.0,0.0,0.0,0.0,0.0,0.0,0.0,0.0,0.0,0.0,0.0,0.0,0.0,0.0,0.0,0.0,0.0,0.0,0.0,0.0,0.0,0.0,0.0,0.0,0.0,0.0,0.0,0.0,0.0,0.0,0.0,0.0,0.0,0.0,0.0,0.0,0.0,0.0
13q,0.02623432972925554,0.07792537298838492,0.13930679365523352,0.17384288659657848,0.21182215962697987,0.255046597377904,0.10417382612162528,0.00647096895313619,0.0051770649509021585,0.0,0.0,0.0,0.0,0.0,0.0,0.0,0.0,0.0,0.0,0.0,0.0,0.0,0.0,0.0,0.0,0.0,0.0,0.0,0.0,0.0,0.0,0.0,0.0,0.0,0.0,0.0,0.0,0.0,0.0,0.0,0.0,0.0,0.0,0.0,0.0,0.0,0.0,0.0,0.0,0.0
1dm,0.024659526099040787,0.04619822174598329,0.16686425669429958,0.1895124974708977,0.15901966757783714,0.14761758931252147,0.17425448710309085,0.05275349937320486,0.026324686710616704,0.0080972660416438,0.00023322908500079514,0.0,0.0001907833416045779,0.0006240854594155036,0.001020354027068253,0.0009736639577476653,0.0006729233912041026,0.000853665516774503,0.00012959709204840128,0.0,0.0,0.0,0.0,0.0,0.0,0.0,0.0,0.0,0.0,0.0,0.0,0.0,0.0,0.0,0.0,0.0,0.0,0.0,0.0,0.0,0.0,0.0,0.0,0.0,0.0,0.0,0.0,0.0,0.0,0.0
1e9,0.020126925582739968,0.08419684346974021,0.10672286762235603,0.2077216825715926,0.3013079990365724,0.23033693745250688,0.049586744264491944,0.0,0.0,0.0,0.0,0.0,0.0,0.0,0.0,0.0,0.0,0.0,0.0,0.0,0.0,0.0,0.0,0.0,0.0,0.0,0.0,0.0,0.0,0.0,0.0,0.0,0.0,0.0,0.0,0.0,0.0,0.0,0.0,0.0,0.0,0.0,0.0,0.0,0.0,0.0,0.0,0.0,0.0,0.0
1kq,0.01784283986682531,0.08650185134007612,0.17890209578796953,0.1394018440479154,0.2125132923453527,0.25309905969929125,0.10323579029830605,0.003439310217991755,0.005063916396271859,0.0,0.0,0.0,0.0,0.0,0.0,0.0,0.0,0.0,0.0,0.0,0.0,0.0,0.0,0.0,0.0,0.0,0.0,0.0,0.0,0.0,0.0,0.0,0.0,0.0,0.0,0.0,0.0,0.0,0.0,0.0,0.0,0.0,0.0,0.0,0.0,0.0,0.0,0.0,0.0,0.0
1m8,0.026980787831041197,0.1204906486641487,0.1411563485083313,0.12274403963390147,0.24377986855158287,0.2515755077735943,0.09112961103494051,0.0,0.002143188002459635,0.0,0.0,0.0,0.0,0.0,0.0,0.0,0.0,0.0,0.0,0.0,0.0,0.0,0.0,0.0,0.0,0.0,0.0,0.0,0.0,0.0,0.0,0.0,0.0,0.0,0.0,0.0,0.0,0.0,0.0,0.0,0.0,0.0,0.0,0.0,0.0,0.0,0.0,0.0,0.0,0.0
1xf,0.017144629240228144,0.0970859680100296,0.13142477634611277,0.11231183056492153,0.12002100859453209,0.2502322020424705,0.17621165308502873,0.0501062930268548,0.03185075147787835,0.009675408598473118,0.0001165485881536108,0.0,8.132174730628371e-05,0.0008491275185842408,0.0009185200806641938,0.0007752488105524314,0.0005539695762287632,0.00045440561634344336,0.0001849015000381445,1.4355755991508421e-06,0.0,0.0,0.0,0.0,0.0,0.0,0.0,0.0,0.0,0.0,0.0,0.0,0.0,0.0,0.0,0.0,0.0,0.0,0.0,0.0,0.0,0.0,0.0,0.0,0.0,0.0,0.0,0.0,0.0,0.0
1xt,0.006124622011128354,0.011298704956395456,0.03568351505201572,0.09911915358346435,0.1442303094375674,0.22742014660738472,0.40899042492354404,0.05241120055788276,0.004149911864585337,0.007931330996703225,0.0020086612563985392,0.0006320187529299818,0.0,0.0,0.0,0.0,0.0,0.0,0.0,0.0,0.0,0.0,0.0,0.0,0.0,0.0,0.0,0.0,0.0,0.0,0.0,0.0,0.0,0.0,0.0,0.0,0.0,0.0,0.0,0.0,0.0,0.0,0.0,0.0,0.0,0.0,0.0,0.0,0.0,0.0
20k,0.005684192279283693,0.032009794247735715,0.07069408165285457,0.09064633646540204,0.16820427487671386,0.1740800922689302,0.12134713180072737,0.13205275491637478,0.1251960020465239,0.053713015895760365,0.02298070942882507,0.003391614120868455,0.0,0.0,0.0,0.0,0.0,0.0,0.0,0.0,0.0,0.0,0.0,0.0,0.0,0.0,0.0,0.0,0.0,0.0,0.0,0.0,0.0,0.0,0.0,0.0,0.0,0.0,0.0,0.0,0.0,0.0,0.0,0.0,0.0,0.0,0.0,0.0,0.0,0.0
240,0.003855016525408855,0.06242025295519471,0.10869738006069314,0.15664125846622717,0.22205871583000725,0.24453470384758114,0.17984348791136234,0.021949184403525397,0.0,0.0,0.0,0.0,0.0,0.0,0.0,0.0,0.0,0.0,0.0,0.0,0.0,0.0,0.0,0.0,0.0,0.0,0.0,0.0,0.0,0.0,0.0,0.0,0.0,0.0,0.0,0.0,0.0,0.0,0.0,0.0,0.0,0.0,0.0,0.0,0.0,0.0,0.0,0.0,0.0,0.0
2t8,0.003111842356040169,0.023165436636881868,0.05839574456890722,0.35670768677216846,0.2113204294820677,0.05260861048287432,0.22341708468663998,0.04956193858081264,0.0114265561120004,0.006865588986158835,0.0,0.0,0.0,0.0006772522505568637,0.0015220708850844833,0.0007934373938761155,0.0004263208059309335,0.0,0.0,0.0,0.0,0.0,0.0,0.0,0.0,0.0,0.0,0.0,0.0,0.0,0.0,0.0,0.0,0.0,0.0,0.0,0.0,0.0,0.0,0.0,0.0,0.0,0.0,0.0,0.0,0.0,0.0,0.0,0.0,0.0
2wb,0.0037278366247929327,0.038023791949654016,0.0686929821595614,0.08322576647911467,0.13624505992035654,0.16937257011738446,0.11955113893587528,0.1546815891168982,0.13520297352558566,0.05950907915001055,0.031767212020766274,0.0,0.0,0.0,0.0,0.0,0.0,0.0,0.0,0.0,0.0,0.0,0.0,0.0,0.0,0.0,0.0,0.0,0.0,0.0,0.0,0.0,0.0,0.0,0.0,0.0,0.0,0.0,0.0,0.0,0.0,0.0,0.0,0.0,0.0,0.0,0.0,0.0,0.0,0.0
3nb,0.00896164592692477,0.029783454277138313,0.07378860771011547,0.27461213571602255,0.2904138345461517,0.2401769028582784,0.07432959002854468,0.0,0.0,0.0009402947374817001,0.0025308503323355227,0.0025140615701654155,0.001339182706376181,0.0006094395904653037,0.0,0.0,0.0,0.0,0.0,0.0,0.0,0.0,0.0,0.0,0.0,0.0,0.0,0.0,0.0,0.0,0.0,0.0,0.0,0.0,0.0,0.0,0.0,0.0,0.0,0.0,0.0,0.0,0.0,0.0,0.0,0.0,0.0,0.0,0.0,0.0
3rx,0.009036385609982267,0.026376254152838702,0.06921093579537684,0.12719997327884738,0.16680398418366515,0.21020688387362538,0.27895375376828907,0.09582906111560613,0.0005420542019723307,0.0010001798955387615,0.012535452807936151,0.0022089763696215093,9.610494670030498e-05,0.0,0.0,0.0,0.0,0.0,0.0,0.0,0.0,0.0,0.0,0.0,0.0,0.0,0.0,0.0,0.0,0.0,0.0,0.0,0.0,0.0,0.0,0.0,0.0,0.0,0.0,0.0,0.0,0.0,0.0,0.0,0.0,0.0,0.0,0.0,0.0,0.0
3uq,0.007372872002724002,0.09765663935904811,0.39322947208200176,0.15781747622858538,0.1333184738442713,0.09688823355400937,0.05078499526028998,0.04149338851793173,0.015102228953898754,0.003092179060903397,0.00012940300809044384,0.0,0.0,0.00024057162437255726,0.0006097119814521296,0.001012302465137578,0.000409725351059703,0.0006874922898204944,0.00015483441640325052,0.0,0.0,0.0,0.0,0.0,0.0,0.0,0.0,0.0,0.0,0.0,0.0,0.0,0.0,0.0,0.0,0.0,0.0,0.0,0.0,0.0,0.0,0.0,0.0,0.0,0.0,0.0,0.0,0.0,0.0,0.0
3zo,0.03199722447878675,0.12254813768534838,0.148765425718059,0.14934198749255462,0.19690136215547863,0.22729688979998788,0.11972006927988947,0.0001526391911821347,0.0032762641987131333,0.0,0.0,0.0,0.0,0.0,0.0,0.0,0.0,0.0,0.0,0.0,0.0,0.0,0.0,0.0,0.0,0.0,0.0,0.0,0.0,0.0,0.0,0.0,0.0,0.0,0.0,0.0,0.0,0.0,0.0,0.0,0.0,0.0,0.0,0.0,0.0,0.0,0.0,0.0,0.0,0.0
419,0.006062713732237068,0.03829730768479085,0.06603299243954332,0.07663084778947776,0.14394412375323593,0.2173434045243532,0.13557264279620285,0.12803230006657243,0.11807754877104873,0.0476771608831767,0.022328957559361356,0.0,0.0,0.0,0.0,0.0,0.0,0.0,0.0,0.0,0.0,0.0,0.0,0.0,0.0,0.0,0.0,0.0,0.0,0.0,0.0,0.0,0.0,0.0,0.0,0.0,0.0,0.0,0.0,0.0,0.0,0.0,0.0,0.0,0.0,0.0,0.0,0.0,0.0,0.0
472,0.001773891088766364,0.026859409274441325,0.08202000251020838,0.12553363230824183,0.1544900172745612,0.17152747976985488,0.1848720813895164,0.14048077933277636,0.08607630171717937,0.01596139517074839,0.005030164587831877,0.003351421296703645,0.0003240162951332654,0.0002920832561032334,0.0004811338620990914,0.0004560139030672939,0.0004701769627670889,0.0,0.0,0.0,0.0,0.0,0.0,0.0,0.0,0.0,0.0,0.0,0.0,0.0,0.0,0.0,0.0,0.0,0.0,0.0,0.0,0.0,0.0,0.0,0.0,0.0,0.0,0.0,0.0,0.0,0.0,0.0,0.0,0.0
47i,0.003436723863226329,0.028077258908157328,0.06509635597029081,0.05907259773045374,0.14960204205156818,0.2733582136406905,0.21894411736402614,0.11109730740248212,0.0717874019474918,0.011153577663668408,0.005443959743186297,0.0,0.0003465465618640682,0.00035455889157292035,0.0011580552963297989,0.00030926563038013397,0.0005851056022431076,0.0001769117323684637,0.0,0.0,0.0,0.0,0.0,0.0,0.0,0.0,0.0,0.0,0.0,0.0,0.0,0.0,0.0,0.0,0.0,0.0,0.0,0.0,0.0,0.0,0.0,0.0,0.0,0.0,0.0,0.0,0.0,0.0,0.0,0.0
4ba,0.021415842395141174,0.21111667427647224,0.3267079001253824,0.09730517267515298,0.20015823760315132,0.10449403401955107,0.016675524116578036,0.011574540032669067,0.005350606828783313,0.0015378451343094498,2.174189036853552e-06,0.0,0.0,0.0,0.0012215986646902648,0.0013137139282729513,0.00024960681520959295,0.0008090427037752219,6.748649182402465e-05,0.0,0.0,0.0,0.0,0.0,0.0,0.0,0.0,0.0,0.0,0.0,0.0,0.0,0.0,0.0,0.0,0.0,0.0,0.0,0.0,0.0,0.0,0.0,0.0,0.0,0.0,0.0,0.0,0.0,0.0,0.0
4ea,0.055205060335801436,0.3062310457350922,0.2137675601386182,0.10410225897504709,0.10858356458148863,0.16344991986911173,0.027402603414923024,0.013626032571180613,0.002570589398848097,0.002430555875002022,0.0,0.0,0.0,7.376837888082635e-05,0.0006483067745390312,0.0009926729979564328,0.00045910173078471546,0.0004569592227259973,0.0,0.0,0.0,0.0,0.0,0.0,0.0,0.0,0.0,0.0,0.0,0.0,0.0,0.0,0.0,0.0,0.0,0.0,0.0,0.0,0.0,0.0,0.0,0.0,0.0,0.0,0.0,0.0,0.0,0.0,0.0,0.0
4kt,0.010649932503651118,0.11659797895142378,0.1505201317615071,0.17600714669454282,0.38361656494576013,0.16260824514311506,0.0,0.0,0.0,0.0,0.0,0.0,0.0,0.0,0.0,0.0,0.0,0.0,0.0,0.0,0.0,0.0,0.0,0.0,0.0,0.0,0.0,0.0,0.0,0.0,0.0,0.0,0.0,0.0,0.0,0.0,0.0,0.0,0.0,0.0,0.0,0.0,0.0,0.0,0.0,0.0,0.0,0.0,0.0,0.0
5bz,0.0047837934183214215,0.029566889533736183,0.07413039600293579,0.09224573081175426,0.13644273112184283,0.26563304594794507,0.16714953821437217,0.15010058207810265,0.05882661788747305,0.019643112776189388,0.0,0.0,0.0,0.0,0.0,0.001135257435248892,0.00011985863029867262,0.0,0.0,0.0,0.0,0.0,0.0,0.0,0.0,0.00013887013215946748,8.357600962021966e-05,0.0,0.0,0.0,0.0,0.0,0.0,0.0,0.0,0.0,0.0,0.0,0.0,0.0,0.0,0.0,0.0,0.0,0.0,0.0,0.0,0.0,0.0,0.0
5wz,0.0262302001468964,0.12248802587151657,0.1554311267399186,0.1465883821656756,0.2131188509813715,0.18275878133486423,0.14663794541336042,0.0007172771013365234,0.006029410245060176,0.0,0.0,0.0,0.0,0.0,0.0,0.0,0.0,0.0,0.0,0.0,0.0,0.0,0.0,0.0,0.0,0.0,0.0,0.0,0.0,0.0,0.0,0.0,0.0,0.0,0.0,0.0,0.0,0.0,0.0,0.0,0.0,0.0,0.0,0.0,0.0,0.0,0.0,0.0,0.0,0.0
5z0,0.0009679597383720037,0.010161723261774058,0.029785564440601472,0.08240036073281415,0.16074979749717377,0.19286860393922167,0.16440442701883604,0.17210335499725343,0.15107310265471943,0.0016309614398391558,0.02476108470564864,0.00711769869245509,0.001975360881290985,0.0,0.0,0.0,0.0,0.0,0.0,0.0,0.0,0.0,0.0,0.0,0.0,0.0,0.0,0.0,0.0,0.0,0.0,0.0,0.0,0.0,0.0,0.0,0.0,0.0,0.0,0.0,0.0,0.0,0.0,0.0,0.0,0.0,0.0,0.0,0.0,0.0
5zv,0.0030090374661322626,0.02261225917042125,0.038269875055754826,0.03849001272563359,0.17838247154774378,0.2695560806647226,0.3082066581600429,0.07893482572958237,0.046552269047668855,0.0113545719390615,0.0,0.0,0.0,0.0021662436535118484,0.0009076608819567343,0.001188196514555291,0.0003698374432122065,0.0,0.0,0.0,0.0,0.0,0.0,0.0,0.0,0.0,0.0,0.0,0.0,0.0,0.0,0.0,0.0,0.0,0.0,0.0,0.0,0.0,0.0,0.0,0.0,0.0,0.0,0.0,0.0,0.0,0.0,0.0,0.0,0.0
68u,0.004161488883184638,0.04003342600769172,0.057322418819052534,0.0842085117017896,0.1646688497883876,0.21322723993596865,0.12211581249744513,0.09502042022835755,0.1312569439419052,0.05641432906133463,0.02435258717605774,0.007217971958824953,0.0,0.0,0.0,0.0,0.0,0.0,0.0,0.0,0.0,0.0,0.0,0.0,0.0,0.0,0.0,0.0,0.0,0.0,0.0,0.0,0.0,0.0,0.0,0.0,0.0,0.0,0.0,0.0,0.0,0.0,0.0,0.0,0.0,0.0,0.0,0.0,0.0,0.0
6du,0.0028603630089737426,0.024894843353145703,0.09463086055774046,0.12069035917853221,0.18545146879548594,0.2647335243510106,0.15638945228592263,0.05734291792979269,0.05987607326624094,0.019293479828424078,0.008968963719163881,0.0029590742002407037,0.0016540687188387987,0.0002545508064875187,0.0,0.0,0.0,0.0,0.0,0.0,0.0,0.0,0.0,0.0,0.0,0.0,0.0,0.0,0.0,0.0,0.0,0.0,0.0,0.0,0.0,0.0,0.0,0.0,0.0,0.0,0.0,0.0,0.0,0.0,0.0,0.0,0.0,0.0,0.0,0.0
6jf,0.016835814786258552,0.06691401566837012,0.14412486755301504,0.20195143112199945,0.19883675377301918,0.2203344681512471,0.1368444482790389,0.008293262333465305,0.005864938333586327,0.0,0.0,0.0,0.0,0.0,0.0,0.0,0.0,0.0,0.0,0.0,0.0,0.0,0.0,0.0,0.0,0.0,0.0,0.0,0.0,0.0,0.0,0.0,0.0,0.0,0.0,0.0,0.0,0.0,0.0,0.0,0.0,0.0,0.0,0.0,0.0,0.0,0.0,0.0,0.0,0.0
6l9,0.002048448263510745,0.05378723123362152,0.05078074430622906,0.18098469610568568,0.28467670236296344,0.2857210896111999,0.10213964395053551,0.020865678075492427,0.00582484423048913,0.002991307440144405,0.003112310155088893,0.00044838055825674965,0.00048428915822411653,0.0013431152103396558,0.0006320120166118725,0.0006425928347664595,0.0013850213556239345,0.00011611257411942186,0.0005246799082490598,0.0004775625710146087,0.0010135380778333648,0.0,0.0,0.0,0.0,0.0,0.0,0.0,0.0,0.0,0.0,0.0,0.0,0.0,0.0,0.0,0.0,0.0,0.0,0.0,0.0,0.0,0.0,0.0,0.0,0.0,0.0,0.0,0.0,0.0
7e5,0.00315688353840887,0.016947584233261245,0.08513577862712379,0.24365527415993163,0.3077387574181168,0.26727938704445703,0.04786992985779987,0.01326784800537342,0.008353208949438232,0.004188210314224124,0.0020888666814675985,0.00031827117039742004,0.0,0.0,0.0,0.0,0.0,0.0,0.0,0.0,0.0,0.0,0.0,0.0,0.0,0.0,0.0,0.0,0.0,0.0,0.0,0.0,0.0,0.0,0.0,0.0,0.0,0.0,0.0,0.0,0.0,0.0,0.0,0.0,0.0,0.0,0.0,0.0,0.0,0.0
7ek,0.005135476704783551,0.025321465570739922,0.059726034157761336,0.09487422362180416,0.11741875477568797,0.14594428858406752,0.23151102777773816,0.19119962912917474,0.10556781116870431,0.007877044083275594,0.011492560062289643,0.003931684363973104,0.0,0.0,0.0,0.0,0.0,0.0,0.0,0.0,0.0,0.0,0.0,0.0,0.0,0.0,0.0,0.0,0.0,0.0,0.0,0.0,0.0,0.0,0.0,0.0,0.0,0.0,0.0,0.0,0.0,0.0,0.0,0.0,0.0,0.0,0.0,0.0,0.0,0.0
7o7,0.00616790789070739,0.03443917579620919,0.05391076812055419,0.10008837917239662,0.18746017812959323,0.18306040984598637,0.12403492899172844,0.13418236039771592,0.10605543337238771,0.05355309433362331,0.015793706374786255,0.0012536575743114003,0.0,0.0,0.0,0.0,0.0,0.0,0.0,0.0,0.0,0.0,0.0,0.0,0.0,0.0,0.0,0.0,0.0,0.0,0.0,0.0,0.0,0.0,0.0,0.0,0.0,0.0,0.0,0.0,0.0,0.0,0.0,0.0,0.0,0.0,0.0,0.0,0.0,0.0
7tu,0.021893787438286717,0.08410911841958688,0.1741543369471633,0.2276571629665149,0.21449492267315934,0.20058512658424932,0.06466156224671067,0.005964506261666271,0.006479476462662621,0.0,0.0,0.0,0.0,0.0,0.0,0.0,0.0,0.0,0.0,0.0,0.0,0.0,0.0,0.0,0.0,0.0,0.0,0.0,0.0,0.0,0.0,0.0,0.0,0.0,0.0,0.0,0.0,0.0,0.0,0.0,0.0,0.0,0.0,0.0,0.0,0.0,0.0,0.0,0.0,0.0
7w5,0.009911554999744911,0.04405267461486004,0.06386318357323763,0.07922794508070882,0.12879526594840054,0.16259929186901428,0.12521729053557684,0.1689781860178987,0.1357246217756885,0.051621958118946806,0.020570847240426966,0.009437180225495941,0.0,0.0,0.0,0.0,0.0,0.0,0.0,0.0,0.0,0.0,0.0,0.0,0.0,0.0,0.0,0.0,0.0,0.0,0.0,0.0,0.0,0.0,0.0,0.0,0.0,0.0,0.0,0.0,0.0,0.0,0.0,0.0,0.0,0.0,0.0,0.0,0.0,0.0
824,0.0192069277059069,0.061927053652218844,0.09516425624547398,0.21394973779547657,0.23097708137986203,0.2517500170662181,0.11964153107415687,0.003973008644103439,0.0034103864365832874,0.0,0.0,0.0,0.0,0.0,0.0,0.0,0.0,0.0,0.0,0.0,0.0,0.0,0.0,0.0,0.0,0.0,0.0,0.0,0.0,0.0,0.0,0.0,0.0,0.0,0.0,0.0,0.0,0.0,0.0,0.0,0.0,0.0,0.0,0.0,0.0,0.0,0.0,0.0,0.0,0.0
883,0.015643606939460042,0.07420799939483383,0.04102787838086247,0.24499136068541955,0.2943016460096999,0.19758359594642402,0.029239841306655107,0.07214084061296408,0.003946477782859314,0.0,0.004985491516497569,0.008829002475785658,0.006890988093456025,0.004487449260551743,2.653671683385764e-06,0.0,0.0,0.0,0.0,0.0,0.0,0.0,0.0,0.0,2.408017919687472e-06,0.00010812602339191068,0.00027916457902844844,0.000955294626833404,0.00037617467567386935,0.0,0.0,0.0,0.0,0.0,0.0,0.0,0.0,0.0,0.0,0.0,0.0,0.0,0.0,0.0,0.0,0.0,0.0,0.0,0.0,0.0
8ub,0.015495934675500346,0.0648141888443642,0.07175953846753022,0.23906841141454704,0.23182390794308566,0.2710168207191726,0.09286800419628582,0.007087199022794361,0.006065994716719728,0.0,0.0,0.0,0.0,0.0,0.0,0.0,0.0,0.0,0.0,0.0,0.0,0.0,0.0,0.0,0.0,0.0,0.0,0.0,0.0,0.0,0.0,0.0,0.0,0.0,0.0,0.0,0.0,0.0,0.0,0.0,0.0,0.0,0.0,0.0,0.0,0.0,0.0,0.0,0.0,0.0
95j,0.002286144021885723,0.018415422157407928,0.05285242465963358,0.145059847408842,0.34082633150873903,0.33682140612304895,0.07533227740712908,0.0029601286417357277,0.009226471013531306,0.005944904179168131,3.830621638661624e-06,0.0012455491183241056,0.0020878001052333037,0.0019104085282449057,0.0013811874604604455,0.0018000561114598955,2.115936464342481e-05,0.0,0.0003258113138289144,0.0005624085531798712,0.0003554635454112191,0.0002154867915500676,0.00014248899068981737,2.904091103471832e-05,0.00018910901024258672,4.842452936553854e-06,0.0,0.0,0.0,0.0,0.0,0.0,0.0,0.0,0.0,0.0,0.0,0.0,0.0,0.0,0.0,0.0,0.0,0.0,0.0,0.0,0.0,0.0,0.0,0.0
96f,0.03613574318655101,0.08179462695839249,0.16659187869205427,0.16167958180179368,0.19106266868291935,0.22342287291927546,0.13081232385147143,0.0028516004070258407,0.005648703500516492,0.0,0.0,0.0,0.0,0.0,0.0,0.0,0.0,0.0,0.0,0.0,0.0,0.0,0.0,0.0,0.0,0.0,0.0,0.0,0.0,0.0,0.0,0.0,0.0,0.0,0.0,0.0,0.0,0.0,0.0,0.0,0.0,0.0,0.0,0.0,0.0,0.0,0.0,0.0,0.0,0.0
97b,0.00684593682550366,0.06010627224336934,0.07622534485121317,0.07079737905134612,0.17767619235587057,0.17304335746338154,0.25848615042636697,0.0921042771005595,0.07636139912826123,0.006128041021721999,0.0019736728735632748,0.0002519766588426328,0.0,0.0,0.0,0.0,0.0,0.0,0.0,0.0,0.0,0.0,0.0,0.0,0.0,0.0,0.0,0.0,0.0,0.0,0.0,0.0,0.0,0.0,0.0,0.0,0.0,0.0,0.0,0.0,0.0,0.0,0.0,0.0,0.0,0.0,0.0,0.0,0.0,0.0
97p,0.03275644088221241,0.08716902214212043,0.11853348055616296,0.21545833952343332,0.19533838861001995,0.211517871688328,0.11889006573631428,0.0142380553494013,0.006098335512007347,0.0,0.0,0.0,0.0,0.0,0.0,0.0,0.0,0.0,0.0,0.0,0.0,0.0,0.0,0.0,0.0,0.0,0.0,0.0,0.0,0.0,0.0,0.0,0.0,0.0,0.0,0.0,0.0,0.0,0.0,0.0,0.0,0.0,0.0,0.0,0.0,0.0,0.0,0.0,0.0,0.0
9ky,0.07479063911077194,0.28001895069710075,0.197785864175923,0.10560962692049539,0.08023425225973346,0.20043802098314623,0.037473116120256736,0.014358207335769545,0.004517618750794827,0.0025825218251655582,0.0,0.0,0.0,0.00010233903654504658,0.0007122200689976817,0.00042458952386947055,0.0005311529276747396,0.0004208802637556113,0.0,0.0,0.0,0.0,0.0,0.0,0.0,0.0,0.0,0.0,0.0,0.0,0.0,0.0,0.0,0.0,0.0,0.0,0.0,0.0,0.0,0.0,0.0,0.0,0.0,0.0,0.0,0.0,0.0,0.0,0.0,0.0
9lo,0.0019146328946006994,0.019527186621803083,0.04483144980523126,0.02308931992382054,0.1640589672849334,0.2681962991907161,0.2655357289623684,0.1479589889177639,0.040915050495555966,0.01936321078757941,0.0,0.0,0.0,0.0024866683184157435,0.0010254555522017361,0.0010571570205012743,3.98842245085084e-05,0.0,0.0,0.0,0.0,0.0,0.0,0.0,0.0,0.0,0.0,0.0,0.0,0.0,0.0,0.0,0.0,0.0,0.0,0.0,0.0,0.0,0.0,0.0,0.0,0.0,0.0,0.0,0.0,0.0,0.0,0.0,0.0,0.0
9ph,0.002488046032920741,0.03865587126889857,0.20892649412368788,0.24814250733975532,0.15405037625378834,0.19873564374005984,0.11091472345809263,0.026761810300775304,0.006138455105919328,0.0003565559489114658,0.002035476206368854,0.0024702188759226727,0.0003238213448990858,0.0,0.0,0.0,0.0,0.0,0.0,0.0,0.0,0.0,0.0,0.0,0.0,0.0,0.0,0.0,0.0,0.0,0.0,0.0,0.0,0.0,0.0,0.0,0.0,0.0,0.0,0.0,0.0,0.0,0.0,0.0,0.0,0.0,0.0,0.0,0.0,0.0
9rc,0.0231113241564464,0.08791149953848794,0.17378802533514576,0.19048064180810578,0.18202074010473168,0.2693060985512624,0.0570484400243776,0.014696085550680143,0.0016371449307622638,0.0,0.0,0.0,0.0,0.0,0.0,0.0,0.0,0.0,0.0,0.0,0.0,0.0,0.0,0.0,0.0,0.0,0.0,0.0,0.0,0.0,0.0,0.0,0.0,0.0,0.0,0.0,0.0,0.0,0.0,0.0,0.0,0.0,0.0,0.0,0.0,0.0,0.0,0.0,0.0,0.0
9s4,0.07865038971550235,0.15708420277370236,0.2122560116484704,0.1734363669743812,0.12990629287117433,0.0871399287710449,0.11381928864050309,0.02532455345686708,0.013275605025633632,0.005553670036432056,0.0,0.0,0.0,0.000324780978401387,0.0012084441729301662,0.0008533607515912658,0.0006897008020603194,0.00044546644567916924,3.193693562640081e-05,0.0,0.0,0.0,0.0,0.0,0.0,0.0,0.0,0.0,0.0,0.0,0.0,0.0,0.0,0.0,0.0,0.0,0.0,0.0,0.0,0.0,0.0,0.0,0.0,0.0,0.0,0.0,0.0,0.0,0.0,0.0
9wf,0.0376329693400492,0.1213104189732271,0.24489661645480817,0.4131568856064352,0.15645381367417438,0.026549295951305965,0.0,0.0,0.0,0.0,0.0,0.0,0.0,0.0,0.0,0.0,0.0,0.0,0.0,0.0,0.0,0.0,0.0,0.0,0.0,0.0,0.0,0.0,0.0,0.0,0.0,0.0,0.0,0.0,0.0,0.0,0.0,0.0,0.0,0.0,0.0,0.0,0.0,0.0,0.0,0.0,0.0,0.0,0.0,0.0
9zk,0.001242498638256359,0.013666277317102946,0.020820238754110525,0.09501080381636491,0.16514649877512894,0.18398525367297464,0.1845320893189966,0.1860275762855966,0.10688300835856179,0.02128713842694668,0.021378644722077487,1.9971913882547866e-05,0.0,0.0,0.0,0.0,0.0,0.0,0.0,0.0,0.0,0.0,0.0,0.0,0.0,0.0,0.0,0.0,0.0,0.0,0.0,0.0,0.0,0.0,0.0,0.0,0.0,0.0,0.0,0.0,0.0,0.0,0.0,0.0,0.0,0.0,0.0,0.0,0.0,0.0
9zr,0.020602285864491986,0.10680645714007574,0.1235384647902439,0.15533788854894762,0.21447133084790818,0.2272491844339314,0.13274758490810382,0.014293492368682974,0.004942879177054728,1.043192055965808e-05,0.0,0.0,0.0,0.0,0.0,0.0,0.0,0.0,0.0,0.0,0.0,0.0,0.0,0.0,0.0,0.0,0.0,0.0,0.0,0.0,0.0,0.0,0.0,0.0,0.0,0.0,0.0,0.0,0.0,0.0,0.0,0.0,0.0,0.0,0.0,0.0,0.0,0.0,0.0,0.0
a8v,0.02248825199946881,0.07437149142975688,0.14666029265674038,0.1942653639204114,0.24689577156063233,0.20958997783420652,0.10170516079925315,0.00011577747474154257,0.003907912324788977,0.0,0.0,0.0,0.0,0.0,0.0,0.0,0.0,0.0,0.0,0.0,0.0,0.0,0.0,0.0,0.0,0.0,0.0,0.0,0.0,0.0,0.0,0.0,0.0,0.0,0.0,0.0,0.0,0.0,0.0,0.0,0.0,0.0,0.0,0.0,0.0,0.0,0.0,0.0,0.0,0.0
an2,0.003090609571433577,0.0421789671878217,0.09461342948226188,0.1700545852220711,0.13179885917519485,0.12572526570699363,0.15101339671257047,0.1420794432284943,0.10891885051330955,0.025109391152199487,0.0,0.0016232887476093523,0.0024337932744182807,0.001086627441181879,0.000273492584439991,0.0,0.0,0.0,0.0,0.0,0.0,0.0,0.0,0.0,0.0,0.0,0.0,0.0,0.0,0.0,0.0,0.0,0.0,0.0,0.0,0.0,0.0,0.0,0.0,0.0,0.0,0.0,0.0,0.0,0.0,0.0,0.0,0.0,0.0,0.0
aui,0.0013205576513593456,0.005331533429788146,0.018542619534420837,0.07208064307627113,0.27817231508684753,0.3118693152375059,0.23012955651853828,0.04617638734974318,0.012093853077555642,0.009511900325482499,0.014771318712487547,0.0,0.0,0.0,0.0,0.0,0.0,0.0,0.0,0.0,0.0,0.0,0.0,0.0,0.0,0.0,0.0,0.0,0.0,0.0,0.0,0.0,0.0,0.0,0.0,0.0,0.0,0.0,0.0,0.0,0.0,0.0,0.0,0.0,0.0,0.0,0.0,0.0,0.0,0.0
be9,0.03487037625994754,0.00970251289061031,0.0018329491981998664,0.291459147066931,0.37844677812046873,0.28368823646384256,0.0,0.0,0.0,0.0,0.0,0.0,0.0,0.0,0.0,0.0,0.0,0.0,0.0,0.0,0.0,0.0,0.0,0.0,0.0,0.0,0.0,0.0,0.0,0.0,0.0,0.0,0.0,0.0,0.0,0.0,0.0,0.0,0.0,0.0,0.0,0.0,0.0,0.0,0.0,0.0,0.0,0.0,0.0,0.0
bi3,0.006989881719023186,0.04432511219830242,0.06954579326157145,0.08554144404601668,0.17503868846197923,0.19130303782768862,0.09969346602011483,0.13718677152431985,0.11332602058416734,0.057882856420592245,0.019166927936224126,0.0,0.0,0.0,0.0,0.0,0.0,0.0,0.0,0.0,0.0,0.0,0.0,0.0,0.0,0.0,0.0,0.0,0.0,0.0,0.0,0.0,0.0,0.0,0.0,0.0,0.0,0.0,0.0,0.0,0.0,0.0,0.0,0.0,0.0,0.0,0.0,0.0,0.0,0.0
bjw,0.01181144586448497,0.0794656802405327,0.1700240600016305,0.25476507391325526,0.3156187307951668,0.1570801287286973,0.011234880456232482,0.0,0.0,0.0,0.0,0.0,0.0,0.0,0.0,0.0,0.0,0.0,0.0,0.0,0.0,0.0,0.0,0.0,0.0,0.0,0.0,0.0,0.0,0.0,0.0,0.0,0.0,0.0,0.0,0.0,0.0,0.0,0.0,0.0,0.0,0.0,0.0,0.0,0.0,0.0,0.0,0.0,0.0,0.0
bnh,0.022483310778639798,0.07445236811826302,0.14667412771583432,0.19428232661267084,0.24686326389010738,0.20954562695365173,0.10167637704315949,0.0001161095918872413,0.003906489295786234,0.0,0.0,0.0,0.0,0.0,0.0,0.0,0.0,0.0,0.0,0.0,0.0,0.0,0.0,0.0,0.0,0.0,0.0,0.0,0.0,0.0,0.0,0.0,0.0,0.0,0.0,0.0,0.0,0.0,0.0,0.0,0.0,0.0,0.0,0.0,0.0,0.0,0.0,0.0,0.0,0.0
bq9,0.005650926709047684,0.013446008519971025,0.061495535464322626,0.11826644944576808,0.1458120176214952,0.19981824254515837,0.19435090389190884,0.15932121099226793,0.06967398786899338,0.03206892908318164,9.578785788520227e-05,0.0,0.0,0.0,0.0,0.0,0.0,0.0,0.0,0.0,0.0,0.0,0.0,0.0,0.0,0.0,0.0,0.0,0.0,0.0,0.0,0.0,0.0,0.0,0.0,0.0,0.0,0.0,0.0,0.0,0.0,0.0,0.0,0.0,0.0,0.0,0.0,0.0,0.0,0.0
bsa,0.0016027608447465316,0.008845134297883483,0.027397343108722477,0.04378826121732392,0.07907551765883776,0.16815677710095128,0.6004663507706058,0.048715440643959634,0.007263123537963281,0.005315676964888585,0.009373613854117219,0.0,0.0,0.0,0.0,0.0,0.0,0.0,0.0,0.0,0.0,0.0,0.0,0.0,0.0,0.0,0.0,0.0,0.0,0.0,0.0,0.0,0.0,0.0,0.0,0.0,0.0,0.0,0.0,0.0,0.0,0.0,0.0,0.0,0.0,0.0,0.0,0.0,0.0,0.0
bv2,0.004377136873762091,0.03978268447096914,0.1819349830068692,0.09674808695263817,0.048195129484483394,0.22404496516270192,0.08875261525138169,0.18569829268501614,0.09739990111909355,0.031064753787835016,0.0020014512052496923,0.0,0.0,0.0,0.0,0.0,0.0,0.0,0.0,0.0,0.0,0.0,0.0,0.0,0.0,0.0,0.0,0.0,0.0,0.0,0.0,0.0,0.0,0.0,0.0,0.0,0.0,0.0,0.0,0.0,0.0,0.0,0.0,0.0,0.0,0.0,0.0,0.0,0.0,0.0
c0g,0.006274212994797948,0.035325216881749825,0.06521653615212195,0.08350425514735942,0.14101390211539191,0.1999842412373731,0.1309873439930222,0.1401419727015676,0.12125502012416729,0.05990449805349301,0.01639280059895574,0.0,0.0,0.0,0.0,0.0,0.0,0.0,0.0,0.0,0.0,0.0,0.0,0.0,0.0,0.0,0.0,0.0,0.0,0.0,0.0,0.0,0.0,0.0,0.0,0.0,0.0,0.0,0.0,0.0,0.0,0.0,0.0,0.0,0.0,0.0,0.0,0.0,0.0,0.0
c6e,0.02271749001737402,0.09542932245329487,0.16345974488345913,0.15988052790927712,0.17582968648700537,0.25228052159976266,0.12118194691504276,0.0051918103712562365,0.004028949363527842,0.0,0.0,0.0,0.0,0.0,0.0,0.0,0.0,0.0,0.0,0.0,0.0,0.0,0.0,0.0,0.0,0.0,0.0,0.0,0.0,0.0,0.0,0.0,0.0,0.0,0.0,0.0,0.0,0.0,0.0,0.0,0.0,0.0,0.0,0.0,0.0,0.0,0.0,0.0,0.0,0.0
cdk,0.0011304860825764069,0.012049786614857363,0.037288122767564484,0.03244801127146984,0.11030201593299091,0.3197762407741099,0.3430570148886069,0.08816193129717996,0.04138596667350461,0.008791465878215688,0.001567801528681876,0.0005200647554313952,0.0002468518597808708,0.00010492621380921471,0.0014367718436354266,0.0007449045487510494,0.0009876370688341241,0.0,0.0,0.0,0.0,0.0,0.0,0.0,0.0,0.0,0.0,0.0,0.0,0.0,0.0,0.0,0.0,0.0,0.0,0.0,0.0,0.0,0.0,0.0,0.0,0.0,0.0,0.0,0.0,0.0,0.0,0.0,0.0,0.0
cju,0.017423128157935976,0.08245645137408164,0.17965584497295947,0.14427320335400878,0.2339128482480274,0.21443713811474643,0.12196897949353147,0.0014725725879104043,0.004399833696798389,0.0,0.0,0.0,0.0,0.0,0.0,0.0,0.0,0.0,0.0,0.0,0.0,0.0,0.0,0.0,0.0,0.0,0.0,0.0,0.0,0.0,0.0,0.0,0.0,0.0,0.0,0.0,0.0,0.0,0.0,0.0,0.0,0.0,0.0,0.0,0.0,0.0,0.0,0.0,0.0,0.0
clt,0.004560215317298011,0.02349132595836822,0.06394037310390915,0.10453130852183891,0.18897131556121072,0.14745081472810137,0.22452298231533535,0.1512301111058004,0.07379355583832967,0.007772803048052717,0.005381869429419667,0.0003070925805460828,0.0017845862165600604,0.0,0.0,0.0,0.0007016267681088323,0.00014271989908989,0.00046754875741239233,0.0005323978370190334,0.0003400542740903063,7.729873950923455e-05,0.0,0.0,0.0,0.0,0.0,0.0,0.0,0.0,0.0,0.0,0.0,0.0,0.0,0.0,0.0,0.0,0.0,0.0,0.0,0.0,0.0,0.0,0.0,0.0,0.0,0.0,0.0,0.0
d7f,0.004442794839641399,0.01868722210216606,0.05672778675249114,0.26256995998204596,0.24154750477077883,0.2596457658388684,0.1142716426054459,0.025677926551246715,0.008735708196511658,0.007578712639528768,0.0001149757212752261,0.0,0.0,0.0,0.0,0.0,0.0,0.0,0.0,0.0,0.0,0.0,0.0,0.0,0.0,0.0,0.0,0.0,0.0,0.0,0.0,0.0,0.0,0.0,0.0,0.0,0.0,0.0,0.0,0.0,0.0,0.0,0.0,0.0,0.0,0.0,0.0,0.0,0.0,0.0
d9l,0.016221637389620683,0.08272489006775957,0.18639369055434107,0.13099645402832563,0.2470473078060151,0.22768966880978075,0.1032365487138687,0.00020558413543377252,0.0054842184948546945,0.0,0.0,0.0,0.0,0.0,0.0,0.0,0.0,0.0,0.0,0.0,0.0,0.0,0.0,0.0,0.0,0.0,0.0,0.0,0.0,0.0,0.0,0.0,0.0,0.0,0.0,0.0,0.0,0.0,0.0,0.0,0.0,0.0,0.0,0.0,0.0,0.0,0.0,0.0,0.0,0.0
dae,0.0076415897529922,0.03531820182370456,0.07124820257517152,0.0875839101747126,0.1445811809143031,0.1674746195212241,0.1430951217176204,0.13591587372760935,0.11400429609075724,0.08110955900225379,0.01202744469965113,0.0,0.0,0.0,0.0,0.0,0.0,0.0,0.0,0.0,0.0,0.0,0.0,0.0,0.0,0.0,0.0,0.0,0.0,0.0,0.0,0.0,0.0,0.0,0.0,0.0,0.0,0.0,0.0,0.0,0.0,0.0,0.0,0.0,0.0,0.0,0.0,0.0,0.0,0.0
dc8,0.0021505549557930053,0.02686731001327298,0.061156764802038716,0.1397286457368654,0.16558600788662686,0.2650784894317894,0.18226035556737832,0.10859403144270202,0.02671063335547636,0.018378667464318262,0.0,0.0,0.0,0.000838403523940635,0.0011914934070810666,0.0010520756974519612,0.00040656671526511187,0.0,0.0,0.0,0.0,0.0,0.0,0.0,0.0,0.0,0.0,0.0,0.0,0.0,0.0,0.0,0.0,0.0,0.0,0.0,0.0,0.0,0.0,0.0,0.0,0.0,0.0,0.0,0.0,0.0,0.0,0.0,0.0,0.0
deu,0.01067003312666063,0.0736284470141216,0.09052459157814918,0.17337907608446482,0.28282358672542396,0.20246692149315862,0.12356799946410528,0.04293934451391592,0.0,0.0,0.0,0.0,0.0,0.0,0.0,0.0,0.0,0.0,0.0,0.0,0.0,0.0,0.0,0.0,0.0,0.0,0.0,0.0,0.0,0.0,0.0,0.0,0.0,0.0,0.0,0.0,0.0,0.0,0.0,0.0,0.0,0.0,0.0,0.0,0.0,0.0,0.0,0.0,0.0,0.0
dlj,0.025061886647163523,0.08059225801769544,0.1524224468282359,0.19179456958107677,0.19311228751418408,0.24848316384481522,0.10264193786024554,0.0027289392303027887,0.0031625104762807547,0.0,0.0,0.0,0.0,0.0,0.0,0.0,0.0,0.0,0.0,0.0,0.0,0.0,0.0,0.0,0.0,0.0,0.0,0.0,0.0,0.0,0.0,0.0,0.0,0.0,0.0,0.0,0.0,0.0,0.0,0.0,0.0,0.0,0.0,0.0,0.0,0.0,0.0,0.0,0.0,0.0
dth,0.001572597888424733,0.014714891503722728,0.02801461840614738,0.05496615801356242,0.15923802112202134,0.1695575283381187,0.1743126631205689,0.21934672090795215,0.15736830357535336,0.0026910311559085027,0.012311951303101665,0.0058452286579165815,6.028600720149104e-05,0.0,0.0,0.0,0.0,0.0,0.0,0.0,0.0,0.0,0.0,0.0,0.0,0.0,0.0,0.0,0.0,0.0,0.0,0.0,0.0,0.0,0.0,0.0,0.0,0.0,0.0,0.0,0.0,0.0,0.0,0.0,0.0,0.0,0.0,0.0,0.0,0.0
dvn,0.010158615064033502,0.07213913343433898,0.18971772006478355,0.296173506529985,0.20316951910545408,0.1877646323979813,0.04087687340342358,0.0,0.0,0.0,0.0,0.0,0.0,0.0,0.0,0.0,0.0,0.0,0.0,0.0,0.0,0.0,0.0,0.0,0.0,0.0,0.0,0.0,0.0,0.0,0.0,0.0,0.0,0.0,0.0,0.0,0.0,0.0,0.0,0.0,0.0,0.0,0.0,0.0,0.0,0.0,0.0,0.0,0.0,0.0
e6a,0.007313771168722839,0.037427067313590044,0.07624083156218159,0.08238663808995185,0.1448957912148328,0.1687412341966194,0.12244049018318379,0.14459120050848473,0.13976644274241748,0.057283896071922955,0.01891263694809255,0.0,0.0,0.0,0.0,0.0,0.0,0.0,0.0,0.0,0.0,0.0,0.0,0.0,0.0,0.0,0.0,0.0,0.0,0.0,0.0,0.0,0.0,0.0,0.0,0.0,0.0,0.0,0.0,0.0,0.0,0.0,0.0,0.0,0.0,0.0,0.0,0.0,0.0,0.0
e81,0.011698366489303476,0.05087948094367181,0.10690548913561342,0.1638360984826002,0.22411664405299636,0.14789788400975962,0.18851965257941555,0.08611038110709665,0.008496883263968424,0.0036472616406348093,0.0036233346266985006,0.0020041345697272388,0.0012079763536216785,0.0010564127448922582,0.0,0.0,0.0,0.0,0.0,0.0,0.0,0.0,0.0,0.0,0.0,0.0,0.0,0.0,0.0,0.0,0.0,0.0,0.0,0.0,0.0,0.0,0.0,0.0,0.0,0.0,0.0,0.0,0.0,0.0,0.0,0.0,0.0,0.0,0.0,0.0
ek5,0.01925405253259627,0.11963782871386774,0.13055027714809922,0.1784114136124989,0.24263986326632878,0.13513106603465797,0.07464270831193162,0.07734246201212525,0.015872095780516002,0.002507274680799307,0.0002855165995862966,0.0007951923627057315,0.0026895327427388775,0.00024071620154804627,0.0,0.0,0.0,0.0,0.0,0.0,0.0,0.0,0.0,0.0,0.0,0.0,0.0,0.0,0.0,0.0,0.0,0.0,0.0,0.0,0.0,0.0,0.0,0.0,0.0,0.0,0.0,0.0,0.0,0.0,0.0,0.0,0.0,0.0,0.0,0.0
fft,0.010085539822854346,0.07415960149034727,0.08765725477986151,0.08904636577626585,0.08318838145584552,0.07955351358338503,0.13646895254655877,0.1438627118807686,0.13023090717118677,0.1284195603325315,0.037327211160394815,0.0,0.0,0.0,0.0,0.0,0.0,0.0,0.0,0.0,0.0,0.0,0.0,0.0,0.0,0.0,0.0,0.0,0.0,0.0,0.0,0.0,0.0,0.0,0.0,0.0,0.0,0.0,0.0,0.0,0.0,0.0,0.0,0.0,0.0,0.0,0.0,0.0,0.0,0.0
fj5,0.009616735675393276,0.030156704337138504,0.04623069669111771,0.0827092663772513,0.16764291618431718,0.18875064087243623,0.20858412142263286,0.13552576717897774,0.0715342780709885,0.052133958925296625,0.0,0.000363163846585161,0.002017304760729426,0.002558205596083655,0.001138011461035658,0.0010334778083043025,4.750791711908143e-06,0.0,0.0,0.0,0.0,0.0,0.0,0.0,0.0,0.0,0.0,0.0,0.0,0.0,0.0,0.0,0.0,0.0,0.0,0.0,0.0,0.0,0.0,0.0,0.0,0.0,0.0,0.0,0.0,0.0,0.0,0.0,0.0,0.0
fkj,0.0313681028839284,0.0985744742184908,0.11842529695018487,0.1440916823944477,0.20075327891399875,0.29172800300784146,0.10777488802010936,0.0032211235370451226,0.004063150073953354,0.0,0.0,0.0,0.0,0.0,0.0,0.0,0.0,0.0,0.0,0.0,0.0,0.0,0.0,0.0,0.0,0.0,0.0,0.0,0.0,0.0,0.0,0.0,0.0,0.0,0.0,0.0,0.0,0.0,0.0,0.0,0.0,0.0,0.0,0.0,0.0,0.0,0.0,0.0,0.0,0.0
fwz,0.01783882944764533,0.06636047755334205,0.0887548575737013,0.028859274921595936,0.4388513214358838,0.3117509370273476,0.04125376254464906,0.003712149620261469,0.0024336191234347465,0.00018477075213885845,0.0,0.0,0.0,0.0,0.0,0.0,0.0,0.0,0.0,0.0,0.0,0.0,0.0,0.0,0.0,0.0,0.0,0.0,0.0,0.0,0.0,0.0,0.0,0.0,0.0,0.0,0.0,0.0,0.0,0.0,0.0,0.0,0.0,0.0,0.0,0.0,0.0,0.0,0.0,0.0
gcj,0.003959643462974808,0.033667069158529156,0.06703104058249149,0.0925916256288569,0.14384309373070697,0.17913061984473588,0.128616083840514,0.12971148819245076,0.12477731742709469,0.05496893602375468,0.031728731689653566,0.009974350418237068,0.0,0.0,0.0,0.0,0.0,0.0,0.0,0.0,0.0,0.0,0.0,0.0,0.0,0.0,0.0,0.0,0.0,0.0,0.0,0.0,0.0,0.0,0.0,0.0,0.0,0.0,0.0,0.0,0.0,0.0,0.0,0.0,0.0,0.0,0.0,0.0,0.0,0.0
gkl,0.007415957918333739,0.03577024232006854,0.06539662926860446,0.0866580814333091,0.1435500611916527,0.19447300463206657,0.11997622054329386,0.10363630056919725,0.13018849400569754,0.06311952941605027,0.025183604236319917,0.024631874465406045,0.0,0.0,0.0,0.0,0.0,0.0,0.0,0.0,0.0,0.0,0.0,0.0,0.0,0.0,0.0,0.0,0.0,0.0,0.0,0.0,0.0,0.0,0.0,0.0,0.0,0.0,0.0,0.0,0.0,0.0,0.0,0.0,0.0,0.0,0.0,0.0,0.0,0.0
goi,0.03227016960572173,0.02516944941544082,0.00770190904152664,0.009526656919556497,0.16754498785211344,0.5720872772868575,0.14703035041283297,0.03837877622134982,0.0,0.0,0.0,0.0,0.0,6.344244493246643e-05,3.667488808168282e-05,0.0,0.0,0.0,0.0,3.530173076963544e-05,8.325679375968213e-05,3.302729852647482e-05,5.291720793851209e-06,0.0,0.0,0.0,0.0,0.0,0.0,0.0,0.0,0.0,0.0,0.0,0.0,0.0,0.0,0.0,0.0,0.0,0.0,0.0,0.0,3.2643167437658755e-05,0.0,7.852002989948368e-07,0.0,0.0,0.0,0.0
gvd,0.0019246931655399948,0.0210722899730067,0.1668547744970363,0.12028234065022951,0.14776237477147436,0.1123147139617137,0.08524645887079144,0.05538038852053067,0.15901654459834208,0.1276973260138246,0.0024480949775105973,0.0,0.0,0.0,0.0,0.0,0.0,0.0,0.0,0.0,0.0,0.0,0.0,0.0,0.0,0.0,0.0,0.0,0.0,0.0,0.0,0.0,0.0,0.0,0.0,0.0,0.0,0.0,0.0,0.0,0.0,0.0,0.0,0.0,0.0,0.0,0.0,0.0,0.0,0.0
gw2,0.001978103914409181,0.07798833456324401,0.1548908180161558,0.14167477820107427,0.11042871143244014,0.21581539168173897,0.18497337289267787,0.08356389591214104,0.01636537035431457,0.007903082171047836,2.0537179645884157e-05,0.0,4.423225100366337e-05,0.0011662347675521335,0.0008472781356438793,0.0008597557055932269,0.0005805749635867276,0.0007027548828629931,0.0001967729748677785,0.0,0.0,0.0,0.0,0.0,0.0,0.0,0.0,0.0,0.0,0.0,0.0,0.0,0.0,0.0,0.0,0.0,0.0,0.0,0.0,0.0,0.0,0.0,0.0,0.0,0.0,0.0,0.0,0.0,0.0,0.0
gxz,0.004672317903310342,0.02878565581464105,0.044257213795674134,0.10368528061953965,0.18393042212983793,0.1982831522626223,0.22730882922917528,0.12093403178178351,0.05905909895051464,0.023544636467085392,0.0,0.0,0.0013433077778869835,0.002137914007832279,0.0009673271984419295,0.0007231393749398558,0.0003616839386844832,5.988748030245583e-06,0.0,0.0,0.0,0.0,0.0,0.0,0.0,0.0,0.0,0.0,0.0,0.0,0.0,0.0,0.0,0.0,0.0,0.0,0.0,0.0,0.0,0.0,0.0,0.0,0.0,0.0,0.0,0.0,0.0,0.0,0.0,0.0
gz8,0.004172434139214127,0.03830193951806253,0.06808884138072677,0.07723842777314933,0.15700526461898642,0.22498319206707876,0.12384683995678394,0.10546936602834087,0.08138356618555238,0.08113659444566973,0.038124302081935575,0.00024923180449958255,0.0,0.0,0.0,0.0,0.0,0.0,0.0,0.0,0.0,0.0,0.0,0.0,0.0,0.0,0.0,0.0,0.0,0.0,0.0,0.0,0.0,0.0,0.0,0.0,0.0,0.0,0.0,0.0,0.0,0.0,0.0,0.0,0.0,0.0,0.0,0.0,0.0,0.0
h6c,0.0021851686040213715,0.01766232162689014,0.042029196757146316,0.03198019389456908,0.18155962978238188,0.3798526549167168,0.2701456475408363,0.06611805367537123,0.0,0.0,0.0,0.0045045944021205545,0.003926669622856006,3.586917709047636e-05,0.0,0.0,0.0,0.0,0.0,0.0,0.0,0.0,0.0,0.0,0.0,0.0,0.0,0.0,0.0,0.0,0.0,0.0,0.0,0.0,0.0,0.0,0.0,0.0,0.0,0.0,0.0,0.0,0.0,0.0,0.0,0.0,0.0,0.0,0.0,0.0
h7r,0.0433472593848694,0.26957015859114464,0.20119345299349745,0.1096293803024275,0.11872233481860672,0.18275214037626678,0.049999456280245186,0.01241747621102965,0.006950061462251833,0.0024618589065809114,0.0,0.0,0.0,0.00011356281088423401,0.0009663078553369808,0.0008032395368775551,0.0006956383271290617,0.00037767214285204065,0.0,0.0,0.0,0.0,0.0,0.0,0.0,0.0,0.0,0.0,0.0,0.0,0.0,0.0,0.0,0.0,0.0,0.0,0.0,0.0,0.0,0.0,0.0,0.0,0.0,0.0,0.0,0.0,0.0,0.0,0.0,0.0
h82,0.023970234038623132,0.09939678062216266,0.16001462684103215,0.1234399438817174,0.23494859098928791,0.21491012238161553,0.13574052939219758,0.0,0.007579171853363634,0.0,0.0,0.0,0.0,0.0,0.0,0.0,0.0,0.0,0.0,0.0,0.0,0.0,0.0,0.0,0.0,0.0,0.0,0.0,0.0,0.0,0.0,0.0,0.0,0.0,0.0,0.0,0.0,0.0,0.0,0.0,0.0,0.0,0.0,0.0,0.0,0.0,0.0,0.0,0.0,0.0
h89,0.007399723700709489,0.028920922327046877,0.06701272588559308,0.09993618282596922,0.1594854797053077,0.18648524400465927,0.12567885470570803,0.12843685704635519,0.12532802613087685,0.05452719859270493,0.01667482194613135,0.00011396312893806288,0.0,0.0,0.0,0.0,0.0,0.0,0.0,0.0,0.0,0.0,0.0,0.0,0.0,0.0,0.0,0.0,0.0,0.0,0.0,0.0,0.0,0.0,0.0,0.0,0.0,0.0,0.0,0.0,0.0,0.0,0.0,0.0,0.0,0.0,0.0,0.0,0.0,0.0
hai,0.027509522444799112,0.14349383037151617,0.10988639279026295,0.11660385170558042,0.001101427515763897,0.1207826807012633,0.12238502529275588,0.1549977628648205,0.13766880718335464,0.05867901464587407,0.0,0.0,0.0,0.005049167937602453,0.0009425130092741352,0.0007941599745445238,0.0001058435625879291,0.0,0.0,0.0,0.0,0.0,0.0,0.0,0.0,0.0,0.0,0.0,0.0,0.0,0.0,0.0,0.0,0.0,0.0,0.0,0.0,0.0,0.0,0.0,0.0,0.0,0.0,0.0,0.0,0.0,0.0,0.0,0.0,0.0
hbz,0.02680933077110129,0.07255153354449995,0.15318341677072106,0.2093508931921581,0.2042168778556205,0.1861073443698433,0.1319780320229332,0.011559741505367996,0.004242829967754575,0.0,0.0,0.0,0.0,0.0,0.0,0.0,0.0,0.0,0.0,0.0,0.0,0.0,0.0,0.0,0.0,0.0,0.0,0.0,0.0,0.0,0.0,0.0,0.0,0.0,0.0,0.0,0.0,0.0,0.0,0.0,0.0,0.0,0.0,0.0,0.0,0.0,0.0,0.0,0.0,0.0
hcm,0.011490618629486934,0.025167495831334347,0.05482983869809117,0.08680382235638454,0.16234470576271015,0.1808931691467936,0.1429821000233957,0.12910856617016436,0.10907500817493238,0.060042167356629365,0.029071079574408996,0.008191428275668461,0.0,0.0,0.0,0.0,0.0,0.0,0.0,0.0,0.0,0.0,0.0,0.0,0.0,0.0,0.0,0.0,0.0,0.0,0.0,0.0,0.0,0.0,0.0,0.0,0.0,0.0,0.0,0.0,0.0,0.0,0.0,0.0,0.0,0.0,0.0,0.0,0.0,0.0
hja,0.008621409067221503,0.02970693113896068,0.055287373790936116,0.1915134080013292,0.3094028279108231,0.23132827795482125,0.16649666000972552,0.0,0.0,0.0012174611336085988,0.0020194780867229625,0.001979567331992624,0.0016028589926208904,0.0008237465812375577,0.0,0.0,0.0,0.0,0.0,0.0,0.0,0.0,0.0,0.0,0.0,0.0,0.0,0.0,0.0,0.0,0.0,0.0,0.0,0.0,0.0,0.0,0.0,0.0,0.0,0.0,0.0,0.0,0.0,0.0,0.0,0.0,0.0,0.0,0.0,0.0
i12,0.0013978940299068175,0.010688335685994291,0.025389761971862202,0.15134365998212138,0.2930573770309003,0.355832293499452,0.1087955382435529,0.025204642814546818,0.011567882908023965,0.008382426703826652,0.0077229191206280075,0.0006172680091846333,0.0,0.0,0.0,0.0,0.0,0.0,0.0,0.0,0.0,0.0,0.0,0.0,0.0,0.0,0.0,0.0,0.0,0.0,0.0,0.0,0.0,0.0,0.0,0.0,0.0,0.0,0.0,0.0,0.0,0.0,0.0,0.0,0.0,0.0,0.0,0.0,0.0,0.0
ia5,0.0037640677464116606,0.06585219773098915,0.4066323332920597,0.31682457959570065,0.12726738184557837,0.06126461660254162,0.01155718849035806,0.0005556430503987971,0.00044377778335476253,0.0002962414167538618,0.0008518868276283124,0.003793474796468532,0.0008303388845360425,6.627193722055712e-05,0.0,0.0,0.0,0.0,0.0,0.0,0.0,0.0,0.0,0.0,0.0,0.0,0.0,0.0,0.0,0.0,0.0,0.0,0.0,0.0,0.0,0.0,0.0,0.0,0.0,0.0,0.0,0.0,0.0,0.0,0.0,0.0,0.0,0.0,0.0,0.0
iiy,0.027192651850356415,0.12386902981475194,0.14718717343621762,0.14596498250002907,0.15848869115483066,0.22426931410957116,0.16073628829750386,0.0074702861390436425,0.004821582697695614,0.0,0.0,0.0,0.0,0.0,0.0,0.0,0.0,0.0,0.0,0.0,0.0,0.0,0.0,0.0,0.0,0.0,0.0,0.0,0.0,0.0,0.0,0.0,0.0,0.0,0.0,0.0,0.0,0.0,0.0,0.0,0.0,0.0,0.0,0.0,0.0,0.0,0.0,0.0,0.0,0.0
ij5,0.03901014739530989,0.08972697460938026,0.1457602996561079,0.19271247416413773,0.23093151074668786,0.1828032389795295,0.11160574111358583,0.0005696837374466087,0.006879929597814413,0.0,0.0,0.0,0.0,0.0,0.0,0.0,0.0,0.0,0.0,0.0,0.0,0.0,0.0,0.0,0.0,0.0,0.0,0.0,0.0,0.0,0.0,0.0,0.0,0.0,0.0,0.0,0.0,0.0,0.0,0.0,0.0,0.0,0.0,0.0,0.0,0.0,0.0,0.0,0.0,0.0
ik8,0.0260173594958336,0.08188530808183339,0.15131924990880596,0.15880038633860252,0.18383161648838706,0.25974488438131677,0.1290876806316982,0.004287103069522443,0.005026411604000067,0.0,0.0,0.0,0.0,0.0,0.0,0.0,0.0,0.0,0.0,0.0,0.0,0.0,0.0,0.0,0.0,0.0,0.0,0.0,0.0,0.0,0.0,0.0,0.0,0.0,0.0,0.0,0.0,0.0,0.0,0.0,0.0,0.0,0.0,0.0,0.0,0.0,0.0,0.0,0.0,0.0
iqt,0.034504458349028114,0.15895687080560383,0.20998435051106218,0.16678285937369203,0.14545172157358757,0.09031302292280845,0.13449788930578638,0.03519058074730968,0.012874085883890817,0.007804987767076358,0.00012566597223475132,0.0,5.145183880961135e-05,0.0004895062857294213,0.0010886370790542939,0.0005875767528866083,0.0007640061105252298,0.00045043740746038085,8.189131345432065e-05,0.0,0.0,0.0,0.0,0.0,0.0,0.0,0.0,0.0,0.0,0.0,0.0,0.0,0.0,0.0,0.0,0.0,0.0,0.0,0.0,0.0,0.0,0.0,0.0,0.0,0.0,0.0,0.0,0.0,0.0,0.0
ish,0.03206474674438409,0.12244370711223473,0.14873780490584457,0.14921649605623974,0.19690910033326423,0.22731241376437078,0.1198863422033718,0.00015235477645259734,0.003277034103837482,0.0,0.0,0.0,0.0,0.0,0.0,0.0,0.0,0.0,0.0,0.0,0.0,0.0,0.0,0.0,0.0,0.0,0.0,0.0,0.0,0.0,0.0,0.0,0.0,0.0,0.0,0.0,0.0,0.0,0.0,0.0,0.0,0.0,0.0,0.0,0.0,0.0,0.0,0.0,0.0,0.0
ix1,0.021433270346449842,0.15951728143328783,0.1973375868296544,0.104375973765134,0.16551732896365992,0.15816019417285165,0.14965444684862717,0.012575600909425532,0.0194015846067367,0.008738873975823215,0.0,0.0,0.0,3.0302025055424775e-05,0.0009202468971878916,0.0011543311423772976,0.00030317125919115533,0.0008755629237344647,4.24390080351981e-06,0.0,0.0,0.0,0.0,0.0,0.0,0.0,0.0,0.0,0.0,0.0,0.0,0.0,0.0,0.0,0.0,0.0,0.0,0.0,0.0,0.0,0.0,0.0,0.0,0.0,0.0,0.0,0.0,0.0,0.0,0.0
j8q,0.01683977057540245,0.06140440586722822,0.12290486536564109,0.18155551814668888,0.23948084473947368,0.22697585885512297,0.14256330795668049,0.0018506853402837785,0.006424743153478465,0.0,0.0,0.0,0.0,0.0,0.0,0.0,0.0,0.0,0.0,0.0,0.0,0.0,0.0,0.0,0.0,0.0,0.0,0.0,0.0,0.0,0.0,0.0,0.0,0.0,0.0,0.0,0.0,0.0,0.0,0.0,0.0,0.0,0.0,0.0,0.0,0.0,0.0,0.0,0.0,0.0
jkq,0.001322710475306514,0.009704440540921679,0.02283146298146561,0.23342926164137132,0.25638478266532705,0.33355018609133247,0.08718994324702692,0.026046735065675453,0.011665897206929914,0.007103445791844738,0.006062195238995263,0.004708939053802955,0.0,0.0,0.0,0.0,0.0,0.0,0.0,0.0,0.0,0.0,0.0,0.0,0.0,0.0,0.0,0.0,0.0,0.0,0.0,0.0,0.0,0.0,0.0,0.0,0.0,0.0,0.0,0.0,0.0,0.0,0.0,0.0,0.0,0.0,0.0,0.0,0.0,0.0
jl4,0.0020337730475173065,0.010677070883167541,0.027006014805211524,0.2771605168260685,0.26093858202567016,0.30241956667065356,0.07201687180042006,0.017955021493688512,0.012201657936516813,0.006611638463399926,0.0069658753350155455,0.004013410712670542,0.0,0.0,0.0,0.0,0.0,0.0,0.0,0.0,0.0,0.0,0.0,0.0,0.0,0.0,0.0,0.0,0.0,0.0,0.0,0.0,0.0,0.0,0.0,0.0,0.0,0.0,0.0,0.0,0.0,0.0,0.0,0.0,0.0,0.0,0.0,0.0,0.0,0.0
joc,0.0111299355353388,0.06732470757583664,0.07153275788837427,0.05970639423089532,0.23752379833842072,0.5076610381814984,0.03815926632371008,0.0011327280389434675,0.005829373886982232,0.0,0.0,0.0,0.0,0.0,0.0,0.0,0.0,0.0,0.0,0.0,0.0,0.0,0.0,0.0,0.0,0.0,0.0,0.0,0.0,0.0,0.0,0.0,0.0,0.0,0.0,0.0,0.0,0.0,0.0,0.0,0.0,0.0,0.0,0.0,0.0,0.0,0.0,0.0,0.0,0.0
jqc,0.0030660831577384003,0.020160119667800385,0.07033232039545045,0.13876615146036023,0.1427482899271639,0.14284607429298066,0.15067454249803308,0.13686735656091167,0.11066534628812986,0.06721339150687425,0.016660324244557108,0.0,0.0,0.0,0.0,0.0,0.0,0.0,0.0,0.0,0.0,0.0,0.0,0.0,0.0,0.0,0.0,0.0,0.0,0.0,0.0,0.0,0.0,0.0,0.0,0.0,0.0,0.0,0.0,0.0,0.0,0.0,0.0,0.0,0.0,0.0,0.0,0.0,0.0,0.0
k4x,0.014465880245773196,0.05846304498042352,0.08972628194529364,0.20010452618524502,0.23089082789633145,0.27192746260231093,0.11296691545771308,0.013707610902731709,0.007747449784177458,0.0,0.0,0.0,0.0,0.0,0.0,0.0,0.0,0.0,0.0,0.0,0.0,0.0,0.0,0.0,0.0,0.0,0.0,0.0,0.0,0.0,0.0,0.0,0.0,0.0,0.0,0.0,0.0,0.0,0.0,0.0,0.0,0.0,0.0,0.0,0.0,0.0,0.0,0.0,0.0,0.0
ka6,0.004173032495254761,0.03830405822889951,0.06808891391240227,0.07724251078033005,0.15701231450204678,0.22494415086004305,0.1238470084675094,0.10554384020128812,0.08137463151217506,0.08115860347551881,0.038062859895844785,0.0002480756686874088,0.0,0.0,0.0,0.0,0.0,0.0,0.0,0.0,0.0,0.0,0.0,0.0,0.0,0.0,0.0,0.0,0.0,0.0,0.0,0.0,0.0,0.0,0.0,0.0,0.0,0.0,0.0,0.0,0.0,0.0,0.0,0.0,0.0,0.0,0.0,0.0,0.0,0.0
kab,0.034318996157974575,0.15869738145730664,0.21002721871036756,0.16686639213531998,0.14529845074140704,0.09043849594585433,0.1348523910308704,0.03520187837328087,0.012875652689908607,0.0077866792562980985,0.00012534931518934876,0.0,5.140288843053693e-05,0.0004902998422570687,0.001086735352446941,0.0005870339613387181,0.0007636454002935406,0.0004501403128353781,8.185642862034e-05,0.0,0.0,0.0,0.0,0.0,0.0,0.0,0.0,0.0,0.0,0.0,0.0,0.0,0.0,0.0,0.0,0.0,0.0,0.0,0.0,0.0,0.0,0.0,0.0,0.0,0.0,0.0,0.0,0.0,0.0,0.0
kbo,0.003209033649201743,0.02113019952224444,0.08034402660521403,0.1504285910584624,0.1831438321414809,0.18925609848620595,0.07476864356144987,0.1921280985013403,0.07710426147784351,0.02214893013303324,0.0,0.0,0.0,0.0034120629667900833,0.001365376396944217,0.000957798408398764,0.000417475688460546,0.00018557140293002722,0.0,0.0,0.0,0.0,0.0,0.0,0.0,0.0,0.0,0.0,0.0,0.0,0.0,0.0,0.0,0.0,0.0,0.0,0.0,0.0,0.0,0.0,0.0,0.0,0.0,0.0,0.0,0.0,0.0,0.0,0.0,0.0
kbq,0.005430236365197701,0.03916281774155461,0.07320498938946401,0.09608125328003128,0.20531298651081187,0.19858671233617992,0.11181575748495695,0.13620410186680662,0.0850510413591926,0.04915010366580441,0.0,0.0,0.0,0.0,0.0,0.0,0.0,0.0,0.0,0.0,0.0,0.0,0.0,0.0,0.0,0.0,0.0,0.0,0.0,0.0,0.0,0.0,0.0,0.0,0.0,0.0,0.0,0.0,0.0,0.0,0.0,0.0,0.0,0.0,0.0,0.0,0.0,0.0,0.0,0.0
kbu,0.007959073033269412,0.04535187824224248,0.07588078825348307,0.0868324638706325,0.132086457678635,0.1845910130170121,0.14117417947807076,0.1305711179371578,0.10837458272947914,0.0645380428634478,0.01729032588342472,0.005350077013145166,0.0,0.0,0.0,0.0,0.0,0.0,0.0,0.0,0.0,0.0,0.0,0.0,0.0,0.0,0.0,0.0,0.0,0.0,0.0,0.0,0.0,0.0,0.0,0.0,0.0,0.0,0.0,0.0,0.0,0.0,0.0,0.0,0.0,0.0,0.0,0.0,0.0,0.0
kfp,0.007426945801773576,0.03014813317544615,0.028949944533023436,0.08579187254653836,0.20732594979549146,0.39452616095667675,0.15719448456851576,0.04831943368029134,0.029420412061233497,0.004548624025530764,0.0022157124723972193,0.0,0.0016876242022968082,0.00035017096628401967,0.000377479456029922,0.0004331726012581189,0.0011721262889292019,0.00011175286828364276,0.0,0.0,0.0,0.0,0.0,0.0,0.0,0.0,0.0,0.0,0.0,0.0,0.0,0.0,0.0,0.0,0.0,0.0,0.0,0.0,0.0,0.0,0.0,0.0,0.0,0.0,0.0,0.0,0.0,0.0,0.0,0.0
kgl,0.02275373676137589,0.05804496842655733,0.11893550353982793,0.2148665543034717,0.18965852566034858,0.18968237968044838,0.1303035185439428,0.06969368294360011,0.006015049453308067,4.6080687119240865e-05,0.0,0.0,0.0,0.0,0.0,0.0,0.0,0.0,0.0,0.0,0.0,0.0,0.0,0.0,0.0,0.0,0.0,0.0,0.0,0.0,0.0,0.0,0.0,0.0,0.0,0.0,0.0,0.0,0.0,0.0,0.0,0.0,0.0,0.0,0.0,0.0,0.0,0.0,0.0,0.0
kkn,0.023130448790635593,0.07598370508393583,0.11082108538666757,0.1603922773698375,0.15128683013985603,0.20603780670854518,0.09909488916936725,0.07422629273843456,0.06669965434024454,0.03203970810952523,0.0002873021629507331,0.0,0.0,0.0,0.0,0.0,0.0,0.0,0.0,0.0,0.0,0.0,0.0,0.0,0.0,0.0,0.0,0.0,0.0,0.0,0.0,0.0,0.0,0.0,0.0,0.0,0.0,0.0,0.0,0.0,0.0,0.0,0.0,0.0,0.0,0.0,0.0,0.0,0.0,0.0
kko,0.01945202061205345,0.0944912382970505,0.14072851858621194,0.18414031920078708,0.21989168739075735,0.24171340369249716,0.08969888420667653,0.0016445898853767011,0.008239338128589272,0.0,0.0,0.0,0.0,0.0,0.0,0.0,0.0,0.0,0.0,0.0,0.0,0.0,0.0,0.0,0.0,0.0,0.0,0.0,0.0,0.0,0.0,0.0,0.0,0.0,0.0,0.0,0.0,0.0,0.0,0.0,0.0,0.0,0.0,0.0,0.0,0.0,0.0,0.0,0.0,0.0
kmv,0.020421825413833902,0.0845743517613593,0.10509290072560414,0.14795615418809968,0.2949405456044292,0.21834878127259075,0.08594806591610651,0.03550217461470055,0.007215200503275962,0.0,0.0,0.0,0.0,0.0,0.0,0.0,0.0,0.0,0.0,0.0,0.0,0.0,0.0,0.0,0.0,0.0,0.0,0.0,0.0,0.0,0.0,0.0,0.0,0.0,0.0,0.0,0.0,0.0,0.0,0.0,0.0,0.0,0.0,0.0,0.0,0.0,0.0,0.0,0.0,0.0
kop,0.022601443815094803,0.0657543863668709,0.15836515427746062,0.25032442374030217,0.2154217636343984,0.17867642798811184,0.09844369968169724,0.0007801752892093091,0.009632525206854812,0.0,0.0,0.0,0.0,0.0,0.0,0.0,0.0,0.0,0.0,0.0,0.0,0.0,0.0,0.0,0.0,0.0,0.0,0.0,0.0,0.0,0.0,0.0,0.0,0.0,0.0,0.0,0.0,0.0,0.0,0.0,0.0,0.0,0.0,0.0,0.0,0.0,0.0,0.0,0.0,0.0
l9r,0.005133296362112799,0.028991129009121475,0.06666252885557797,0.08845719904941397,0.1327464626948355,0.18456973325493564,0.1401005147031167,0.12445646534105935,0.13790623520631304,0.06551267252312194,0.019754971148173223,0.005708791852218372,0.0,0.0,0.0,0.0,0.0,0.0,0.0,0.0,0.0,0.0,0.0,0.0,0.0,0.0,0.0,0.0,0.0,0.0,0.0,0.0,0.0,0.0,0.0,0.0,0.0,0.0,0.0,0.0,0.0,0.0,0.0,0.0,0.0,0.0,0.0,0.0,0.0,0.0
l9v,0.004269306706477349,0.038682115644623156,0.0326180236709105,0.16164080778976164,0.233474148892785,0.15459501518458826,0.17265344613717332,0.10803016471034646,0.07009826578862133,0.020146693108267992,0.0037920123664450024,0.0,0.0,0.0,0.0,0.0,0.0,0.0,0.0,0.0,0.0,0.0,0.0,0.0,0.0,0.0,0.0,0.0,0.0,0.0,0.0,0.0,0.0,0.0,0.0,0.0,0.0,0.0,0.0,0.0,0.0,0.0,0.0,0.0,0.0,0.0,0.0,0.0,0.0,0.0
lap,0.03448462241266038,0.15901933740359342,0.20996581901487105,0.16674986179105797,0.1454309260581649,0.09032269485040462,0.1345235971739459,0.035191006135553315,0.012871399850816157,0.007802752579040728,0.00012562787020974216,0.0,5.144575539140636e-05,0.0004893826408980549,0.0010882438157698072,0.0005873517531006612,0.0007638206075260954,0.000450228929891055,8.188135710456651e-05,0.0,0.0,0.0,0.0,0.0,0.0,0.0,0.0,0.0,0.0,0.0,0.0,0.0,0.0,0.0,0.0,0.0,0.0,0.0,0.0,0.0,0.0,0.0,0.0,0.0,0.0,0.0,0.0,0.0,0.0,0.0
ldx,0.026389568799649463,0.23348521342345915,0.3318721041828545,0.09234514969340593,0.16992447298435825,0.10659580274883391,0.017612893140141698,0.01021123889602507,0.005354028740294628,0.0019425884150118282,8.042408276257061e-06,0.0,0.0,0.0,0.0015085200583936638,0.0014909443210337503,0.0002816119320426282,0.000902479029413343,7.534122680595283e-05,0.0,0.0,0.0,0.0,0.0,0.0,0.0,0.0,0.0,0.0,0.0,0.0,0.0,0.0,0.0,0.0,0.0,0.0,0.0,0.0,0.0,0.0,0.0,0.0,0.0,0.0,0.0,0.0,0.0,0.0,0.0
lkm,0.002386495219878308,0.015715386159659128,0.05113330442459788,0.11447484314082382,0.13478576301833828,0.11460692066393557,0.15410747469045158,0.22535750483143832,0.1679864752879635,0.0031357543649150293,0.007354393482738447,0.00895568471526014,0.0,0.0,0.0,0.0,0.0,0.0,0.0,0.0,0.0,0.0,0.0,0.0,0.0,0.0,0.0,0.0,0.0,0.0,0.0,0.0,0.0,0.0,0.0,0.0,0.0,0.0,0.0,0.0,0.0,0.0,0.0,0.0,0.0,0.0,0.0,0.0,0.0,0.0
lol,0.0308420407029557,0.06130401070431722,0.22301368344299768,0.28209482297292343,0.13246773005243162,0.23390757793796887,0.025457775873381046,0.0,0.010912358313024404,0.0,0.0,0.0,0.0,0.0,0.0,0.0,0.0,0.0,0.0,0.0,0.0,0.0,0.0,0.0,0.0,0.0,0.0,0.0,0.0,0.0,0.0,0.0,0.0,0.0,0.0,0.0,0.0,0.0,0.0,0.0,0.0,0.0,0.0,0.0,0.0,0.0,0.0,0.0,0.0,0.0
lpx,0.03484364927469885,0.1299694193418062,0.23167777619587795,0.1610580283122191,0.14027995915471106,0.13669919027726404,0.12900948346064292,0.00358103674451925,0.022452977273057624,0.006449338810242166,0.0,0.0,0.0,0.0007732092507939783,0.0007065316318550447,0.0010924601273158093,0.0009282418426486026,0.0004639707676448189,1.4727534702614149e-05,0.0,0.0,0.0,0.0,0.0,0.0,0.0,0.0,0.0,0.0,0.0,0.0,0.0,0.0,0.0,0.0,0.0,0.0,0.0,0.0,0.0,0.0,0.0,0.0,0.0,0.0,0.0,0.0,0.0,0.0,0.0
lrh,0.015726429117227953,0.06737665367428884,0.11784858882962149,0.13162961227800188,0.20661099684949666,0.12029192393317654,0.14204558633206882,0.09532643570432006,0.09483775993223087,0.004540000796930621,0.0,0.0,7.665646237642447e-05,0.0011005068762631406,0.0014436363397901865,0.0007845711881576862,0.0003538242779677883,6.817408081021663e-06,0.0,0.0,0.0,0.0,0.0,0.0,0.0,0.0,0.0,0.0,0.0,0.0,0.0,0.0,0.0,0.0,0.0,0.0,0.0,0.0,0.0,0.0,0.0,0.0,0.0,0.0,0.0,0.0,0.0,0.0,0.0,0.0
lxk,0.024455653517234856,0.10327405003556413,0.14342341894391988,0.10511440992935055,0.23990771718221338,0.24863589207981027,0.09936970799218275,0.034701624023362077,0.0011175262963621323,0.0,0.0,0.0,0.0,0.0,0.0,0.0,0.0,0.0,0.0,0.0,0.0,0.0,0.0,0.0,0.0,0.0,0.0,0.0,0.0,0.0,0.0,0.0,0.0,0.0,0.0,0.0,0.0,0.0,0.0,0.0,0.0,0.0,0.0,0.0,0.0,0.0,0.0,0.0,0.0,0.0
m0v,0.001775241109142214,0.015865154718735973,0.0360982276350511,0.10700681143216763,0.33407648443363763,0.33641876878432736,0.11715660740792118,0.01909969046694513,0.013442135923891691,0.009584177038458484,0.005408309849979137,0.003107793261630401,0.0009605979381120586,0.0,0.0,0.0,0.0,0.0,0.0,0.0,0.0,0.0,0.0,0.0,0.0,0.0,0.0,0.0,0.0,0.0,0.0,0.0,0.0,0.0,0.0,0.0,0.0,0.0,0.0,0.0,0.0,0.0,0.0,0.0,0.0,0.0,0.0,0.0,0.0,0.0
mde,0.00642949022830118,0.011447299950260035,0.01508725835497634,0.09673644452580372,0.5423272965226049,0.1101265886987558,0.17458574679509184,0.026191280622098675,0.0045400037101506275,0.0026367995771585566,0.001181103989267203,0.0014398844453786508,0.0013510164884631623,0.0019106023126391513,0.0008687313034549176,0.00039991202644648946,0.0005597552664443902,5.451736703792366e-05,0.00018164455677267425,0.0006694427194829202,0.0005553692162013612,0.0004523033988664931,0.00026750792434290403,0.0,0.0,0.0,0.0,0.0,0.0,0.0,0.0,0.0,0.0,0.0,0.0,0.0,0.0,0.0,0.0,0.0,0.0,0.0,0.0,0.0,0.0,0.0,0.0,0.0,0.0,0.0
mfs,0.001197983000602026,0.005624074490654232,0.019947400467913885,0.05698129129859379,0.2716238017239292,0.2928554516995522,0.24981181097368169,0.05946807091819039,0.014243929147574278,0.009918089805674905,0.018328096473633426,0.0,0.0,0.0,0.0,0.0,0.0,0.0,0.0,0.0,0.0,0.0,0.0,0.0,0.0,0.0,0.0,0.0,0.0,0.0,0.0,0.0,0.0,0.0,0.0,0.0,0.0,0.0,0.0,0.0,0.0,0.0,0.0,0.0,0.0,0.0,0.0,0.0,0.0,0.0
mq1,0.024737425141256292,0.10281107528650618,0.027524952409661792,0.008464620776191452,0.7480205715236098,0.08844135486277449,0.0,0.0,0.0,0.0,0.0,0.0,0.0,0.0,0.0,0.0,0.0,0.0,0.0,0.0,0.0,0.0,0.0,0.0,0.0,0.0,0.0,0.0,0.0,0.0,0.0,0.0,0.0,0.0,0.0,0.0,0.0,0.0,0.0,0.0,0.0,0.0,0.0,0.0,0.0,0.0,0.0,0.0,0.0,0.0
mtn,0.03221581359832586,0.07683229949589467,0.16290449287311196,0.18329485058753428,0.16847092645427425,0.224514736372259,0.1368366773061376,0.005779176054829028,0.009151027257633256,0.0,0.0,0.0,0.0,0.0,0.0,0.0,0.0,0.0,0.0,0.0,0.0,0.0,0.0,0.0,0.0,0.0,0.0,0.0,0.0,0.0,0.0,0.0,0.0,0.0,0.0,0.0,0.0,0.0,0.0,0.0,0.0,0.0,0.0,0.0,0.0,0.0,0.0,0.0,0.0,0.0
my9,0.0540095233960404,0.17945705442231766,0.19247902908614845,0.1396983178728156,0.15207210999601511,0.11471070565599174,0.10863023415242098,0.03784085610850822,0.01354113538587675,0.004460152113599762,0.0,0.0,0.0,0.00017398488777242097,0.0009409184968859492,0.0007449049377798253,0.0007439512472228903,0.0004476190299771684,4.950321062708505e-05,0.0,0.0,0.0,0.0,0.0,0.0,0.0,0.0,0.0,0.0,0.0,0.0,0.0,0.0,0.0,0.0,0.0,0.0,0.0,0.0,0.0,0.0,0.0,0.0,0.0,0.0,0.0,0.0,0.0,0.0,0.0
n27,0.0036666203583218225,0.025700717717831247,0.03510743130260666,0.033214433222973856,0.15267331092038805,0.2733171109070651,0.3407366135859512,0.08490457488320567,0.03555349576357876,0.0045398603589835735,0.006022628316870323,0.001024611864871565,0.0005290814330573892,0.0002540659827456124,0.00011992331896091719,6.940413809470654e-05,0.00021599814967251206,0.0006628028116459307,0.0006767377956158077,2.26428797808087e-05,0.0006714818473248324,0.00028840547584939167,2.8046964604287988e-05,0.0,0.0,0.0,0.0,0.0,0.0,0.0,0.0,0.0,0.0,0.0,0.0,0.0,0.0,0.0,0.0,0.0,0.0,0.0,0.0,0.0,0.0,0.0,0.0,0.0,0.0,0.0
nhq,0.02372481960246789,0.05572542857467253,0.059430770004900046,0.10793487100655533,0.33198554184373813,0.3285959334881496,0.07979754306415127,0.0030755453153384206,0.009729547100026775,0.0,0.0,0.0,0.0,0.0,0.0,0.0,0.0,0.0,0.0,0.0,0.0,0.0,0.0,0.0,0.0,0.0,0.0,0.0,0.0,0.0,0.0,0.0,0.0,0.0,0.0,0.0,0.0,0.0,0.0,0.0,0.0,0.0,0.0,0.0,0.0,0.0,0.0,0.0,0.0,0.0
nig,0.014986298068561226,0.06413038916508806,0.14814549879353064,0.20231524358844144,0.21388707715766742,0.23973029379469685,0.10942122157904285,0.0005534495057153202,0.006830528347256202,0.0,0.0,0.0,0.0,0.0,0.0,0.0,0.0,0.0,0.0,0.0,0.0,0.0,0.0,0.0,0.0,0.0,0.0,0.0,0.0,0.0,0.0,0.0,0.0,0.0,0.0,0.0,0.0,0.0,0.0,0.0,0.0,0.0,0.0,0.0,0.0,0.0,0.0,0.0,0.0,0.0
nip,0.02063080817464456,0.09146491380747938,0.13899143266238922,0.18275357075192575,0.20824678313744052,0.25589584206641475,0.0919359640281797,0.0016714753535684971,0.008409210017957615,0.0,0.0,0.0,0.0,0.0,0.0,0.0,0.0,0.0,0.0,0.0,0.0,0.0,0.0,0.0,0.0,0.0,0.0,0.0,0.0,0.0,0.0,0.0,0.0,0.0,0.0,0.0,0.0,0.0,0.0,0.0,0.0,0.0,0.0,0.0,0.0,0.0,0.0,0.0,0.0,0.0
nua,0.013454654254900967,0.03657215435265028,0.07098488590155418,0.12872091605621266,0.16416089727560407,0.2213824910594128,0.30460105471121646,0.0431754274398195,0.0005251503591106631,0.002377926285549254,0.011298895633868948,0.002708567196738864,3.6979473361204475e-05,0.0,0.0,0.0,0.0,0.0,0.0,0.0,0.0,0.0,0.0,0.0,0.0,0.0,0.0,0.0,0.0,0.0,0.0,0.0,0.0,0.0,0.0,0.0,0.0,0.0,0.0,0.0,0.0,0.0,0.0,0.0,0.0,0.0,0.0,0.0,0.0,0.0
o5q,0.01227239873810899,0.05024336028862124,0.06852394912238023,0.08235289771350897,0.11351161236942782,0.18716079303275507,0.12029783168653371,0.18567481675552241,0.13085567796039066,0.043536639643188026,0.005570022689562841,0.0,0.0,0.0,0.0,0.0,0.0,0.0,0.0,0.0,0.0,0.0,0.0,0.0,0.0,0.0,0.0,0.0,0.0,0.0,0.0,0.0,0.0,0.0,0.0,0.0,0.0,0.0,0.0,0.0,0.0,0.0,0.0,0.0,0.0,0.0,0.0,0.0,0.0,0.0
oi6,0.003006796985085949,0.022171080836184878,0.05285042931556142,0.10793508300758206,0.1466918266083336,0.1513016175006204,0.14988925677235937,0.12302089595385658,0.127765261183155,0.08176824874994701,0.026877053507594097,0.006722449579719605,0.0,0.0,0.0,0.0,0.0,0.0,0.0,0.0,0.0,0.0,0.0,0.0,0.0,0.0,0.0,0.0,0.0,0.0,0.0,0.0,0.0,0.0,0.0,0.0,0.0,0.0,0.0,0.0,0.0,0.0,0.0,0.0,0.0,0.0,0.0,0.0,0.0,0.0
opo,0.021455207082273456,0.1131584177692416,0.09284449475756243,0.09021417282116011,0.14429177385491085,0.4314920143721965,0.10654391934265511,0.0,0.0,0.0,0.0,0.0,0.0,0.0,0.0,0.0,0.0,0.0,0.0,0.0,0.0,0.0,0.0,0.0,0.0,0.0,0.0,0.0,0.0,0.0,0.0,0.0,0.0,0.0,0.0,0.0,0.0,0.0,0.0,0.0,0.0,0.0,0.0,0.0,0.0,0.0,0.0,0.0,0.0,0.0
p9u,0.01353321720438637,0.11403733874529207,0.17591645104249706,0.12412411039970805,0.198083536782796,0.24453439213053452,0.12289671534531509,0.0,0.006874238349470829,0.0,0.0,0.0,0.0,0.0,0.0,0.0,0.0,0.0,0.0,0.0,0.0,0.0,0.0,0.0,0.0,0.0,0.0,0.0,0.0,0.0,0.0,0.0,0.0,0.0,0.0,0.0,0.0,0.0,0.0,0.0,0.0,0.0,0.0,0.0,0.0,0.0,0.0,0.0,0.0,0.0
pa1,0.026031715873402653,0.12800604383457231,0.1145077005591712,0.12602353461875881,0.21695447863656087,0.25628933139016696,0.12828254972270678,0.0009411079506624943,0.0029635374139979427,0.0,0.0,0.0,0.0,0.0,0.0,0.0,0.0,0.0,0.0,0.0,0.0,0.0,0.0,0.0,0.0,0.0,0.0,0.0,0.0,0.0,0.0,0.0,0.0,0.0,0.0,0.0,0.0,0.0,0.0,0.0,0.0,0.0,0.0,0.0,0.0,0.0,0.0,0.0,0.0,0.0
pbz,0.013014401519275152,0.03952587255404807,0.06761139443604514,0.10587145594316318,0.15915566073351547,0.15930546836172937,0.16916400235009654,0.17329132373588443,0.09444603816190023,0.005981448345561942,0.008670181539040483,0.002393014558817149,0.0015473689954300799,2.236876549274784e-05,0.0,0.0,0.0,0.0,0.0,0.0,0.0,0.0,0.0,0.0,0.0,0.0,0.0,0.0,0.0,0.0,0.0,0.0,0.0,0.0,0.0,0.0,0.0,0.0,0.0,0.0,0.0,0.0,0.0,0.0,0.0,0.0,0.0,0.0,0.0,0.0
pe2,0.015366217588898846,0.08394165258079155,0.18539251258945635,0.32157767187926517,0.30520890302040676,0.08851304234118136,0.0,0.0,0.0,0.0,0.0,0.0,0.0,0.0,0.0,0.0,0.0,0.0,0.0,0.0,0.0,0.0,0.0,0.0,0.0,0.0,0.0,0.0,0.0,0.0,0.0,0.0,0.0,0.0,0.0,0.0,0.0,0.0,0.0,0.0,0.0,0.0,0.0,0.0,0.0,0.0,0.0,0.0,0.0,0.0
pg8,0.007378532567810369,0.10202896193385327,0.1712857211746009,0.14501955862114846,0.2115599351419057,0.16534141887383688,0.14889192212713542,0.02179720177291027,0.01834914749146265,0.004727555266587638,0.0,0.0,7.383964783637593e-05,0.0005893686480146881,0.0012563873365836582,0.00040319609093786063,0.0009723698150590988,0.000304964922791637,1.9918567525154036e-05,0.0,0.0,0.0,0.0,0.0,0.0,0.0,0.0,0.0,0.0,0.0,0.0,0.0,0.0,0.0,0.0,0.0,0.0,0.0,0.0,0.0,0.0,0.0,0.0,0.0,0.0,0.0,0.0,0.0,0.0,0.0
pql,0.019250895371191935,0.08586829464571097,0.10952997962420283,0.15936790852816676,0.19615410056363514,0.15704216081278838,0.17324667948416228,0.0995399809701417,0.0,0.0,0.0,0.0,0.0,0.0,0.0,0.0,0.0,0.0,0.0,0.0,0.0,0.0,0.0,0.0,0.0,0.0,0.0,0.0,0.0,0.0,0.0,0.0,0.0,0.0,0.0,0.0,0.0,0.0,0.0,0.0,0.0,0.0,0.0,0.0,0.0,0.0,0.0,0.0,0.0,0.0
pwr,0.009698922055758391,0.03919358006747427,0.08092599631909997,0.15781632950568417,0.13083459071471457,0.18765997996226916,0.13641609677356106,0.08537988784746628,0.12398026199158077,0.040126045193665916,0.0,0.0006817576707211306,0.0043108480374623144,0.0019486360837339754,0.0010222292477863762,4.838529021643137e-06,0.0,0.0,0.0,0.0,0.0,0.0,0.0,0.0,0.0,0.0,0.0,0.0,0.0,0.0,0.0,0.0,0.0,0.0,0.0,0.0,0.0,0.0,0.0,0.0,0.0,0.0,0.0,0.0,0.0,0.0,0.0,0.0,0.0,0.0
qa9,0.007715716470578928,0.08762330865536687,0.08431906130891416,0.07221738945736136,0.0538974635595349,0.25690750764085885,0.1998777082083365,0.11426124070087448,0.05959125365159158,0.059106743128180296,0.001579215959964754,0.0,0.0,0.0,0.0,0.002705765702429065,0.0,0.0,0.0,0.0,0.0,0.0,0.0,0.0,4.556416539450625e-05,0.00015206139061370693,0.0,0.0,0.0,0.0,0.0,0.0,0.0,0.0,0.0,0.0,0.0,0.0,0.0,0.0,0.0,0.0,0.0,0.0,0.0,0.0,0.0,0.0,0.0,0.0
qbb,0.003818795672999274,0.007326009503419379,0.19109381135659256,0.15465416219213898,0.1569325407044039,0.19206802370841275,0.1733579174206391,0.07708560600340099,0.042658991317958896,0.0010041421200341493,0.0,0.0,0.0,0.0,0.0,0.0,0.0,0.0,0.0,0.0,0.0,0.0,0.0,0.0,0.0,0.0,0.0,0.0,0.0,0.0,0.0,0.0,0.0,0.0,0.0,0.0,0.0,0.0,0.0,0.0,0.0,0.0,0.0,0.0,0.0,0.0,0.0,0.0,0.0,0.0
qno,0.035987937370236575,0.14436004944681072,0.17647727608816247,0.14434646566249817,0.1600438215362188,0.16148483702891162,0.11244213295603624,0.041886650815590336,0.008631337857394929,0.010909689417340742,0.0,0.0,0.0,0.0005265030957143339,0.0004925317871099173,0.00109359326359078,0.0007166545281909577,0.0006005191461934095,0.0,0.0,0.0,0.0,0.0,0.0,0.0,0.0,0.0,0.0,0.0,0.0,0.0,0.0,0.0,0.0,0.0,0.0,0.0,0.0,0.0,0.0,0.0,0.0,0.0,0.0,0.0,0.0,0.0,0.0,0.0,0.0
qy4,0.01407888461645239,0.05002745527704542,0.09119841472931198,0.07018712168056268,0.41324747395730455,0.29439842208387734,0.06628138198853169,0.0005808456669139878,0.0,0.0,0.0,0.0,0.0,0.0,0.0,0.0,0.0,0.0,0.0,0.0,0.0,0.0,0.0,0.0,0.0,0.0,0.0,0.0,0.0,0.0,0.0,0.0,0.0,0.0,0.0,0.0,0.0,0.0,0.0,0.0,0.0,0.0,0.0,0.0,0.0,0.0,0.0,0.0,0.0,0.0
r99,0.0027789859115524887,0.048474342988995035,0.23464068405561792,0.10833641196337435,0.3626440045288918,0.17559062279579685,0.053056296895827394,0.005539853536110229,0.0009158149663037708,0.00210727286454024,0.0033290813484160068,0.0017674982004705526,0.0005862666679213836,0.0002328632761819855,0.0,0.0,0.0,0.0,0.0,0.0,0.0,0.0,0.0,0.0,0.0,0.0,0.0,0.0,0.0,0.0,0.0,0.0,0.0,0.0,0.0,0.0,0.0,0.0,0.0,0.0,0.0,0.0,0.0,0.0,0.0,0.0,0.0,0.0,0.0,0.0
rty,0.018192070957528145,0.0655162741714823,0.08993457132784435,0.21273669256251496,0.22704282043943885,0.25974095559441696,0.11745672159644588,0.004716625698700813,0.004663267651627727,0.0,0.0,0.0,0.0,0.0,0.0,0.0,0.0,0.0,0.0,0.0,0.0,0.0,0.0,0.0,0.0,0.0,0.0,0.0,0.0,0.0,0.0,0.0,0.0,0.0,0.0,0.0,0.0,0.0,0.0,0.0,0.0,0.0,0.0,0.0,0.0,0.0,0.0,0.0,0.0,0.0
rwr,0.0027611733675262434,0.022194223548772592,0.08090314496433285,0.22778333318110788,0.20240569513342033,0.24519123018799482,0.14816704214181367,0.07059415747503157,0.0,0.0,0.0,0.0,0.0,0.0,0.0,0.0,0.0,0.0,0.0,0.0,0.0,0.0,0.0,0.0,0.0,0.0,0.0,0.0,0.0,0.0,0.0,0.0,0.0,0.0,0.0,0.0,0.0,0.0,0.0,0.0,0.0,0.0,0.0,0.0,0.0,0.0,0.0,0.0,0.0,0.0
sg0,0.011441006229132857,0.16198119405584047,0.09813688990737597,0.06274886050878614,0.11545452768990144,0.34844647079715424,0.12476284167489567,0.055448228172874314,0.007352184161021697,0.014227355593973841,4.4120904340053016e-07,0.0,0.0,0.0,0.0,0.0,0.0,0.0,0.0,0.0,0.0,0.0,0.0,0.0,0.0,0.0,0.0,0.0,0.0,0.0,0.0,0.0,0.0,0.0,0.0,0.0,0.0,0.0,0.0,0.0,0.0,0.0,0.0,0.0,0.0,0.0,0.0,0.0,0.0,0.0
skm,0.003719696315715676,0.02140801298557407,0.07654944206182383,0.22634862358876157,0.1565538707438675,0.1856129867055112,0.20847714074305632,0.09217561881586726,0.014394565609863802,0.010831411757599031,0.0039286306723598135,0.0,0.0,0.0,0.0,0.0,0.0,0.0,0.0,0.0,0.0,0.0,0.0,0.0,0.0,0.0,0.0,0.0,0.0,0.0,0.0,0.0,0.0,0.0,0.0,0.0,0.0,0.0,0.0,0.0,0.0,0.0,0.0,0.0,0.0,0.0,0.0,0.0,0.0,0.0
sqm,0.00956477560492899,0.04312953635017426,0.07225738735802603,0.08976678456800417,0.15443586412205002,0.177384740356015,0.11691864615894162,0.11859917060786507,0.12237203043716804,0.07126309771299243,0.022463365304961094,0.0018446014188732494,0.0,0.0,0.0,0.0,0.0,0.0,0.0,0.0,0.0,0.0,0.0,0.0,0.0,0.0,0.0,0.0,0.0,0.0,0.0,0.0,0.0,0.0,0.0,0.0,0.0,0.0,0.0,0.0,0.0,0.0,0.0,0.0,0.0,0.0,0.0,0.0,0.0,0.0
t0h,0.012826070689516425,0.06295954449607702,0.13288279033691525,0.18270886597994263,0.22257265905766108,0.1960787798516723,0.12396114966092195,0.03680387991767763,0.017778640006634344,0.0034563683395632695,0.0036792455927752298,0.00413709131121481,0.00015491475942807124,0.0,0.0,0.0,0.0,0.0,0.0,0.0,0.0,0.0,0.0,0.0,0.0,0.0,0.0,0.0,0.0,0.0,0.0,0.0,0.0,0.0,0.0,0.0,0.0,0.0,0.0,0.0,0.0,0.0,0.0,0.0,0.0,0.0,0.0,0.0,0.0,0.0
t2c,0.0330962851191768,0.08974049019908371,0.11475287107053496,0.2376037374027833,0.21068308065914804,0.15437117382597537,0.09476160707282905,0.057165416639320704,0.007825338011148082,0.0,0.0,0.0,0.0,0.0,0.0,0.0,0.0,0.0,0.0,0.0,0.0,0.0,0.0,0.0,0.0,0.0,0.0,0.0,0.0,0.0,0.0,0.0,0.0,0.0,0.0,0.0,0.0,0.0,0.0,0.0,0.0,0.0,0.0,0.0,0.0,0.0,0.0,0.0,0.0,0.0
tbj,0.00961507802429969,0.038694761462318546,0.07230543356856028,0.08251818103031212,0.1711885483205719,0.21440776743032264,0.11610355904661558,0.10838698296869723,0.0966239118121443,0.061573362566555434,0.028379554478738325,0.00020285929086396082,0.0,0.0,0.0,0.0,0.0,0.0,0.0,0.0,0.0,0.0,0.0,0.0,0.0,0.0,0.0,0.0,0.0,0.0,0.0,0.0,0.0,0.0,0.0,0.0,0.0,0.0,0.0,0.0,0.0,0.0,0.0,0.0,0.0,0.0,0.0,0.0,0.0,0.0
tka,0.0003782612382501942,0.0030769655180322695,0.022917010522407976,0.13174306275978223,0.40319257114813806,0.2302961129904045,0.12760356049182503,0.055802793834722954,0.011458844427546779,0.007561274285142488,0.0004220420412012285,0.001385886372335,0.000737431100981661,0.0007088763567947746,0.001965642037781086,0.00019257777120333975,0.00036178705376013596,0.00019530004969029878,0.0,0.0,0.0,0.0,0.0,0.0,0.0,0.0,0.0,0.0,0.0,0.0,0.0,0.0,0.0,0.0,0.0,0.0,0.0,0.0,0.0,0.0,0.0,0.0,0.0,0.0,0.0,0.0,0.0,0.0,0.0,0.0
tvf,0.030697358416032546,0.13600625334914482,0.06831547778290548,0.17157228220022225,0.10293508602210698,0.05518039175341474,0.1296808706266152,0.22405623341076997,0.04356177840182479,0.005512879608477791,0.01225891691430508,0.019926021278455962,0.0,0.0,0.0,0.0,0.0,0.0,0.0,0.0,0.0,0.0,0.0002964502357243859,0.0,0.0,0.0,0.0,0.0,0.0,0.0,0.0,0.0,0.0,0.0,0.0,0.0,0.0,0.0,0.0,0.0,0.0,0.0,0.0,0.0,0.0,0.0,0.0,0.0,0.0,0.0
tws,0.0016309965162538344,0.015756992493070446,0.04803141829987475,0.09510777512671638,0.17760504653637818,0.28299410632491856,0.255276942961839,0.09131674828115563,0.015835966918949382,0.007431439740398337,0.004081824254411377,0.004680151133292115,0.00025059141274201373,0.0,0.0,0.0,0.0,0.0,0.0,0.0,0.0,0.0,0.0,0.0,0.0,0.0,0.0,0.0,0.0,0.0,0.0,0.0,0.0,0.0,0.0,0.0,0.0,0.0,0.0,0.0,0.0,0.0,0.0,0.0,0.0,0.0,0.0,0.0,0.0,0.0
u0c,0.006232148905426645,0.04393656625255804,0.07919575861409488,0.11662791039341584,0.18014353742368064,0.18089250878335872,0.18208895382411386,0.09985747516952986,0.07318222608092256,0.026809725562263475,0.008397285588281102,0.001980713770929719,0.0006551896314246515,0.0,0.0,0.0,0.0,0.0,0.0,0.0,0.0,0.0,0.0,0.0,0.0,0.0,0.0,0.0,0.0,0.0,0.0,0.0,0.0,0.0,0.0,0.0,0.0,0.0,0.0,0.0,0.0,0.0,0.0,0.0,0.0,0.0,0.0,0.0,0.0,0.0
uaz,0.005563113561190339,0.03382515606482352,0.06237834853588904,0.08798253204645258,0.14683394157146748,0.19742901124717493,0.13051676828139122,0.1319692775169253,0.10723218338346058,0.06618935953200189,0.02864581424763577,0.0014344940115873495,0.0,0.0,0.0,0.0,0.0,0.0,0.0,0.0,0.0,0.0,0.0,0.0,0.0,0.0,0.0,0.0,0.0,0.0,0.0,0.0,0.0,0.0,0.0,0.0,0.0,0.0,0.0,0.0,0.0,0.0,0.0,0.0,0.0,0.0,0.0,0.0,0.0,0.0
ueu,0.0038528382250193733,0.03840644036925834,0.0726494019046765,0.09424271458554082,0.14823602426515872,0.1866630637697905,0.12888211246116632,0.11886561207383059,0.09617592197016857,0.06520635361330966,0.046819516762080585,0.0,0.0,0.0,0.0,0.0,0.0,0.0,0.0,0.0,0.0,0.0,0.0,0.0,0.0,0.0,0.0,0.0,0.0,0.0,0.0,0.0,0.0,0.0,0.0,0.0,0.0,0.0,0.0,0.0,0.0,0.0,0.0,0.0,0.0,0.0,0.0,0.0,0.0,0.0
uex,0.003377755392138084,0.015863532155989693,0.026843312925618135,0.08135727620332045,0.2502405065097278,0.22187046130223265,0.1974885576560439,0.1895784177374143,0.005176879595230123,0.004219328390572716,0.001018638546983011,0.0002922506728257413,0.0,0.000619084134858889,0.00023422062450877948,0.0003587543872447277,0.0006548725764798615,0.0007892839760607047,1.6867212750461443e-05,0.0,0.0,0.0,0.0,0.0,0.0,0.0,0.0,0.0,0.0,0.0,0.0,0.0,0.0,0.0,0.0,0.0,0.0,0.0,0.0,0.0,0.0,0.0,0.0,0.0,0.0,0.0,0.0,0.0,0.0,0.0
ui6,0.01680602688216063,0.06111121229125044,0.06640403829436134,0.22403148782755136,0.23423173626068394,0.2844235727426455,0.09983319678833527,0.007722048132109802,0.005436680780901689,0.0,0.0,0.0,0.0,0.0,0.0,0.0,0.0,0.0,0.0,0.0,0.0,0.0,0.0,0.0,0.0,0.0,0.0,0.0,0.0,0.0,0.0,0.0,0.0,0.0,0.0,0.0,0.0,0.0,0.0,0.0,0.0,0.0,0.0,0.0,0.0,0.0,0.0,0.0,0.0,0.0
uox,0.005479534785626408,0.03727207370504664,0.04991042065811513,0.14629894336164667,0.1887967427788838,0.16200270603501146,0.17436641486731305,0.1542277501187572,0.054383880528748825,0.020225752055756458,0.0018494585540499307,0.0,0.0013254522478383505,0.0023130716120432445,0.00043822348645565463,0.0006447396880179386,0.0003484250942744333,0.00011641042241481311,0.0,0.0,0.0,0.0,0.0,0.0,0.0,0.0,0.0,0.0,0.0,0.0,0.0,0.0,0.0,0.0,0.0,0.0,0.0,0.0,0.0,0.0,0.0,0.0,0.0,0.0,0.0,0.0,0.0,0.0,0.0,0.0
ur9,0.012502033480940597,0.10082939045138481,0.25508245561957354,0.2464514814185572,0.09447617309519506,0.19465905324143226,0.06726422426597425,0.01018815761332249,0.008712704489733105,0.005681487598790565,0.0,0.0,0.0,0.000379404925907496,0.0011288697489033443,0.001318937921625054,0.00048204417675155913,0.0008435819519086835,0.0,0.0,0.0,0.0,0.0,0.0,0.0,0.0,0.0,0.0,0.0,0.0,0.0,0.0,0.0,0.0,0.0,0.0,0.0,0.0,0.0,0.0,0.0,0.0,0.0,0.0,0.0,0.0,0.0,0.0,0.0,0.0
usu,0.0102956569993343,0.06000393562743617,0.10731192566392264,0.1816431970237054,0.26586226833113,0.1970391422243626,0.13757610323110492,0.04026777089900383,0.0,0.0,0.0,0.0,0.0,0.0,0.0,0.0,0.0,0.0,0.0,0.0,0.0,0.0,0.0,0.0,0.0,0.0,0.0,0.0,0.0,0.0,0.0,0.0,0.0,0.0,0.0,0.0,0.0,0.0,0.0,0.0,0.0,0.0,0.0,0.0,0.0,0.0,0.0,0.0,0.0,0.0
uu4,0.008472813648585167,0.03377662340888925,0.18072612810551592,0.21141156810458545,0.2654626359861649,0.2648527274436756,0.021464164639113197,0.004803520280578991,0.0011570406316002773,0.00013483569044838673,0.0006972314093504708,0.0010323095598340462,0.0025053796625602236,0.0028423240297452694,0.0006606973993528911,0.0,0.0,0.0,0.0,0.0,0.0,0.0,0.0,0.0,0.0,0.0,0.0,0.0,0.0,0.0,0.0,0.0,0.0,0.0,0.0,0.0,0.0,0.0,0.0,0.0,0.0,0.0,0.0,0.0,0.0,0.0,0.0,0.0,0.0,0.0
uut,0.015388648626513627,0.07267897584213417,0.18827485817612974,0.12916346771439652,0.22612418725049852,0.24615618017189902,0.11408770236243793,0.00040946027478517893,0.007716519581205322,0.0,0.0,0.0,0.0,0.0,0.0,0.0,0.0,0.0,0.0,0.0,0.0,0.0,0.0,0.0,0.0,0.0,0.0,0.0,0.0,0.0,0.0,0.0,0.0,0.0,0.0,0.0,0.0,0.0,0.0,0.0,0.0,0.0,0.0,0.0,0.0,0.0,0.0,0.0,0.0,0.0
uw9,0.011470392835104508,0.04146749202745984,0.07163790443447773,0.09207502095234485,0.1703072499796116,0.1550368180939246,0.11830072048342188,0.13348963182474954,0.10229828552277971,0.10391648384612572,0.0,0.0,0.0,0.0,0.0,0.0,0.0,0.0,0.0,0.0,0.0,0.0,0.0,0.0,0.0,0.0,0.0,0.0,0.0,0.0,0.0,0.0,0.0,0.0,0.0,0.0,0.0,0.0,0.0,0.0,0.0,0.0,0.0,0.0,0.0,0.0,0.0,0.0,0.0,0.0
uxi,0.023542944699270294,0.11531107601463922,0.12567681299735461,0.27210584863847,0.24692307268805314,0.13062586597821374,0.044621143501754376,0.04119323548224467,0.0,0.0,0.0,0.0,0.0,0.0,0.0,0.0,0.0,0.0,0.0,0.0,0.0,0.0,0.0,0.0,0.0,0.0,0.0,0.0,0.0,0.0,0.0,0.0,0.0,0.0,0.0,0.0,0.0,0.0,0.0,0.0,0.0,0.0,0.0,0.0,0.0,0.0,0.0,0.0,0.0,0.0
uxo,0.0021718346428279195,0.01978476683611253,0.043820796016490374,0.025626816049691713,0.16221729245534375,0.2445052592605694,0.2885039160025308,0.1429512719431008,0.050456452765406896,0.01602924531723836,0.0,0.0,8.786980653370009e-05,0.0017193564110223668,0.001253840253158167,0.0008712822399732789,0.0,0.0,0.0,0.0,0.0,0.0,0.0,0.0,0.0,0.0,0.0,0.0,0.0,0.0,0.0,0.0,0.0,0.0,0.0,0.0,0.0,0.0,0.0,0.0,0.0,0.0,0.0,0.0,0.0,0.0,0.0,0.0,0.0,0.0
vj7,0.02879733514762283,0.10887535672188967,0.1541432324503886,0.1388287085085025,0.20056945840726337,0.23450893975617843,0.12187176648848647,0.007899787348180129,0.004505415171487991,0.0,0.0,0.0,0.0,0.0,0.0,0.0,0.0,0.0,0.0,0.0,0.0,0.0,0.0,0.0,0.0,0.0,0.0,0.0,0.0,0.0,0.0,0.0,0.0,0.0,0.0,0.0,0.0,0.0,0.0,0.0,0.0,0.0,0.0,0.0,0.0,0.0,0.0,0.0,0.0,0.0
vqj,0.024594171670868224,0.09662429230381088,0.14069748057114465,0.14532488795579385,0.18449863724016916,0.2246921702356408,0.17578808892921238,0.0018354413975386567,0.005944829695821414,0.0,0.0,0.0,0.0,0.0,0.0,0.0,0.0,0.0,0.0,0.0,0.0,0.0,0.0,0.0,0.0,0.0,0.0,0.0,0.0,0.0,0.0,0.0,0.0,0.0,0.0,0.0,0.0,0.0,0.0,0.0,0.0,0.0,0.0,0.0,0.0,0.0,0.0,0.0,0.0,0.0
vqu,0.004749240846952496,0.031405284431179556,0.06812368528638,0.07544580537853385,0.1460305885729929,0.23145853358712384,0.1488702789750342,0.11110864281763316,0.10061021336973885,0.05946734959988631,0.022730377134544847,0.0,0.0,0.0,0.0,0.0,0.0,0.0,0.0,0.0,0.0,0.0,0.0,0.0,0.0,0.0,0.0,0.0,0.0,0.0,0.0,0.0,0.0,0.0,0.0,0.0,0.0,0.0,0.0,0.0,0.0,0.0,0.0,0.0,0.0,0.0,0.0,0.0,0.0,0.0
vy5,0.009705425587304153,0.06791022257129169,0.15401038320178986,0.1961336905262395,0.22414276771459746,0.18912216900908252,0.08478472805010849,0.049897499427669995,0.013383496158040338,0.005557294532039138,0.004112607410210727,0.001239715811626124,0.0,0.0,0.0,0.0,0.0,0.0,0.0,0.0,0.0,0.0,0.0,0.0,0.0,0.0,0.0,0.0,0.0,0.0,0.0,0.0,0.0,0.0,0.0,0.0,0.0,0.0,0.0,0.0,0.0,0.0,0.0,0.0,0.0,0.0,0.0,0.0,0.0,0.0
w7d,0.0019340765698005937,0.02053125513115174,0.046365924240758596,0.023674397064809023,0.14932518977223389,0.2582405818038265,0.28507341924678636,0.14566014638408173,0.042212731674307585,0.021097649323947202,0.0,0.0,0.0,0.0035813410799264405,0.00115057021179912,0.0011116640958766543,4.1053400694596116e-05,0.0,0.0,0.0,0.0,0.0,0.0,0.0,0.0,0.0,0.0,0.0,0.0,0.0,0.0,0.0,0.0,0.0,0.0,0.0,0.0,0.0,0.0,0.0,0.0,0.0,0.0,0.0,0.0,0.0,0.0,0.0,0.0,0.0
w87,0.025546667010564846,0.08244899223410004,0.11701480564367422,0.20462896392341384,0.2530798353701636,0.21951534969759398,0.09266650415283478,3.5218108368879294e-05,0.005063663859285732,0.0,0.0,0.0,0.0,0.0,0.0,0.0,0.0,0.0,0.0,0.0,0.0,0.0,0.0,0.0,0.0,0.0,0.0,0.0,0.0,0.0,0.0,0.0,0.0,0.0,0.0,0.0,0.0,0.0,0.0,0.0,0.0,0.0,0.0,0.0,0.0,0.0,0.0,0.0,0.0,0.0
wsd,0.027608042070530196,0.11240530499189842,0.15298446713336036,0.14534979133804,0.18296949181152397,0.22403362145115904,0.14693294531673304,0.0026198718752080533,0.005096464011546897,0.0,0.0,0.0,0.0,0.0,0.0,0.0,0.0,0.0,0.0,0.0,0.0,0.0,0.0,0.0,0.0,0.0,0.0,0.0,0.0,0.0,0.0,0.0,0.0,0.0,0.0,0.0,0.0,0.0,0.0,0.0,0.0,0.0,0.0,0.0,0.0,0.0,0.0,0.0,0.0,0.0
wyu,0.003396189783394856,0.03913285889936197,0.09023122604885814,0.07137771805540828,0.13042641008511677,0.18903951546918407,0.11061126619004157,0.1952491227544183,0.13187203329181182,0.0378985319942581,0.0007651274281461169,0.0,0.0,0.0,0.0,0.0,0.0,0.0,0.0,0.0,0.0,0.0,0.0,0.0,0.0,0.0,0.0,0.0,0.0,0.0,0.0,0.0,0.0,0.0,0.0,0.0,0.0,0.0,0.0,0.0,0.0,0.0,0.0,0.0,0.0,0.0,0.0,0.0,0.0,0.0
x2i,0.0045109444550155255,0.006765534520137486,0.02586897699850867,0.041844552228376276,0.21244093966105826,0.2454525573113457,0.24293717557160796,0.13317202994833263,0.07969159660823545,0.007315692697382041,0.0,0.0,0.0,0.0,0.0,0.0,0.0,0.0,0.0,0.0,0.0,0.0,0.0,0.0,0.0,0.0,0.0,0.0,0.0,0.0,0.0,0.0,0.0,0.0,0.0,0.0,0.0,0.0,0.0,0.0,0.0,0.0,0.0,0.0,0.0,0.0,0.0,0.0,0.0,0.0
x2v,0.02032644428359167,0.08889607324005272,0.15245752467384407,0.16154694326116334,0.20332258468326525,0.18496700101606248,0.1847673199528816,0.0,0.0037161088891388555,0.0,0.0,0.0,0.0,0.0,0.0,0.0,0.0,0.0,0.0,0.0,0.0,0.0,0.0,0.0,0.0,0.0,0.0,0.0,0.0,0.0,0.0,0.0,0.0,0.0,0.0,0.0,0.0,0.0,0.0,0.0,0.0,0.0,0.0,0.0,0.0,0.0,0.0,0.0,0.0,0.0
xa0,0.030677551332735413,0.11194444326515897,0.1562471635210907,0.20052990267099985,0.15913243811903086,0.1061766105985716,0.1642861585448248,0.03829406907884264,0.023328672024804493,0.006195480462726722,5.521709461674928e-06,9.405500857602384e-05,0.00023762552574402548,0.000667601726621595,0.0009230664622683106,0.000691456297016587,0.00032392757289241456,0.00018804467408367652,5.621140454962407e-05,0.0,0.0,0.0,0.0,0.0,0.0,0.0,0.0,0.0,0.0,0.0,0.0,0.0,0.0,0.0,0.0,0.0,0.0,0.0,0.0,0.0,0.0,0.0,0.0,0.0,0.0,0.0,0.0,0.0,0.0,0.0
xas,0.004774359509398001,0.09375495330293682,0.3381692643621365,0.3493575817164459,0.17747961290172126,0.03646422820736154,0.0,0.0,0.0,0.0,0.0,0.0,0.0,0.0,0.0,0.0,0.0,0.0,0.0,0.0,0.0,0.0,0.0,0.0,0.0,0.0,0.0,0.0,0.0,0.0,0.0,0.0,0.0,0.0,0.0,0.0,0.0,0.0,0.0,0.0,0.0,0.0,0.0,0.0,0.0,0.0,0.0,0.0,0.0,0.0
xub,0.002648288498361481,0.02201630446467855,0.07473047858676826,0.18566634107381505,0.2999662785859271,0.21017374594408872,0.1285921503021692,0.02726057798416585,0.03637575393474878,0.008724682856935216,0.003465979247213074,0.0003794185211287023,0.0,0.0,0.0,0.0,0.0,0.0,0.0,0.0,0.0,0.0,0.0,0.0,0.0,0.0,0.0,0.0,0.0,0.0,0.0,0.0,0.0,0.0,0.0,0.0,0.0,0.0,0.0,0.0,0.0,0.0,0.0,0.0,0.0,0.0,0.0,0.0,0.0,0.0
xut,0.012678982963763765,0.046206099809201436,0.11676294462433082,0.14777194979946823,0.1639328422569048,0.15324231872162716,0.18200797246046885,0.0858155983630782,0.06958766249626733,0.009258114612537366,0.005351151245023757,0.0040189347111818,0.0018997216008758062,0.0014549209602839105,1.078537498675756e-05,0.0,0.0,0.0,0.0,0.0,0.0,0.0,0.0,0.0,0.0,0.0,0.0,0.0,0.0,0.0,0.0,0.0,0.0,0.0,0.0,0.0,0.0,0.0,0.0,0.0,0.0,0.0,0.0,0.0,0.0,0.0,0.0,0.0,0.0,0.0
xz4,0.013147577945347908,0.04202821959928167,0.17107502502052052,0.243277093354966,0.3194849386666053,0.2003421005619287,0.0036837192667800024,0.00021569920229270887,0.00036519146718850686,0.000680893559200936,0.0021174275334680695,0.001096278309461652,0.002357447320311857,0.00012838819264610082,0.0,0.0,0.0,0.0,0.0,0.0,0.0,0.0,0.0,0.0,0.0,0.0,0.0,0.0,0.0,0.0,0.0,0.0,0.0,0.0,0.0,0.0,0.0,0.0,0.0,0.0,0.0,0.0,0.0,0.0,0.0,0.0,0.0,0.0,0.0,0.0
y2l,0.020920589489738295,0.07787994462313594,0.15342295415293444,0.1875980029849387,0.16977151644547314,0.28891538618191415,0.07071489881815485,0.030776707303710595,0.0,0.0,0.0,0.0,0.0,0.0,0.0,0.0,0.0,0.0,0.0,0.0,0.0,0.0,0.0,0.0,0.0,0.0,0.0,0.0,0.0,0.0,0.0,0.0,0.0,0.0,0.0,0.0,0.0,0.0,0.0,0.0,0.0,0.0,0.0,0.0,0.0,0.0,0.0,0.0,0.0,0.0
yav,0.009276445095713863,0.06775040210795866,0.1698697044422386,0.28078546537665566,0.2949952069003292,0.15564749223229218,0.02167528384481183,0.0,0.0,0.0,0.0,0.0,0.0,0.0,0.0,0.0,0.0,0.0,0.0,0.0,0.0,0.0,0.0,0.0,0.0,0.0,0.0,0.0,0.0,0.0,0.0,0.0,0.0,0.0,0.0,0.0,0.0,0.0,0.0,0.0,0.0,0.0,0.0,0.0,0.0,0.0,0.0,0.0,0.0,0.0
ym6,0.02577293007405575,0.16180117444284609,0.1779018788877877,0.18345627610432536,0.1381101046614929,0.110387107912044,0.13277918585902856,0.04095759230373899,0.01974024572092595,0.005819442526476625,0.0,0.0,0.00014290515003637506,0.00021797247200725192,0.0010801787121819666,0.0006309756248680385,0.0007935994784393375,0.0003707013502628704,3.772871948223924e-05,0.0,0.0,0.0,0.0,0.0,0.0,0.0,0.0,0.0,0.0,0.0,0.0,0.0,0.0,0.0,0.0,0.0,0.0,0.0,0.0,0.0,0.0,0.0,0.0,0.0,0.0,0.0,0.0,0.0,0.0,0.0
ymc,0.023406952430100013,0.06382487323192716,0.12272107212350546,0.20799799176514228,0.2852144991241956,0.21040282328138254,0.06830371637975668,0.014336161222717136,0.003791910441273134,0.0,0.0,0.0,0.0,0.0,0.0,0.0,0.0,0.0,0.0,0.0,0.0,0.0,0.0,0.0,0.0,0.0,0.0,0.0,0.0,0.0,0.0,0.0,0.0,0.0,0.0,0.0,0.0,0.0,0.0,0.0,0.0,0.0,0.0,0.0,0.0,0.0,0.0,0.0,0.0,0.0
yq2,0.10696908232827661,0.2012421459860319,0.17531280089890217,0.15798426620910497,0.14799739574272172,0.08051958797280886,0.08250806475687605,0.028943556728277763,0.010198186222515856,0.005226219885244395,0.0,0.0,0.0,0.00025714344766016283,0.0010418970189656738,0.0006354535785989381,0.0007200763899304966,0.00039308789140188685,5.103494268259407e-05,0.0,0.0,0.0,0.0,0.0,0.0,0.0,0.0,0.0,0.0,0.0,0.0,0.0,0.0,0.0,0.0,0.0,0.0,0.0,0.0,0.0,0.0,0.0,0.0,0.0,0.0,0.0,0.0,0.0,0.0,0.0
yqu,0.05281031989200926,0.19843358307699918,0.17536739232045953,0.149074996510223,0.14007872651129624,0.11703231374473368,0.10318982450576107,0.035411366548694694,0.019096920944277253,0.00606160635253711,4.247826904690453e-05,0.0,0.0,0.0004398249712050002,0.0006364889922364537,0.000971027077024439,0.0008153961964855603,0.000444387241854157,9.334684515648448e-05,0.0,0.0,0.0,0.0,0.0,0.0,0.0,0.0,0.0,0.0,0.0,0.0,0.0,0.0,0.0,0.0,0.0,0.0,0.0,0.0,0.0,0.0,0.0,0.0,0.0,0.0,0.0,0.0,0.0,0.0,0.0
ysm,0.012261153393133885,0.04183898624677505,0.0741109133992305,0.13013721705836212,0.2056533198600749,0.18675302125479817,0.12539024600087043,0.16691837509667065,0.0307606917098845,0.017287981131897265,0.004261776213921726,0.0019167319259418465,0.001981324582586866,0.0005822154443036684,0.00014604668154841863,0.0,0.0,0.0,0.0,0.0,0.0,0.0,0.0,0.0,0.0,0.0,0.0,0.0,0.0,0.0,0.0,0.0,0.0,0.0,0.0,0.0,0.0,0.0,0.0,0.0,0.0,0.0,0.0,0.0,0.0,0.0,0.0,0.0,0.0,0.0
ywe,0.011896345491582604,0.09209037127316136,0.1867957142974842,0.13645222418796352,0.2092315323620273,0.2162104635576182,0.13940636300630327,0.0,0.007916985823859546,0.0,0.0,0.0,0.0,0.0,0.0,0.0,0.0,0.0,0.0,0.0,0.0,0.0,0.0,0.0,0.0,0.0,0.0,0.0,0.0,0.0,0.0,0.0,0.0,0.0,0.0,0.0,0.0,0.0,0.0,0.0,0.0,0.0,0.0,0.0,0.0,0.0,0.0,0.0,0.0,0.0
z2s,0.0032307599466934803,0.027879831766702667,0.07684480657932974,0.08207266356204623,0.145801725751739,0.1727172483352252,0.13601753392608024,0.1308581096125973,0.11654216435984358,0.07207732604637057,0.02062051702311092,0.015337313090261087,0.0,0.0,0.0,0.0,0.0,0.0,0.0,0.0,0.0,0.0,0.0,0.0,0.0,0.0,0.0,0.0,0.0,0.0,0.0,0.0,0.0,0.0,0.0,0.0,0.0,0.0,0.0,0.0,0.0,0.0,0.0,0.0,0.0,0.0,0.0,0.0,0.0,0.0
z7n,0.029071891947337867,0.14064704164334585,0.22633617951248217,0.13384179578523572,0.14713511923421985,0.20385495868761716,0.07227316878247647,0.011542184867762765,0.026816596133185266,0.005364845483323784,0.0,0.0,0.0,0.00011961417147705543,0.0010411008135484197,0.0012507399359999614,0.00044136656673297457,0.0002630769046520407,3.195306026290483e-07,0.0,0.0,0.0,0.0,0.0,0.0,0.0,0.0,0.0,0.0,0.0,0.0,0.0,0.0,0.0,0.0,0.0,0.0,0.0,0.0,0.0,0.0,0.0,0.0,0.0,0.0,0.0,0.0,0.0,0.0,0.0
z9y,0.06642684560423483,0.20332016334883496,0.21492063237246295,0.1597781540479353,0.12817322809492462,0.09466666009801714,0.09115364254569855,0.023684168318540928,0.010114225577595812,0.004619128500834601,0.0,0.0,6.792240109442475e-06,0.00030486669590234854,0.000880669527874389,0.0006451388260024544,0.000830054988001093,0.00044239333270668763,3.3235880323889824e-05,0.0,0.0,0.0,0.0,0.0,0.0,0.0,0.0,0.0,0.0,0.0,0.0,0.0,0.0,0.0,0.0,0.0,0.0,0.0,0.0,0.0,0.0,0.0,0.0,0.0,0.0,0.0,0.0,0.0,0.0,0.0
zxr,0.012779126307060476,0.035428645187731714,0.06020660797273869,0.08015420698981181,0.14753254975831193,0.19154728404697563,0.13471407591920256,0.13074276429567447,0.11938624759240099,0.06472351158619144,0.020466230076606085,0.002318750267294214,0.0,0.0,0.0,0.0,0.0,0.0,0.0,0.0,0.0,0.0,0.0,0.0,0.0,0.0,0.0,0.0,0.0,0.0,0.0,0.0,0.0,0.0,0.0,0.0,0.0,0.0,0.0,0.0,0.0,0.0,0.0,0.0,0.0,0.0,0.0,0.0,0.0,0.0
zzr,0.026811937413744002,0.068736652396291,0.13839458464152948,0.19205902373721082,0.26748979964899716,0.18258700057942454,0.09308802133007507,0.02204247337073553,0.008560865572137553,0.00022964130985486463,0.0,0.0,0.0,0.0,0.0,0.0,0.0,0.0,0.0,0.0,0.0,0.0,0.0,0.0,0.0,0.0,0.0,0.0,0.0,0.0,0.0,0.0,0.0,0.0,0.0,0.0,0.0,0.0,0.0,0.0,0.0,0.0,0.0,0.0,0.0,0.0,0.0,0.0,0.0,0.0
