static_scale_mult,Li_scale_mult,Li_weight,static_weight,alpha,cv_MAE
0.5,0.5,0.0,1.0,9.999999999999999e-06,4.398409985738396
0.5,0.5,0.0,1.0,0.00021544346900318823,2.620203430487226
0.5,0.5,0.0,1.0,0.004641588833612777,2.1801613963477617
0.5,0.5,0.0,1.0,0.1,1.8601469262660433
0.5,0.5,0.0,1.0,2.154434690031882,2.066732037034713
0.5,0.5,0.0,1.0,46.41588833612773,2.559832358137653
0.5,0.5,0.0,1.0,1000.0,2.704166024401565
0.5,0.5,0.05,0.95,9.999999999999999e-06,2.210365091846457
0.5,0.5,0.05,0.95,0.00021544346900318823,2.1285903163229896
0.5,0.5,0.05,0.95,0.004641588833612777,2.0204132528931074
0.5,0.5,0.05,0.95,0.1,1.8265822709537884
0.5,0.5,0.05,0.95,2.154434690031882,2.0022609875230164
0.5,0.5,0.05,0.95,46.41588833612773,2.5457569364523165
0.5,0.5,0.05,0.95,1000.0,2.7033436400427884
0.5,0.5,0.1,0.9,9.999999999999999e-06,2.077734596138006
0.5,0.5,0.1,0.9,0.00021544346900318823,2.0124477997637333
0.5,0.5,0.1,0.9,0.004641588833612777,1.9530115912508694
0.5,0.5,0.1,0.9,0.1,1.808141574658956
0.5,0.5,0.1,0.9,2.154434690031882,1.9541846723670273
0.5,0.5,0.1,0.9,46.41588833612773,2.532283725137346
0.5,0.5,0.1,0.9,1000.0,2.7025231387905686
0.5,0.5,0.15000000000000002,0.85,9.999999999999999e-06,2.0164458957636873
0.5,0.5,0.15000000000000002,0.85,0.00021544346900318823,1.9563295312796194
0.5,0.5,0.15000000000000002,0.85,0.004641588833612777,1.9092210090381203
0.5,0.5,0.15000000000000002,0.85,0.1,1.790649921753075
0.5,0.5,0.15000000000000002,0.85,2.154434690031882,1.9163241588835156
0.5,0.5,0.15000000000000002,0.85,46.41588833612773,2.519280977339116
0.5,0.5,0.15000000000000002,0.85,1000.0,2.701704513925832
0.5,0.5,0.2,0.8,9.999999999999999e-06,1.975473592162513
0.5,0.5,0.2,0.8,0.00021544346900318823,1.9184835544968788
0.5,0.5,0.2,0.8,0.004641588833612777,1.8771799092863988
0.5,0.5,0.2,0.8,0.1,1.7744726732672467
0.5,0.5,0.2,0.8,2.154434690031882,1.8872147318717247
0.5,0.5,0.2,0.8,46.41588833612773,2.5067202661417767
0.5,0.5,0.2,0.8,1000.0,2.700887758766127
0.5,0.5,0.25,0.75,9.999999999999999e-06,1.941261975527123
0.5,0.5,0.25,0.75,0.00021544346900318823,1.8893329441392024
0.5,0.5,0.25,0.75,0.004641588833612777,1.8512075607552205
0.5,0.5,0.25,0.75,0.1,1.7592169180760493
0.5,0.5,0.25,0.75,2.154434690031882,1.8641163450190985
0.5,0.5,0.25,0.75,46.41588833612773,2.4947728120691677
0.5,0.5,0.25,0.75,1000.0,2.7000728666653693
0.5,0.5,0.30000000000000004,0.7,9.999999999999999e-06,1.9142638412461799
0.5,0.5,0.30000000000000004,0.7,0.00021544346900318823,1.8651651130188078
0.5,0.5,0.30000000000000004,0.7,0.004641588833612777,1.8285301678745984
0.5,0.5,0.30000000000000004,0.7,0.1,1.7451393259979424
0.5,0.5,0.30000000000000004,0.7,2.154434690031882,1.8439666269358095
0.5,0.5,0.30000000000000004,0.7,46.41588833612773,2.48373307543603
0.5,0.5,0.30000000000000004,0.7,1000.0,2.6992598310135953
0.5,0.5,0.35000000000000003,0.6499999999999999,9.999999999999999e-06,1.8899440301480253
0.5,0.5,0.35000000000000003,0.6499999999999999,0.00021544346900318823,1.8434525286010033
0.5,0.5,0.35000000000000003,0.6499999999999999,0.004641588833612777,1.808881296918474
0.5,0.5,0.35000000000000003,0.6499999999999999,0.1,1.7337351069285134
0.5,0.5,0.35000000000000003,0.6499999999999999,2.154434690031882,1.826577694462764
0.5,0.5,0.35000000000000003,0.6499999999999999,46.41588833612773,2.4734130686106885
0.5,0.5,0.35000000000000003,0.6499999999999999,1000.0,2.698448645236712
0.5,0.5,0.4,0.6,9.999999999999999e-06,1.8672668026524197
0.5,0.5,0.4,0.6,0.00021544346900318823,1.8235803485545745
0.5,0.5,0.4,0.6,0.004641588833612777,1.7915261836900207
0.5,0.5,0.4,0.6,0.1,1.723465061428899
0.5,0.5,0.4,0.6,2.154434690031882,1.8111662612163846
0.5,0.5,0.4,0.6,46.41588833612773,2.46358402268556
0.5,0.5,0.4,0.6,1000.0,2.6976393027962553
0.5,0.5,0.45,0.55,9.999999999999999e-06,1.8472397819324389
0.5,0.5,0.45,0.55,0.00021544346900318823,1.806262586342764
0.5,0.5,0.45,0.55,0.004641588833612777,1.7768092706503889
0.5,0.5,0.45,0.55,0.1,1.7146069659003071
0.5,0.5,0.45,0.55,2.154434690031882,1.7972869112734282
0.5,0.5,0.45,0.55,46.41588833612773,2.454077762366601
0.5,0.5,0.45,0.55,1000.0,2.696831797189141
0.5,0.5,0.5,0.5,9.999999999999999e-06,1.8302108470426302
0.5,0.5,0.5,0.5,0.00021544346900318823,1.7908203761938293
0.5,0.5,0.5,0.5,0.004641588833612777,1.7631616851776568
0.5,0.5,0.5,0.5,0.1,1.7060999848625475
0.5,0.5,0.5,0.5,2.154434690031882,1.7852814884563442
0.5,0.5,0.5,0.5,46.41588833612773,2.4448424029369002
0.5,0.5,0.5,0.5,1000.0,2.6960261219474306
0.5,0.5,0.55,0.44999999999999996,9.999999999999999e-06,1.8144719093484385
0.5,0.5,0.55,0.44999999999999996,0.00021544346900318823,1.7761597345043683
0.5,0.5,0.55,0.44999999999999996,0.004641588833612777,1.7504875782716693
0.5,0.5,0.55,0.44999999999999996,0.1,1.699151814815946
0.5,0.5,0.55,0.44999999999999996,2.154434690031882,1.7751184463322596
0.5,0.5,0.55,0.44999999999999996,46.41588833612773,2.435865458477899
0.5,0.5,0.55,0.44999999999999996,1000.0,2.6952222706380864
0.5,0.5,0.6000000000000001,0.3999999999999999,9.999999999999999e-06,1.799960294502665
0.5,0.5,0.6000000000000001,0.3999999999999999,0.00021544346900318823,1.762719288226296
0.5,0.5,0.6000000000000001,0.3999999999999999,0.004641588833612777,1.7385383164776562
0.5,0.5,0.6000000000000001,0.3999999999999999,0.1,1.6932864993765766
0.5,0.5,0.6000000000000001,0.3999999999999999,2.154434690031882,1.7665175050311666
0.5,0.5,0.6000000000000001,0.3999999999999999,46.41588833612773,2.4271353730281064
0.5,0.5,0.6000000000000001,0.3999999999999999,1000.0,2.6944202368627383
0.5,0.5,0.65,0.35,9.999999999999999e-06,1.7861078556244978
0.5,0.5,0.65,0.35,0.00021544346900318823,1.7509552035323201
0.5,0.5,0.65,0.35,0.004641588833612777,1.729816782217783
0.5,0.5,0.65,0.35,0.1,1.6878493599991236
0.5,0.5,0.65,0.35,2.154434690031882,1.7588012771079211
0.5,0.5,0.65,0.35,46.41588833612773,2.4186414330343284
0.5,0.5,0.65,0.35,1000.0,2.6936200142574447
0.5,0.5,0.7000000000000001,0.29999999999999993,9.999999999999999e-06,1.7745135617424013
0.5,0.5,0.7000000000000001,0.29999999999999993,0.00021544346900318823,1.740844573650696
0.5,0.5,0.7000000000000001,0.29999999999999993,0.004641588833612777,1.721443265241793
0.5,0.5,0.7000000000000001,0.29999999999999993,0.1,1.683242562974764
0.5,0.5,0.7000000000000001,0.29999999999999993,2.154434690031882,1.7517321567876807
0.5,0.5,0.7000000000000001,0.29999999999999993,46.41588833612773,2.4103736900371864
0.5,0.5,0.7000000000000001,0.29999999999999993,1000.0,2.6928215964924647
0.5,0.5,0.75,0.25,9.999999999999999e-06,1.7635381013182354
0.5,0.5,0.75,0.25,0.00021544346900318823,1.7323137567547335
0.5,0.5,0.75,0.25,0.004641588833612777,1.714770510864107
0.5,0.5,0.75,0.25,0.1,1.6795934219576822
0.5,0.5,0.75,0.25,2.154434690031882,1.7447266950462792
0.5,0.5,0.75,0.25,46.41588833612773,2.4023228922155093
0.5,0.5,0.75,0.25,1000.0,2.6920249772720184
0.5,0.5,0.8,0.19999999999999996,9.999999999999999e-06,1.7552822117567615
0.5,0.5,0.8,0.19999999999999996,0.00021544346900318823,1.7265399292653227
0.5,0.5,0.8,0.19999999999999996,0.004641588833612777,1.7126238267580631
0.5,0.5,0.8,0.19999999999999996,0.1,1.6773763588780848
0.5,0.5,0.8,0.19999999999999996,2.154434690031882,1.7380092327110195
0.5,0.5,0.8,0.19999999999999996,46.41588833612773,2.3944804236240165
0.5,0.5,0.8,0.19999999999999996,1000.0,2.6912301503340674
0.5,0.5,0.8500000000000001,0.1499999999999999,9.999999999999999e-06,1.7504942086654682
0.5,0.5,0.8500000000000001,0.1499999999999999,0.00021544346900318823,1.7272917246221549
0.5,0.5,0.8500000000000001,0.1499999999999999,0.004641588833612777,1.7160398825431558
0.5,0.5,0.8500000000000001,0.1499999999999999,0.1,1.6794188217548365
0.5,0.5,0.8500000000000001,0.1499999999999999,2.154434690031882,1.7311322294708218
0.5,0.5,0.8500000000000001,0.1499999999999999,46.41588833612773,2.3868382501332035
0.5,0.5,0.8500000000000001,0.1499999999999999,1000.0,2.6904371094500794
0.5,0.5,0.9,0.09999999999999998,9.999999999999999e-06,1.7567524166553583
0.5,0.5,0.9,0.09999999999999998,0.00021544346900318823,1.7397625682132185
0.5,0.5,0.9,0.09999999999999998,0.004641588833612777,1.7288894848294318
0.5,0.5,0.9,0.09999999999999998,0.1,1.6860368684832365
0.5,0.5,0.9,0.09999999999999998,2.154434690031882,1.7257450608737845
0.5,0.5,0.9,0.09999999999999998,46.41588833612773,2.3797538822277207
0.5,0.5,0.9,0.09999999999999998,1000.0,2.689645848424808
0.5,0.5,0.9500000000000001,0.04999999999999993,9.999999999999999e-06,1.7834071012759956
0.5,0.5,0.9500000000000001,0.04999999999999993,0.00021544346900318823,1.7758170001694946
0.5,0.5,0.9500000000000001,0.04999999999999993,0.004641588833612777,1.7624597113765985
0.5,0.5,0.9500000000000001,0.04999999999999993,0.1,1.6970907954204728
0.5,0.5,0.9500000000000001,0.04999999999999993,2.154434690031882,1.722133397391691
0.5,0.5,0.9500000000000001,0.04999999999999993,46.41588833612773,2.372881977532608
0.5,0.5,0.9500000000000001,0.04999999999999993,1000.0,2.688856361096062
0.5,0.5,1.0,0.0,9.999999999999999e-06,1.8956582183517257
0.5,0.5,1.0,0.0,0.00021544346900318823,1.8931958213330402
0.5,0.5,1.0,0.0,0.004641588833612777,1.867395340311222
0.5,0.5,1.0,0.0,0.1,1.7276598191131702
0.5,0.5,1.0,0.0,2.154434690031882,1.7205240994568172
0.5,0.5,1.0,0.0,46.41588833612773,2.366189423751769
0.5,0.5,1.0,0.0,1000.0,2.688068641334494
0.5,1.0,0.0,1.0,9.999999999999999e-06,4.398409985738396
0.5,1.0,0.0,1.0,0.00021544346900318823,2.620203430487226
0.5,1.0,0.0,1.0,0.004641588833612777,2.1801613963477617
0.5,1.0,0.0,1.0,0.1,1.8601469262660433
0.5,1.0,0.0,1.0,2.154434690031882,2.066732037034713
0.5,1.0,0.0,1.0,46.41588833612773,2.559832358137653
0.5,1.0,0.0,1.0,1000.0,2.704166024401565
0.5,1.0,0.05,0.95,9.999999999999999e-06,2.539517143751664
0.5,1.0,0.05,0.95,0.00021544346900318823,2.3482831507509196
0.5,1.0,0.05,0.95,0.004641588833612777,2.1192674267623715
0.5,1.0,0.05,0.95,0.1,1.8266383343173156
0.5,1.0,0.05,0.95,2.154434690031882,2.0262175461620684
0.5,1.0,0.05,0.95,46.41588833612773,2.5512458381479695
0.5,1.0,0.05,0.95,1000.0,2.703671731729986
0.5,1.0,0.1,0.9,9.999999999999999e-06,2.3881956709939844
0.5,1.0,0.1,0.9,0.00021544346900318823,2.2462664740478
0.5,1.0,0.1,0.9,0.004641588833612777,2.0708051402906635
0.5,1.0,0.1,0.9,0.1,1.8142470066478553
0.5,1.0,0.1,0.9,2.154434690031882,1.9964638009846878
0.5,1.0,0.1,0.9,46.41588833612773,2.543239481341909
0.5,1.0,0.1,0.9,1000.0,2.7031793530584975
0.5,1.0,0.15000000000000002,0.85,9.999999999999999e-06,2.292955607118543
0.5,1.0,0.15000000000000002,0.85,0.00021544346900318823,2.172828502400164
0.5,1.0,0.15000000000000002,0.85,0.004641588833612777,2.0363554182952446
0.5,1.0,0.15000000000000002,0.85,0.1,1.8031769533701523
0.5,1.0,0.15000000000000002,0.85,2.154434690031882,1.9722562350176194
0.5,1.0,0.15000000000000002,0.85,46.41588833612773,2.535679632111045
0.5,1.0,0.15000000000000002,0.85,1000.0,2.7026888814057095
0.5,1.0,0.2,0.8,9.999999999999999e-06,2.2236518230450413
0.5,1.0,0.2,0.8,0.00021544346900318823,2.114859175455089
0.5,1.0,0.2,0.8,0.004641588833612777,2.0132927756458816
0.5,1.0,0.2,0.8,0.1,1.7926004561413886
0.5,1.0,0.2,0.8,2.154434690031882,1.9516487067825687
0.5,1.0,0.2,0.8,46.41588833612773,2.5287913492898473
0.5,1.0,0.2,0.8,1000.0,2.7022003098335974
0.5,1.0,0.25,0.75,9.999999999999999e-06,2.1744816677625542
0.5,1.0,0.25,0.75,0.00021544346900318823,2.0734162860322667
0.5,1.0,0.25,0.75,0.004641588833612777,1.9917395986063986
0.5,1.0,0.25,0.75,0.1,1.7824946040717393
0.5,1.0,0.25,0.75,2.154434690031882,1.9335654407878438
0.5,1.0,0.25,0.75,46.41588833612773,2.5225887185584237
0.5,1.0,0.25,0.75,1000.0,2.7017136314472
0.5,1.0,0.30000000000000004,0.7,9.999999999999999e-06,2.141027392703017
0.5,1.0,0.30000000000000004,0.7,0.00021544346900318823,2.046911280468453
0.5,1.0,0.30000000000000004,0.7,0.004641588833612777,1.9710449517341169
0.5,1.0,0.30000000000000004,0.7,0.1,1.772823076019312
0.5,1.0,0.30000000000000004,0.7,2.154434690031882,1.91855312165664
0.5,1.0,0.30000000000000004,0.7,46.41588833612773,2.516788631665023
0.5,1.0,0.30000000000000004,0.7,1000.0,2.701228839394311
0.5,1.0,0.35000000000000003,0.6499999999999999,9.999999999999999e-06,2.1120586138082498
0.5,1.0,0.35000000000000003,0.6499999999999999,0.00021544346900318823,2.0225673321696993
0.5,1.0,0.35000000000000003,0.6499999999999999,0.004641588833612777,1.951558886118505
0.5,1.0,0.35000000000000003,0.6499999999999999,0.1,1.763567197079523
0.5,1.0,0.35000000000000003,0.6499999999999999,2.154434690031882,1.9051986070046265
0.5,1.0,0.35000000000000003,0.6499999999999999,46.41588833612773,2.5115110769994757
0.5,1.0,0.35000000000000003,0.6499999999999999,1000.0,2.700745926865181
0.5,1.0,0.4,0.6,9.999999999999999e-06,2.0848435737150055
0.5,1.0,0.4,0.6,0.00021544346900318823,1.9996283574430633
0.5,1.0,0.4,0.6,0.004641588833612777,1.9328824847355532
0.5,1.0,0.4,0.6,0.1,1.7552107888436914
0.5,1.0,0.4,0.6,2.154434690031882,1.8930758592859913
0.5,1.0,0.4,0.6,46.41588833612773,2.506681227600357
0.5,1.0,0.4,0.6,1000.0,2.7002648870922177
0.5,1.0,0.45,0.55,9.999999999999999e-06,2.0584439630766536
0.5,1.0,0.45,0.55,0.00021544346900318823,1.9776297593846959
0.5,1.0,0.45,0.55,0.004641588833612777,1.914896265594268
0.5,1.0,0.45,0.55,0.1,1.746515772768849
0.5,1.0,0.45,0.55,2.154434690031882,1.8823468894946882
0.5,1.0,0.45,0.55,46.41588833612773,2.50220145587126
0.5,1.0,0.45,0.55,1000.0,2.6997857133496863
0.5,1.0,0.5,0.5,9.999999999999999e-06,2.032976815666721
0.5,1.0,0.5,0.5,0.00021544346900318823,1.9559904129817793
0.5,1.0,0.5,0.5,0.004641588833612777,1.8977152791946084
0.5,1.0,0.5,0.5,0.1,1.7375770926145617
0.5,1.0,0.5,0.5,2.154434690031882,1.872962330035759
0.5,1.0,0.5,0.5,46.41588833612773,2.4980658627749857
0.5,1.0,0.5,0.5,1000.0,2.699308398953421
0.5,1.0,0.55,0.44999999999999996,9.999999999999999e-06,2.008281151377383
0.5,1.0,0.55,0.44999999999999996,0.00021544346900318823,1.9351383010025325
0.5,1.0,0.55,0.44999999999999996,0.004641588833612777,1.8812424873134537
0.5,1.0,0.55,0.44999999999999996,0.1,1.728923250378678
0.5,1.0,0.55,0.44999999999999996,2.154434690031882,1.865219652788051
0.5,1.0,0.55,0.44999999999999996,46.41588833612773,2.4941734677545355
0.5,1.0,0.55,0.44999999999999996,1000.0,2.6988329372605278
0.5,1.0,0.6000000000000001,0.3999999999999999,9.999999999999999e-06,1.9858200863680437
0.5,1.0,0.6000000000000001,0.3999999999999999,0.00021544346900318823,1.9146712710687703
0.5,1.0,0.6000000000000001,0.3999999999999999,0.004641588833612777,1.8641002670215672
0.5,1.0,0.6000000000000001,0.3999999999999999,0.1,1.720556316427803
0.5,1.0,0.6000000000000001,0.3999999999999999,2.154434690031882,1.8585535743087402
0.5,1.0,0.6000000000000001,0.3999999999999999,46.41588833612773,2.4905139793653843
0.5,1.0,0.6000000000000001,0.3999999999999999,1000.0,2.698359321669102
0.5,1.0,0.65,0.35,9.999999999999999e-06,1.9634654464284673
0.5,1.0,0.65,0.35,0.00021544346900318823,1.8944265020457887
0.5,1.0,0.65,0.35,0.004641588833612777,1.8460652166802762
0.5,1.0,0.65,0.35,0.1,1.712142350129969
0.5,1.0,0.65,0.35,2.154434690031882,1.8532733953246918
0.5,1.0,0.65,0.35,46.41588833612773,2.4873529541881068
0.5,1.0,0.65,0.35,1000.0,2.6978875456179368
0.5,1.0,0.7000000000000001,0.29999999999999993,9.999999999999999e-06,1.9401887903346795
0.5,1.0,0.7000000000000001,0.29999999999999993,0.00021544346900318823,1.8753607531800993
0.5,1.0,0.7000000000000001,0.29999999999999993,0.004641588833612777,1.8277053931904366
0.5,1.0,0.7000000000000001,0.29999999999999993,0.1,1.7042623896277576
0.5,1.0,0.7000000000000001,0.29999999999999993,2.154434690031882,1.848528410413636
0.5,1.0,0.7000000000000001,0.29999999999999993,46.41588833612773,2.484673772908326
0.5,1.0,0.7000000000000001,0.29999999999999993,1000.0,2.6974176025862437
0.5,1.0,0.75,0.25,9.999999999999999e-06,1.9165882941692935
0.5,1.0,0.75,0.25,0.00021544346900318823,1.8554026407679345
0.5,1.0,0.75,0.25,0.004641588833612777,1.8091199045478314
0.5,1.0,0.75,0.25,0.1,1.6979695156267904
0.5,1.0,0.75,0.25,2.154434690031882,1.8440963923699885
0.5,1.0,0.75,0.25,46.41588833612773,2.4822022033236624
0.5,1.0,0.75,0.25,1000.0,2.6969494860933674
0.5,1.0,0.8,0.19999999999999996,9.999999999999999e-06,1.8908247781612424
0.5,1.0,0.8,0.19999999999999996,0.00021544346900318823,1.8350530333518043
0.5,1.0,0.8,0.19999999999999996,0.004641588833612777,1.7905342061681089
0.5,1.0,0.8,0.19999999999999996,0.1,1.6928195130398453
0.5,1.0,0.8,0.19999999999999996,2.154434690031882,1.8401207689094268
0.5,1.0,0.8,0.19999999999999996,46.41588833612773,2.48031942498823
0.5,1.0,0.8,0.19999999999999996,1000.0,2.6964831896985135
0.5,1.0,0.8500000000000001,0.1499999999999999,9.999999999999999e-06,1.865748366206243
0.5,1.0,0.8500000000000001,0.1499999999999999,0.00021544346900318823,1.8130682189063618
0.5,1.0,0.8500000000000001,0.1499999999999999,0.004641588833612777,1.7702098505459825
0.5,1.0,0.8500000000000001,0.1499999999999999,0.1,1.6879265692837766
0.5,1.0,0.8500000000000001,0.1499999999999999,2.154434690031882,1.8376949389044173
0.5,1.0,0.8500000000000001,0.1499999999999999,46.41588833612773,2.47875180364305
0.5,1.0,0.8500000000000001,0.1499999999999999,1000.0,2.696018707000464
0.5,1.0,0.9,0.09999999999999998,9.999999999999999e-06,1.8405217727429077
0.5,1.0,0.9,0.09999999999999998,0.00021544346900318823,1.7902734454778213
0.5,1.0,0.9,0.09999999999999998,0.004641588833612777,1.7488174968052632
0.5,1.0,0.9,0.09999999999999998,0.1,1.6839833811196452
0.5,1.0,0.9,0.09999999999999998,2.154434690031882,1.837686264756467
0.5,1.0,0.9,0.09999999999999998,46.41588833612773,2.4773774230227925
0.5,1.0,0.9,0.09999999999999998,1000.0,2.69555603163731
0.5,1.0,0.9500000000000001,0.04999999999999993,9.999999999999999e-06,1.8165182929700339
0.5,1.0,0.9500000000000001,0.04999999999999993,0.00021544346900318823,1.7792155090264372
0.5,1.0,0.9500000000000001,0.04999999999999993,0.004641588833612777,1.7329251552857583
0.5,1.0,0.9500000000000001,0.04999999999999993,0.1,1.6818460267506479
0.5,1.0,0.9500000000000001,0.04999999999999993,2.154434690031882,1.842246094575396
0.5,1.0,0.9500000000000001,0.04999999999999993,46.41588833612773,2.4761929551955557
0.5,1.0,0.9500000000000001,0.04999999999999993,1000.0,2.6950951572861768
0.5,1.0,1.0,0.0,9.999999999999999e-06,2.078531045203213
0.5,1.0,1.0,0.0,0.00021544346900318823,2.059452686857737
0.5,1.0,1.0,0.0,0.004641588833612777,1.9319243275195825
0.5,1.0,1.0,0.0,0.1,1.6941830993937244
0.5,1.0,1.0,0.0,2.154434690031882,1.853010553396802
0.5,1.0,1.0,0.0,46.41588833612773,2.475195629741873
0.5,1.0,1.0,0.0,1000.0,2.6946360776629588
0.5,2.0,0.0,1.0,9.999999999999999e-06,4.398409985738396
0.5,2.0,0.0,1.0,0.00021544346900318823,2.620203430487226
0.5,2.0,0.0,1.0,0.004641588833612777,2.1801613963477617
0.5,2.0,0.0,1.0,0.1,1.8601469262660433
0.5,2.0,0.0,1.0,2.154434690031882,2.066732037034713
0.5,2.0,0.0,1.0,46.41588833612773,2.559832358137653
0.5,2.0,0.0,1.0,1000.0,2.704166024401565
0.5,2.0,0.05,0.95,9.999999999999999e-06,2.8427575030846963
0.5,2.0,0.05,0.95,0.00021544346900318823,2.4797348163155877
0.5,2.0,0.05,0.95,0.004641588833612777,2.133404391142862
0.5,2.0,0.05,0.95,0.1,1.8345818722036864
0.5,2.0,0.05,0.95,2.154434690031882,2.055406334092951
0.5,2.0,0.05,0.95,46.41588833612773,2.5602186326188954
0.5,2.0,0.05,0.95,1000.0,2.7042888318188054
0.5,2.0,0.1,0.9,9.999999999999999e-06,2.669214181987141
0.5,2.0,0.1,0.9,0.00021544346900318823,2.4086977331032795
0.5,2.0,0.1,0.9,0.004641588833612777,2.10871156311002
0.5,2.0,0.1,0.9,0.1,1.8179667253370337
0.5,2.0,0.1,0.9,2.154434690031882,2.04787241610148
0.5,2.0,0.1,0.9,46.41588833612773,2.5608141845949417
0.5,2.0,0.1,0.9,1000.0,2.7044122046846364
0.5,2.0,0.15000000000000002,0.85,9.999999999999999e-06,2.581721772666347
0.5,2.0,0.15000000000000002,0.85,0.00021544346900318823,2.367734362374683
0.5,2.0,0.15000000000000002,0.85,0.004641588833612777,2.0903207909319304
0.5,2.0,0.15000000000000002,0.85,0.1,1.8058003479886477
0.5,2.0,0.15000000000000002,0.85,2.154434690031882,2.0422744733983977
0.5,2.0,0.15000000000000002,0.85,46.41588833612773,2.5615267710402243
0.5,2.0,0.15000000000000002,0.85,1000.0,2.704536143436968
0.5,2.0,0.2,0.8,9.999999999999999e-06,2.524127974945614
0.5,2.0,0.2,0.8,0.00021544346900318823,2.3341763227952224
0.5,2.0,0.2,0.8,0.004641588833612777,2.073265639135114
0.5,2.0,0.2,0.8,0.1,1.7949629336920756
0.5,2.0,0.2,0.8,2.154434690031882,2.0374616444264007
0.5,2.0,0.2,0.8,46.41588833612773,2.562353785253205
0.5,2.0,0.2,0.8,1000.0,2.7046606485168607
0.5,2.0,0.25,0.75,9.999999999999999e-06,2.479710633253199
0.5,2.0,0.25,0.75,0.00021544346900318823,2.3040589684025132
0.5,2.0,0.25,0.75,0.004641588833612777,2.0564997910733065
0.5,2.0,0.25,0.75,0.1,1.7849839417835323
0.5,2.0,0.25,0.75,2.154434690031882,2.03335153696933
0.5,2.0,0.25,0.75,46.41588833612773,2.563315453082942
0.5,2.0,0.25,0.75,1000.0,2.70478572036854
0.5,2.0,0.30000000000000004,0.7,9.999999999999999e-06,2.4401703906460526
0.5,2.0,0.30000000000000004,0.7,0.00021544346900318823,2.2750515928290644
0.5,2.0,0.30000000000000004,0.7,0.004641588833612777,2.0398359208653734
0.5,2.0,0.30000000000000004,0.7,0.1,1.776258469594852
0.5,2.0,0.30000000000000004,0.7,2.154434690031882,2.029889544752899
0.5,2.0,0.30000000000000004,0.7,46.41588833612773,2.5645305473237063
0.5,2.0,0.30000000000000004,0.7,1000.0,2.7049113594393988
0.5,2.0,0.35000000000000003,0.6499999999999999,9.999999999999999e-06,2.40306797918859
0.5,2.0,0.35000000000000003,0.6499999999999999,0.00021544346900318823,2.247651152432407
0.5,2.0,0.35000000000000003,0.6499999999999999,0.004641588833612777,2.0261843698722286
0.5,2.0,0.35000000000000003,0.6499999999999999,0.1,1.7685082288243639
0.5,2.0,0.35000000000000003,0.6499999999999999,2.154434690031882,2.0274013801319746
0.5,2.0,0.35000000000000003,0.6499999999999999,46.41588833612773,2.565932630346327
0.5,2.0,0.35000000000000003,0.6499999999999999,1000.0,2.705037566180006
0.5,2.0,0.4,0.6,9.999999999999999e-06,2.368148068271341
0.5,2.0,0.4,0.6,0.00021544346900318823,2.2204733188503347
0.5,2.0,0.4,0.6,0.004641588833612777,2.015834380008032
0.5,2.0,0.4,0.6,0.1,1.760666401628242
0.5,2.0,0.4,0.6,2.154434690031882,2.0260273068423107
0.5,2.0,0.4,0.6,46.41588833612773,2.567590060958306
0.5,2.0,0.4,0.6,1000.0,2.7051643410441164
0.5,2.0,0.45,0.55,9.999999999999999e-06,2.333424294181927
0.5,2.0,0.45,0.55,0.00021544346900318823,2.1948880068840313
0.5,2.0,0.45,0.55,0.004641588833612777,2.005069543580527
0.5,2.0,0.45,0.55,0.1,1.7529194921754006
0.5,2.0,0.45,0.55,2.154434690031882,2.025279878091382
0.5,2.0,0.45,0.55,46.41588833612773,2.5695287719870454
0.5,2.0,0.45,0.55,1000.0,2.7052916844886785
0.5,2.0,0.5,0.5,9.999999999999999e-06,2.299003605872753
0.5,2.0,0.5,0.5,0.00021544346900318823,2.1697196272147834
0.5,2.0,0.5,0.5,0.004641588833612777,1.9937195685127072
0.5,2.0,0.5,0.5,0.1,1.7448698300448693
0.5,2.0,0.5,0.5,2.154434690031882,2.0253640071683066
0.5,2.0,0.5,0.5,46.41588833612773,2.5716237930087904
0.5,2.0,0.5,0.5,1000.0,2.70541959697384
0.5,2.0,0.55,0.44999999999999996,9.999999999999999e-06,2.2661100951646445
0.5,2.0,0.55,0.44999999999999996,0.00021544346900318823,2.1450174905526675
0.5,2.0,0.55,0.44999999999999996,0.004641588833612777,1.9814423329161963
0.5,2.0,0.55,0.44999999999999996,0.1,1.7364879958837067
0.5,2.0,0.55,0.44999999999999996,2.154434690031882,2.0261771067545356
0.5,2.0,0.55,0.44999999999999996,46.41588833612773,2.573843571312248
0.5,2.0,0.55,0.44999999999999996,1000.0,2.7055480789629587
0.5,2.0,0.6000000000000001,0.3999999999999999,9.999999999999999e-06,2.23474318780709
0.5,2.0,0.6000000000000001,0.3999999999999999,0.00021544346900318823,2.120484756117553
0.5,2.0,0.6000000000000001,0.3999999999999999,0.004641588833612777,1.96799495067647
0.5,2.0,0.6000000000000001,0.3999999999999999,0.1,1.7286784900355618
0.5,2.0,0.6000000000000001,0.3999999999999999,2.154434690031882,2.0279513778284883
0.5,2.0,0.6000000000000001,0.3999999999999999,46.41588833612773,2.576190056726399
0.5,2.0,0.6000000000000001,0.3999999999999999,1000.0,2.7056771309226066
0.5,2.0,0.65,0.35,9.999999999999999e-06,2.2057354261402287
0.5,2.0,0.65,0.35,0.00021544346900318823,2.097667873558558
0.5,2.0,0.65,0.35,0.004641588833612777,1.9530167909132834
0.5,2.0,0.65,0.35,0.1,1.720754023567447
0.5,2.0,0.65,0.35,2.154434690031882,2.0307975562704654
0.5,2.0,0.65,0.35,46.41588833612773,2.578665409963029
0.5,2.0,0.65,0.35,1000.0,2.705806753322583
0.5,2.0,0.7000000000000001,0.29999999999999993,9.999999999999999e-06,2.1819463099326333
0.5,2.0,0.7000000000000001,0.29999999999999993,0.00021544346900318823,2.078367488330598
0.5,2.0,0.7000000000000001,0.29999999999999993,0.004641588833612777,1.9359564481366183
0.5,2.0,0.7000000000000001,0.29999999999999993,0.1,1.7132196044398262
0.5,2.0,0.7000000000000001,0.29999999999999993,2.154434690031882,2.035181916729647
0.5,2.0,0.7000000000000001,0.29999999999999993,46.41588833612773,2.581272012942452
0.5,2.0,0.7000000000000001,0.29999999999999993,1000.0,2.7059369466359207
0.5,2.0,0.75,0.25,9.999999999999999e-06,2.158126121990897
0.5,2.0,0.75,0.25,0.00021544346900318823,2.0571905437915268
0.5,2.0,0.75,0.25,0.004641588833612777,1.916703211128027
0.5,2.0,0.75,0.25,0.1,1.7064945571314605
0.5,2.0,0.75,0.25,2.154434690031882,2.0428177471619566
0.5,2.0,0.75,0.25,46.41588833612773,2.5840124804360887
0.5,2.0,0.75,0.25,1000.0,2.7060677113388936
0.5,2.0,0.8,0.19999999999999996,9.999999999999999e-06,2.1307205261490085
0.5,2.0,0.8,0.19999999999999996,0.00021544346900318823,2.032758962404327
0.5,2.0,0.8,0.19999999999999996,0.004641588833612777,1.8941874518112567
0.5,2.0,0.8,0.19999999999999996,0.1,1.7006819050480702
0.5,2.0,0.8,0.19999999999999996,2.154434690031882,2.0526522797854367
0.5,2.0,0.8,0.19999999999999996,46.41588833612773,2.5869027009339916
0.5,2.0,0.8,0.19999999999999996,1000.0,2.7061990479110234
0.5,2.0,0.8500000000000001,0.1499999999999999,9.999999999999999e-06,2.09604763768502
0.5,2.0,0.8500000000000001,0.1499999999999999,0.00021544346900318823,2.003131961392177
0.5,2.0,0.8500000000000001,0.1499999999999999,0.004641588833612777,1.8667673044812374
0.5,2.0,0.8500000000000001,0.1499999999999999,0.1,1.6970584511754319
0.5,2.0,0.8500000000000001,0.1499999999999999,2.154434690031882,2.0657093897108387
0.5,2.0,0.8500000000000001,0.1499999999999999,46.41588833612773,2.5905721934822132
0.5,2.0,0.8500000000000001,0.1499999999999999,1000.0,2.7063309568350924
0.5,2.0,0.9,0.09999999999999998,9.999999999999999e-06,2.0509360859606645
0.5,2.0,0.9,0.09999999999999998,0.00021544346900318823,1.9661322050916965
0.5,2.0,0.9,0.09999999999999998,0.004641588833612777,1.8324205387435555
0.5,2.0,0.9,0.09999999999999998,0.1,1.6968100865004534
0.5,2.0,0.9,0.09999999999999998,2.154434690031882,2.0850814645766906
0.5,2.0,0.9,0.09999999999999998,46.41588833612773,2.5944520397838815
0.5,2.0,0.9,0.09999999999999998,1000.0,2.7064634385971496
0.5,2.0,0.9500000000000001,0.04999999999999993,9.999999999999999e-06,1.9806545737143895
0.5,2.0,0.9500000000000001,0.04999999999999993,0.00021544346900318823,1.902638929199729
0.5,2.0,0.9500000000000001,0.04999999999999993,0.004641588833612777,1.7839453413809727
0.5,2.0,0.9500000000000001,0.04999999999999993,0.1,1.709712011671229
0.5,2.0,0.9500000000000001,0.04999999999999993,2.154434690031882,2.1183935813844434
0.5,2.0,0.9500000000000001,0.04999999999999993,46.41588833612773,2.59849591809906
0.5,2.0,0.9500000000000001,0.04999999999999993,1000.0,2.706596493686517
0.5,2.0,1.0,0.0,9.999999999999999e-06,2.18384873858412
0.5,2.0,1.0,0.0,0.00021544346900318823,2.0967752586768844
0.5,2.0,1.0,0.0,0.004641588833612777,1.850639931362624
0.5,2.0,1.0,0.0,0.1,1.788834431159157
0.5,2.0,1.0,0.0,2.154434690031882,2.1766670359756715
0.5,2.0,1.0,0.0,46.41588833612773,2.603397841518593
0.5,2.0,1.0,0.0,1000.0,2.7067301225958027
1.0,0.5,0.0,1.0,9.999999999999999e-06,5.284220739038164
1.0,0.5,0.0,1.0,0.00021544346900318823,3.2471676875193767
1.0,0.5,0.0,1.0,0.004641588833612777,2.0598333046132646
1.0,0.5,0.0,1.0,0.1,1.680273308110939
1.0,0.5,0.0,1.0,2.154434690031882,2.085191946170862
1.0,0.5,0.0,1.0,46.41588833612773,2.6155201494352545
1.0,0.5,0.0,1.0,1000.0,2.7084894248740596
1.0,0.5,0.05,0.95,9.999999999999999e-06,1.9463983589109166
1.0,0.5,0.05,0.95,0.00021544346900318823,1.8672456313088923
1.0,0.5,0.05,0.95,0.004641588833612777,1.7994987859334461
1.0,0.5,0.05,0.95,0.1,1.630233292705645
1.0,0.5,0.05,0.95,2.154434690031882,1.986275598286178
1.0,0.5,0.05,0.95,46.41588833612773,2.596743594065325
1.0,0.5,0.05,0.95,1000.0,2.7074451839574856
1.0,0.5,0.1,0.9,9.999999999999999e-06,1.8596996439740237
1.0,0.5,0.1,0.9,0.00021544346900318823,1.7949707279518776
1.0,0.5,0.1,0.9,0.004641588833612777,1.740007540238447
1.0,0.5,0.1,0.9,0.1,1.615791409603392
1.0,0.5,0.1,0.9,2.154434690031882,1.9237055108325198
1.0,0.5,0.1,0.9,46.41588833612773,2.578926268537868
1.0,0.5,0.1,0.9,1000.0,2.706403448178377
1.0,0.5,0.15000000000000002,0.85,9.999999999999999e-06,1.8191563429183193
1.0,0.5,0.15000000000000002,0.85,0.00021544346900318823,1.7655247564093004
1.0,0.5,0.15000000000000002,0.85,0.004641588833612777,1.7194013370875956
1.0,0.5,0.15000000000000002,0.85,0.1,1.6096690379179228
1.0,0.5,0.15000000000000002,0.85,2.154434690031882,1.8770775280745395
1.0,0.5,0.15000000000000002,0.85,46.41588833612773,2.5621412773062593
1.0,0.5,0.15000000000000002,0.85,1000.0,2.705364206786056
1.0,0.5,0.2,0.8,9.999999999999999e-06,1.7947728150939444
1.0,0.5,0.2,0.8,0.00021544346900318823,1.7532033706018813
1.0,0.5,0.2,0.8,0.004641588833612777,1.7133197395188653
1.0,0.5,0.2,0.8,0.1,1.6041150967172726
1.0,0.5,0.2,0.8,2.154434690031882,1.84150930023126
1.0,0.5,0.2,0.8,46.41588833612773,2.5462210891796198
1.0,0.5,0.2,0.8,1000.0,2.704327449096404
1.0,0.5,0.25,0.75,9.999999999999999e-06,1.7751945503408288
1.0,0.5,0.25,0.75,0.00021544346900318823,1.747343766965383
1.0,0.5,0.25,0.75,0.004641588833612777,1.70902290965927
1.0,0.5,0.25,0.75,0.1,1.6000160073341063
1.0,0.5,0.25,0.75,2.154434690031882,1.8174021310002697
1.0,0.5,0.25,0.75,46.41588833612773,2.5312763207609263
1.0,0.5,0.25,0.75,1000.0,2.703293164491333
1.0,0.5,0.30000000000000004,0.7,9.999999999999999e-06,1.758869086272921
1.0,0.5,0.30000000000000004,0.7,0.00021544346900318823,1.7409500950202303
1.0,0.5,0.30000000000000004,0.7,0.004641588833612777,1.705184886134304
1.0,0.5,0.30000000000000004,0.7,0.1,1.5975417741688276
1.0,0.5,0.30000000000000004,0.7,2.154434690031882,1.7993366733097138
1.0,0.5,0.30000000000000004,0.7,46.41588833612773,2.5169259585162216
1.0,0.5,0.30000000000000004,0.7,1000.0,2.702261342418253
1.0,0.5,0.35000000000000003,0.6499999999999999,9.999999999999999e-06,1.7455736291778905
1.0,0.5,0.35000000000000003,0.6499999999999999,0.00021544346900318823,1.7344012524758061
1.0,0.5,0.35000000000000003,0.6499999999999999,0.004641588833612777,1.7017924743229338
1.0,0.5,0.35000000000000003,0.6499999999999999,0.1,1.5957599786582009
1.0,0.5,0.35000000000000003,0.6499999999999999,2.154434690031882,1.784433029546582
1.0,0.5,0.35000000000000003,0.6499999999999999,46.41588833612773,2.5032076417876548
1.0,0.5,0.35000000000000003,0.6499999999999999,1000.0,2.70123197238956
1.0,0.5,0.4,0.6,9.999999999999999e-06,1.7350760116542858
1.0,0.5,0.4,0.6,0.00021544346900318823,1.7297394114807463
1.0,0.5,0.4,0.6,0.004641588833612777,1.6994611934117696
1.0,0.5,0.4,0.6,0.1,1.595702141698697
1.0,0.5,0.4,0.6,2.154434690031882,1.7725150678425396
1.0,0.5,0.4,0.6,46.41588833612773,2.490023308405082
1.0,0.5,0.4,0.6,1000.0,2.7002050439821135
1.0,0.5,0.45,0.55,9.999999999999999e-06,1.7277488577283053
1.0,0.5,0.45,0.55,0.00021544346900318823,1.726421030588693
1.0,0.5,0.45,0.55,0.004641588833612777,1.698705920735415
1.0,0.5,0.45,0.55,0.1,1.5972311661559242
1.0,0.5,0.45,0.55,2.154434690031882,1.7637406986628532
1.0,0.5,0.45,0.55,46.41588833612773,2.4772631836882053
1.0,0.5,0.45,0.55,1000.0,2.6991805468367343
1.0,0.5,0.5,0.5,9.999999999999999e-06,1.7213596479473061
1.0,0.5,0.5,0.5,0.00021544346900318823,1.7229455435565924
1.0,0.5,0.5,0.5,0.004641588833612777,1.698891138380126
1.0,0.5,0.5,0.5,0.1,1.599346692275476
1.0,0.5,0.5,0.5,2.154434690031882,1.7562106948956613
1.0,0.5,0.5,0.5,46.41588833612773,2.4649022421306963
1.0,0.5,0.5,0.5,1000.0,2.6981584706576895
1.0,0.5,0.55,0.44999999999999996,9.999999999999999e-06,1.715997687910423
1.0,0.5,0.55,0.44999999999999996,0.00021544346900318823,1.7201111139484064
1.0,0.5,0.55,0.44999999999999996,0.004641588833612777,1.699910002390704
1.0,0.5,0.55,0.44999999999999996,0.1,1.6019678529028365
1.0,0.5,0.55,0.44999999999999996,2.154434690031882,1.749938236961556
1.0,0.5,0.55,0.44999999999999996,46.41588833612773,2.4529770890347082
1.0,0.5,0.55,0.44999999999999996,1000.0,2.697138805212201
1.0,0.5,0.6000000000000001,0.3999999999999999,9.999999999999999e-06,1.711202268129023
1.0,0.5,0.6000000000000001,0.3999999999999999,0.00021544346900318823,1.7178724901012707
1.0,0.5,0.6000000000000001,0.3999999999999999,0.004641588833612777,1.7016772528537238
1.0,0.5,0.6000000000000001,0.3999999999999999,0.1,1.60487928511374
1.0,0.5,0.6000000000000001,0.3999999999999999,2.154434690031882,1.744466494714069
1.0,0.5,0.6000000000000001,0.3999999999999999,46.41588833612773,2.4420601277337814
1.0,0.5,0.6000000000000001,0.3999999999999999,1000.0,2.6961215403299423
1.0,0.5,0.65,0.35,9.999999999999999e-06,1.7105452445763731
1.0,0.5,0.65,0.35,0.00021544346900318823,1.7182400975875287
1.0,0.5,0.65,0.35,0.004641588833612777,1.7038232720348434
1.0,0.5,0.65,0.35,0.1,1.6079446260805612
1.0,0.5,0.65,0.35,2.154434690031882,1.7398858817242675
1.0,0.5,0.65,0.35,46.41588833612773,2.431526656278677
1.0,0.5,0.65,0.35,1000.0,2.6951066659025513
1.0,0.5,0.7000000000000001,0.29999999999999993,9.999999999999999e-06,1.7132915565662394
1.0,0.5,0.7000000000000001,0.29999999999999993,0.00021544346900318823,1.7216273073515083
1.0,0.5,0.7000000000000001,0.29999999999999993,0.004641588833612777,1.7078279550012474
1.0,0.5,0.7000000000000001,0.29999999999999993,0.1,1.612125332558514
1.0,0.5,0.7000000000000001,0.29999999999999993,2.154434690031882,1.735967757946379
1.0,0.5,0.7000000000000001,0.29999999999999993,46.41588833612773,2.4212781311720244
1.0,0.5,0.7000000000000001,0.29999999999999993,1000.0,2.6940941718831435
1.0,0.5,0.75,0.25,9.999999999999999e-06,1.7194449347058804
1.0,0.5,0.75,0.25,0.00021544346900318823,1.7263475850135694
1.0,0.5,0.75,0.25,0.004641588833612777,1.7121530370287057
1.0,0.5,0.75,0.25,0.1,1.6172137216219002
1.0,0.5,0.75,0.25,2.154434690031882,1.7322640913077265
1.0,0.5,0.75,0.25,46.41588833612773,2.4113002951088207
1.0,0.5,0.75,0.25,1000.0,2.69308404828583
1.0,0.5,0.8,0.19999999999999996,9.999999999999999e-06,1.727625301846591
1.0,0.5,0.8,0.19999999999999996,0.00021544346900318823,1.7309488088200737
1.0,0.5,0.8,0.19999999999999996,0.004641588833612777,1.7161882745382036
1.0,0.5,0.8,0.19999999999999996,0.1,1.624791548433087
1.0,0.5,0.8,0.19999999999999996,2.154434690031882,1.7293742267661925
1.0,0.5,0.8,0.19999999999999996,46.41588833612773,2.401579947613043
1.0,0.5,0.8,0.19999999999999996,1000.0,2.69207628518524
1.0,0.5,0.8500000000000001,0.1499999999999999,9.999999999999999e-06,1.7375281626172354
1.0,0.5,0.8500000000000001,0.1499999999999999,0.00021544346900318823,1.7393488652701228
1.0,0.5,0.8500000000000001,0.1499999999999999,0.004641588833612777,1.724044465967085
1.0,0.5,0.8500000000000001,0.1499999999999999,0.1,1.6371854146748366
1.0,0.5,0.8500000000000001,0.1499999999999999,2.154434690031882,1.7269514894507594
1.0,0.5,0.8500000000000001,0.1499999999999999,46.41588833612773,2.392305234912628
1.0,0.5,0.8500000000000001,0.1499999999999999,1000.0,2.691070872716048
1.0,0.5,0.9,0.09999999999999998,9.999999999999999e-06,1.7535989030291348
1.0,0.5,0.9,0.09999999999999998,0.00021544346900318823,1.7544765646017368
1.0,0.5,0.9,0.09999999999999998,0.004641588833612777,1.739690335471478
1.0,0.5,0.9,0.09999999999999998,0.1,1.654093386672757
1.0,0.5,0.9,0.09999999999999998,2.154434690031882,1.724319441741041
1.0,0.5,0.9,0.09999999999999998,46.41588833612773,2.3833833423209336
1.0,0.5,0.9,0.09999999999999998,1000.0,2.690067801072507
1.0,0.5,0.9500000000000001,0.04999999999999993,9.999999999999999e-06,1.78484153175962
1.0,0.5,0.9500000000000001,0.04999999999999993,0.00021544346900318823,1.791027561950266
1.0,0.5,0.9500000000000001,0.04999999999999993,0.004641588833612777,1.7723156118061456
1.0,0.5,0.9500000000000001,0.04999999999999993,0.1,1.6807944178085248
1.0,0.5,0.9500000000000001,0.04999999999999993,2.154434690031882,1.722329986506641
1.0,0.5,0.9500000000000001,0.04999999999999993,46.41588833612773,2.374681254409173
1.0,0.5,0.9500000000000001,0.04999999999999993,1000.0,2.6890670605079814
1.0,0.5,1.0,0.0,9.999999999999999e-06,1.8956582183517257
1.0,0.5,1.0,0.0,0.00021544346900318823,1.8931958213330402
1.0,0.5,1.0,0.0,0.004641588833612777,1.867395340311222
1.0,0.5,1.0,0.0,0.1,1.7276598191131702
1.0,0.5,1.0,0.0,2.154434690031882,1.7205240994568172
1.0,0.5,1.0,0.0,46.41588833612773,2.366189423751769
1.0,0.5,1.0,0.0,1000.0,2.688068641334494
1.0,1.0,0.0,1.0,9.999999999999999e-06,5.284220739038164
1.0,1.0,0.0,1.0,0.00021544346900318823,3.2471676875193767
1.0,1.0,0.0,1.0,0.004641588833612777,2.0598333046132646
1.0,1.0,0.0,1.0,0.1,1.680273308110939
1.0,1.0,0.0,1.0,2.154434690031882,2.085191946170862
1.0,1.0,0.0,1.0,46.41588833612773,2.6155201494352545
1.0,1.0,0.0,1.0,1000.0,2.7084894248740596
1.0,1.0,0.05,0.95,9.999999999999999e-06,2.463580151607432
1.0,1.0,0.05,0.95,0.00021544346900318823,2.279422357864732
1.0,1.0,0.05,0.95,0.004641588833612777,1.9747025359973471
1.0,1.0,0.05,0.95,0.1,1.6534663000973249
1.0,1.0,0.05,0.95,2.154434690031882,2.0244785709602686
1.0,1.0,0.05,0.95,46.41588833612773,2.6027319955511934
1.0,1.0,0.05,0.95,1000.0,2.7077759956180727
1.0,1.0,0.1,0.9,9.999999999999999e-06,2.263260007115284
1.0,1.0,0.1,0.9,0.00021544346900318823,2.117806228565758
1.0,1.0,0.1,0.9,0.004641588833612777,1.9201099255262135
1.0,1.0,0.1,0.9,0.1,1.6440548663721786
1.0,1.0,0.1,0.9,2.154434690031882,1.98402274339951
1.0,1.0,0.1,0.9,46.41588833612773,2.590944513477183
1.0,1.0,0.1,0.9,1000.0,2.7070648136132314
1.0,1.0,0.15000000000000002,0.85,9.999999999999999e-06,2.1596322139008013
1.0,1.0,0.15000000000000002,0.85,0.00021544346900318823,2.0308090832325263
1.0,1.0,0.15000000000000002,0.85,0.004641588833612777,1.8776651196573004
1.0,1.0,0.15000000000000002,0.85,0.1,1.6362564453873196
1.0,1.0,0.15000000000000002,0.85,2.154434690031882,1.955223286503362
1.0,1.0,0.15000000000000002,0.85,46.41588833612773,2.5801956246542948
1.0,1.0,0.15000000000000002,0.85,1000.0,2.7063558682757924
1.0,1.0,0.2,0.8,9.999999999999999e-06,2.092599689302422
1.0,1.0,0.2,0.8,0.00021544346900318823,1.97440550949226
1.0,1.0,0.2,0.8,0.004641588833612777,1.842143443763179
1.0,1.0,0.2,0.8,0.1,1.6281606124638321
1.0,1.0,0.2,0.8,2.154434690031882,1.9317016046632496
1.0,1.0,0.2,0.8,46.41588833612773,2.5702750683268243
1.0,1.0,0.2,0.8,1000.0,2.7056491490909838
1.0,1.0,0.25,0.75,9.999999999999999e-06,2.0416337006279925
1.0,1.0,0.25,0.75,0.00021544346900318823,1.9357388915520164
1.0,1.0,0.25,0.75,0.004641588833612777,1.8143183401399656
1.0,1.0,0.25,0.75,0.1,1.6210540735375478
1.0,1.0,0.25,0.75,2.154434690031882,1.9120248885423086
1.0,1.0,0.25,0.75,46.41588833612773,2.5612103699967745
1.0,1.0,0.25,0.75,1000.0,2.704944645612443
1.0,1.0,0.30000000000000004,0.7,9.999999999999999e-06,2.0056255499105973
1.0,1.0,0.30000000000000004,0.7,0.00021544346900318823,1.9060347912074036
1.0,1.0,0.30000000000000004,0.7,0.004641588833612777,1.7966657065806766
1.0,1.0,0.30000000000000004,0.7,0.1,1.6171093568857815
1.0,1.0,0.30000000000000004,0.7,2.154434690031882,1.8952600649222615
1.0,1.0,0.30000000000000004,0.7,46.41588833612773,2.552783164428861
1.0,1.0,0.30000000000000004,0.7,1000.0,2.704242347461661
1.0,1.0,0.35000000000000003,0.6499999999999999,9.999999999999999e-06,1.9784274230946932
1.0,1.0,0.35000000000000003,0.6499999999999999,0.00021544346900318823,1.883089450169205
1.0,1.0,0.35000000000000003,0.6499999999999999,0.004641588833612777,1.7828897272149116
1.0,1.0,0.35000000000000003,0.6499999999999999,0.1,1.6134041723120414
1.0,1.0,0.35000000000000003,0.6499999999999999,2.154434690031882,1.8817835507678775
1.0,1.0,0.35000000000000003,0.6499999999999999,46.41588833612773,2.544800776441016
1.0,1.0,0.35000000000000003,0.6499999999999999,1000.0,2.7035422443274273
1.0,1.0,0.4,0.6,9.999999999999999e-06,1.958742189710344
1.0,1.0,0.4,0.6,0.00021544346900318823,1.8695627868384859
1.0,1.0,0.4,0.6,0.004641588833612777,1.7702093677767596
1.0,1.0,0.4,0.6,0.1,1.6098979568554674
1.0,1.0,0.4,0.6,2.154434690031882,1.8714159421758436
1.0,1.0,0.4,0.6,46.41588833612773,2.537178216478627
1.0,1.0,0.4,0.6,1000.0,2.7028443259652897
1.0,1.0,0.45,0.55,9.999999999999999e-06,1.9432040671953563
1.0,1.0,0.45,0.55,0.00021544346900318823,1.8622252505953731
1.0,1.0,0.45,0.55,0.004641588833612777,1.7621190028581797
1.0,1.0,0.45,0.55,0.1,1.6068471757172214
1.0,1.0,0.45,0.55,2.154434690031882,1.863160605723855
1.0,1.0,0.45,0.55,46.41588833612773,2.529889966896615
1.0,1.0,0.45,0.55,1000.0,2.702148582197009
1.0,1.0,0.5,0.5,9.999999999999999e-06,1.9331639939712422
1.0,1.0,0.5,0.5,0.00021544346900318823,1.8569666368313196
1.0,1.0,0.5,0.5,0.004641588833612777,1.7571795258509102
1.0,1.0,0.5,0.5,0.1,1.6042371635043131
1.0,1.0,0.5,0.5,2.154434690031882,1.8560105809097844
1.0,1.0,0.5,0.5,46.41588833612773,2.522913035747605
1.0,1.0,0.5,0.5,1000.0,2.701455002910027
1.0,1.0,0.55,0.44999999999999996,9.999999999999999e-06,1.9252342043623674
1.0,1.0,0.55,0.44999999999999996,0.00021544346900318823,1.8535707148729017
1.0,1.0,0.55,0.44999999999999996,0.004641588833612777,1.7543371792472962
1.0,1.0,0.55,0.44999999999999996,0.1,1.601707985649782
1.0,1.0,0.55,0.44999999999999996,2.154434690031882,1.8509018207129952
1.0,1.0,0.55,0.44999999999999996,46.41588833612773,2.516226648285059
1.0,1.0,0.55,0.44999999999999996,1000.0,2.7007635780569306
1.0,1.0,0.6000000000000001,0.3999999999999999,9.999999999999999e-06,1.92063349284421
1.0,1.0,0.6000000000000001,0.3999999999999999,0.00021544346900318823,1.8522626321859146
1.0,1.0,0.6000000000000001,0.3999999999999999,0.004641588833612777,1.7534939496888877
1.0,1.0,0.6000000000000001,0.3999999999999999,0.1,1.5996040536882132
1.0,1.0,0.6000000000000001,0.3999999999999999,2.154434690031882,1.8472415667824231
1.0,1.0,0.6000000000000001,0.3999999999999999,46.41588833612773,2.5103525580153243
1.0,1.0,0.6000000000000001,0.3999999999999999,1000.0,2.7000742976549366
1.0,1.0,0.65,0.35,9.999999999999999e-06,1.9164862803565694
1.0,1.0,0.65,0.35,0.00021544346900318823,1.8511278325341334
1.0,1.0,0.65,0.35,0.004641588833612777,1.751642725682592
1.0,1.0,0.65,0.35,0.1,1.5983018573255945
1.0,1.0,0.65,0.35,2.154434690031882,1.8442068544133754
1.0,1.0,0.65,0.35,46.41588833612773,2.5050932356585873
1.0,1.0,0.65,0.35,1000.0,2.699387151785359
1.0,1.0,0.7000000000000001,0.29999999999999993,9.999999999999999e-06,1.9097762281229973
1.0,1.0,0.7000000000000001,0.29999999999999993,0.00021544346900318823,1.8519714402174756
1.0,1.0,0.7000000000000001,0.29999999999999993,0.004641588833612777,1.7481923342334704
1.0,1.0,0.7000000000000001,0.29999999999999993,0.1,1.5976732089814798
1.0,1.0,0.7000000000000001,0.29999999999999993,2.154434690031882,1.8421904811883323
1.0,1.0,0.7000000000000001,0.29999999999999993,46.41588833612773,2.5002233488351475
1.0,1.0,0.7000000000000001,0.29999999999999993,1000.0,2.6987021305931087
1.0,1.0,0.75,0.25,9.999999999999999e-06,1.9032980158759734
1.0,1.0,0.75,0.25,0.00021544346900318823,1.852590931920499
1.0,1.0,0.75,0.25,0.004641588833612777,1.7437869161130917
1.0,1.0,0.75,0.25,0.1,1.5988064815355942
1.0,1.0,0.75,0.25,2.154434690031882,1.8407884706260464
1.0,1.0,0.75,0.25,46.41588833612773,2.4955532320624925
1.0,1.0,0.75,0.25,1000.0,2.6980192242861682
1.0,1.0,0.8,0.19999999999999996,9.999999999999999e-06,1.8945031360935265
1.0,1.0,0.8,0.19999999999999996,0.00021544346900318823,1.8519741310182347
1.0,1.0,0.8,0.19999999999999996,0.004641588833612777,1.7396811852453684
1.0,1.0,0.8,0.19999999999999996,0.1,1.6021232282298985
1.0,1.0,0.8,0.19999999999999996,2.154434690031882,1.839768729893816
1.0,1.0,0.8,0.19999999999999996,46.41588833612773,2.491071987762764
1.0,1.0,0.8,0.19999999999999996,1000.0,2.6973384231351
1.0,1.0,0.8500000000000001,0.1499999999999999,9.999999999999999e-06,1.8778443017021296
1.0,1.0,0.8500000000000001,0.1499999999999999,0.00021544346900318823,1.8478269460487824
1.0,1.0,0.8500000000000001,0.1499999999999999,0.004641588833612777,1.739094079875195
1.0,1.0,0.8500000000000001,0.1499999999999999,0.1,1.6102409516697074
1.0,1.0,0.8500000000000001,0.1499999999999999,2.154434690031882,1.840104114289728
1.0,1.0,0.8500000000000001,0.1499999999999999,46.41588833612773,2.4867793545774
1.0,1.0,0.8500000000000001,0.1499999999999999,1000.0,2.696659717472537
1.0,1.0,0.9,0.09999999999999998,9.999999999999999e-06,1.8599727265552346
1.0,1.0,0.9,0.09999999999999998,0.00021544346900318823,1.8479698735291117
1.0,1.0,0.9,0.09999999999999998,0.004641588833612777,1.7454749866691186
1.0,1.0,0.9,0.09999999999999998,0.1,1.6288865999808773
1.0,1.0,0.9,0.09999999999999998,2.154434690031882,1.8429679609305292
1.0,1.0,0.9,0.09999999999999998,46.41588833612773,2.482766464149338
1.0,1.0,0.9,0.09999999999999998,1000.0,2.695983097692692
1.0,1.0,0.9500000000000001,0.04999999999999993,9.999999999999999e-06,1.8592558578702296
1.0,1.0,0.9500000000000001,0.04999999999999993,0.00021544346900318823,1.8552705064010206
1.0,1.0,0.9500000000000001,0.04999999999999993,0.004641588833612777,1.7503935814440923
1.0,1.0,0.9500000000000001,0.04999999999999993,0.1,1.6609388224893027
1.0,1.0,0.9500000000000001,0.04999999999999993,2.154434690031882,1.8464236362683137
1.0,1.0,0.9500000000000001,0.04999999999999993,46.41588833612773,2.478907671788181
1.0,1.0,0.9500000000000001,0.04999999999999993,1000.0,2.6953085542508655
1.0,1.0,1.0,0.0,9.999999999999999e-06,2.078531045203213
1.0,1.0,1.0,0.0,0.00021544346900318823,2.059452686857737
1.0,1.0,1.0,0.0,0.004641588833612777,1.9319243275195825
1.0,1.0,1.0,0.0,0.1,1.6941830993937244
1.0,1.0,1.0,0.0,2.154434690031882,1.853010553396802
1.0,1.0,1.0,0.0,46.41588833612773,2.475195629741873
1.0,1.0,1.0,0.0,1000.0,2.6946360776629588
1.0,2.0,0.0,1.0,9.999999999999999e-06,5.284220739038164
1.0,2.0,0.0,1.0,0.00021544346900318823,3.2471676875193767
1.0,2.0,0.0,1.0,0.004641588833612777,2.0598333046132646
1.0,2.0,0.0,1.0,0.1,1.680273308110939
1.0,2.0,0.0,1.0,2.154434690031882,2.085191946170862
1.0,2.0,0.0,1.0,46.41588833612773,2.6155201494352545
1.0,2.0,0.0,1.0,1000.0,2.7084894248740596
1.0,2.0,0.05,0.95,9.999999999999999e-06,3.2171231885252043
1.0,2.0,0.05,0.95,0.00021544346900318823,2.7414834986932313
1.0,2.0,0.05,0.95,0.004641588833612777,1.992959102943582
1.0,2.0,0.05,0.95,0.1,1.663722517484013
1.0,2.0,0.05,0.95,2.154434690031882,2.068661571299632
1.0,2.0,0.05,0.95,46.41588833612773,2.613327638546974
1.0,2.0,0.05,0.95,1000.0,2.7083976639736416
1.0,2.0,0.1,0.9,9.999999999999999e-06,2.9513374286505774
1.0,2.0,0.1,0.9,0.00021544346900318823,2.5821919157921873
1.0,2.0,0.1,0.9,0.004641588833612777,1.9736592713909458
1.0,2.0,0.1,0.9,0.1,1.6562859705497384
1.0,2.0,0.1,0.9,2.154434690031882,2.0571476114460223
1.0,2.0,0.1,0.9,46.41588833612773,2.6112623325989683
1.0,2.0,0.1,0.9,1000.0,2.708306306055334
1.0,2.0,0.15000000000000002,0.85,9.999999999999999e-06,2.808838026832977
1.0,2.0,0.15000000000000002,0.85,0.00021544346900318823,2.493344534275504
1.0,2.0,0.15000000000000002,0.85,0.004641588833612777,1.9607801672300118
1.0,2.0,0.15000000000000002,0.85,0.1,1.6493745078076238
1.0,2.0,0.15000000000000002,0.85,2.154434690031882,2.0491096942516616
1.0,2.0,0.15000000000000002,0.85,46.41588833612773,2.6093202154177106
1.0,2.0,0.15000000000000002,0.85,1000.0,2.708215350540273
1.0,2.0,0.2,0.8,9.999999999999999e-06,2.7102592391565494
1.0,2.0,0.2,0.8,0.00021544346900318823,2.423564131442199
1.0,2.0,0.2,0.8,0.004641588833612777,1.9454412098688567
1.0,2.0,0.2,0.8,0.1,1.645121676905657
1.0,2.0,0.2,0.8,2.154434690031882,2.042627205045169
1.0,2.0,0.2,0.8,46.41588833612773,2.607515418048942
1.0,2.0,0.2,0.8,1000.0,2.708124796851479
1.0,2.0,0.25,0.75,9.999999999999999e-06,2.6230706949055054
1.0,2.0,0.25,0.75,0.00021544346900318823,2.3667074045658993
1.0,2.0,0.25,0.75,0.004641588833612777,1.9288218012491745
1.0,2.0,0.25,0.75,0.1,1.6409492271535793
1.0,2.0,0.25,0.75,2.154434690031882,2.0387717937426766
1.0,2.0,0.25,0.75,46.41588833612773,2.6059845572433606
1.0,2.0,0.25,0.75,1000.0,2.7080346444138503
1.0,2.0,0.30000000000000004,0.7,9.999999999999999e-06,2.5481658830849336
1.0,2.0,0.30000000000000004,0.7,0.00021544346900318823,2.315008973651629
1.0,2.0,0.30000000000000004,0.7,0.004641588833612777,1.9126215130350412
1.0,2.0,0.30000000000000004,0.7,0.1,1.639385774545261
1.0,2.0,0.30000000000000004,0.7,2.154434690031882,2.0368893915257384
1.0,2.0,0.30000000000000004,0.7,46.41588833612773,2.6046508202301446
1.0,2.0,0.30000000000000004,0.7,1000.0,2.7079448926541554
1.0,2.0,0.35000000000000003,0.6499999999999999,9.999999999999999e-06,2.4800129004014604
1.0,2.0,0.35000000000000003,0.6499999999999999,0.00021544346900318823,2.265393330150382
1.0,2.0,0.35000000000000003,0.6499999999999999,0.004641588833612777,1.8960727292146342
1.0,2.0,0.35000000000000003,0.6499999999999999,0.1,1.637292356300545
1.0,2.0,0.35000000000000003,0.6499999999999999,2.154434690031882,2.036363459299019
1.0,2.0,0.35000000000000003,0.6499999999999999,46.41588833612773,2.6035342146051743
1.0,2.0,0.35000000000000003,0.6499999999999999,1000.0,2.7078555410010297
1.0,2.0,0.4,0.6,9.999999999999999e-06,2.416701032175947
1.0,2.0,0.4,0.6,0.00021544346900318823,2.219647399799546
1.0,2.0,0.4,0.6,0.004641588833612777,1.87895232341284
1.0,2.0,0.4,0.6,0.1,1.6349482169945304
1.0,2.0,0.4,0.6,2.154434690031882,2.036840398756917
1.0,2.0,0.4,0.6,46.41588833612773,2.60261072900425
1.0,2.0,0.4,0.6,1000.0,2.7077665888849674
1.0,2.0,0.45,0.55,9.999999999999999e-06,2.3563820955579455
1.0,2.0,0.45,0.55,0.00021544346900318823,2.1758100614331553
1.0,2.0,0.45,0.55,0.004641588833612777,1.860628026987109
1.0,2.0,0.45,0.55,0.1,1.6331857699589571
1.0,2.0,0.45,0.55,2.154434690031882,2.0382665666676365
1.0,2.0,0.45,0.55,46.41588833612773,2.6018812353936274
1.0,2.0,0.45,0.55,1000.0,2.7076780357383163
1.0,2.0,0.5,0.5,9.999999999999999e-06,2.2979547920175496
1.0,2.0,0.5,0.5,0.00021544346900318823,2.133523544837461
1.0,2.0,0.5,0.5,0.004641588833612777,1.84086542667433
1.0,2.0,0.5,0.5,0.1,1.631115964170934
1.0,2.0,0.5,0.5,2.154434690031882,2.040973857086107
1.0,2.0,0.5,0.5,46.41588833612773,2.6012437683539806
1.0,2.0,0.5,0.5,1000.0,2.707589880995272
1.0,2.0,0.55,0.44999999999999996,9.999999999999999e-06,2.242072627388058
1.0,2.0,0.55,0.44999999999999996,0.00021544346900318823,2.091823324572694
1.0,2.0,0.55,0.44999999999999996,0.004641588833612777,1.823065013438331
1.0,2.0,0.55,0.44999999999999996,0.1,1.6286194956656663
1.0,2.0,0.55,0.44999999999999996,2.154434690031882,2.045462740547582
1.0,2.0,0.55,0.44999999999999996,46.41588833612773,2.6007763169167446
1.0,2.0,0.55,0.44999999999999996,1000.0,2.7075021240918735
1.0,2.0,0.6000000000000001,0.3999999999999999,9.999999999999999e-06,2.187470159397858
1.0,2.0,0.6000000000000001,0.3999999999999999,0.00021544346900318823,2.0529731429526574
1.0,2.0,0.6000000000000001,0.3999999999999999,0.004641588833612777,1.80543092585278
1.0,2.0,0.6000000000000001,0.3999999999999999,0.1,1.627482353771443
1.0,2.0,0.6000000000000001,0.3999999999999999,2.154434690031882,2.0508305024058413
1.0,2.0,0.6000000000000001,0.3999999999999999,46.41588833612773,2.600454098407
1.0,2.0,0.6000000000000001,0.3999999999999999,1000.0,2.7074147644659927
1.0,2.0,0.65,0.35,9.999999999999999e-06,2.134688735505857
1.0,2.0,0.65,0.35,0.00021544346900318823,2.0134188294134456
1.0,2.0,0.65,0.35,0.004641588833612777,1.7907858432493802
1.0,2.0,0.65,0.35,0.1,1.6266031277364041
1.0,2.0,0.65,0.35,2.154434690031882,2.057345192783046
1.0,2.0,0.65,0.35,46.41588833612773,2.6002130279801667
1.0,2.0,0.65,0.35,1000.0,2.7073278015573354
1.0,2.0,0.7000000000000001,0.29999999999999993,9.999999999999999e-06,2.0852442169068297
1.0,2.0,0.7000000000000001,0.29999999999999993,0.00021544346900318823,1.9728909434498696
1.0,2.0,0.7000000000000001,0.29999999999999993,0.004641588833612777,1.7778457025390955
1.0,2.0,0.7000000000000001,0.29999999999999993,0.1,1.6271422619653055
1.0,2.0,0.7000000000000001,0.29999999999999993,2.154434690031882,2.066168806784024
1.0,2.0,0.7000000000000001,0.29999999999999993,46.41588833612773,2.6000514969173274
1.0,2.0,0.7000000000000001,0.29999999999999993,1000.0,2.70724123480743
1.0,2.0,0.75,0.25,9.999999999999999e-06,2.0427068009734906
1.0,2.0,0.75,0.25,0.00021544346900318823,1.937661630431308
1.0,2.0,0.75,0.25,0.004641588833612777,1.7633056383677301
1.0,2.0,0.75,0.25,0.1,1.630166600336647
1.0,2.0,0.75,0.25,2.154434690031882,2.075949985272155
1.0,2.0,0.75,0.25,46.41588833612773,2.5999679942410174
1.0,2.0,0.75,0.25,1000.0,2.7071550636596218
1.0,2.0,0.8,0.19999999999999996,9.999999999999999e-06,2.0027402327802983
1.0,2.0,0.8,0.19999999999999996,0.00021544346900318823,1.9113965539673745
1.0,2.0,0.8,0.19999999999999996,0.004641588833612777,1.7465723176586234
1.0,2.0,0.8,0.19999999999999996,0.1,1.6373791259718415
1.0,2.0,0.8,0.19999999999999996,2.154434690031882,2.0870554930568628
1.0,2.0,0.8,0.19999999999999996,46.41588833612773,2.600302386295623
1.0,2.0,0.8,0.19999999999999996,1000.0,2.7070692875590727
1.0,2.0,0.8500000000000001,0.1499999999999999,9.999999999999999e-06,1.9763561910153062
1.0,2.0,0.8500000000000001,0.1499999999999999,0.00021544346900318823,1.887058784808192
1.0,2.0,0.8500000000000001,0.1499999999999999,0.004641588833612777,1.7318010435078017
1.0,2.0,0.8500000000000001,0.1499999999999999,0.1,1.6474957486221469
1.0,2.0,0.8500000000000001,0.1499999999999999,2.154434690031882,2.100373833491371
1.0,2.0,0.8500000000000001,0.1499999999999999,46.41588833612773,2.6007901955979027
1.0,2.0,0.8500000000000001,0.1499999999999999,1000.0,2.7069839059527503
1.0,2.0,0.9,0.09999999999999998,9.999999999999999e-06,1.9605376153993168
1.0,2.0,0.9,0.09999999999999998,0.00021544346900318823,1.8825354082469947
1.0,2.0,0.9,0.09999999999999998,0.004641588833612777,1.7136532092164996
1.0,2.0,0.9,0.09999999999999998,0.1,1.6646838567249684
1.0,2.0,0.9,0.09999999999999998,2.154434690031882,2.118935145339086
1.0,2.0,0.9,0.09999999999999998,46.41588833612773,2.601354480416477
1.0,2.0,0.9,0.09999999999999998,1000.0,2.706898918289422
1.0,2.0,0.9500000000000001,0.04999999999999993,9.999999999999999e-06,1.9463102006802218
1.0,2.0,0.9500000000000001,0.04999999999999993,0.00021544346900318823,1.8720679924154433
1.0,2.0,0.9500000000000001,0.04999999999999993,0.004641588833612777,1.6844356187018708
1.0,2.0,0.9500000000000001,0.04999999999999993,0.1,1.701392872353392
1.0,2.0,0.9500000000000001,0.04999999999999993,2.154434690031882,2.1433708386936092
1.0,2.0,0.9500000000000001,0.04999999999999993,46.41588833612773,2.6021951988886505
1.0,2.0,0.9500000000000001,0.04999999999999993,1000.0,2.7068143240196543
1.0,2.0,1.0,0.0,9.999999999999999e-06,2.18384873858412
1.0,2.0,1.0,0.0,0.00021544346900318823,2.0967752586768844
1.0,2.0,1.0,0.0,0.004641588833612777,1.850639931362624
1.0,2.0,1.0,0.0,0.1,1.788834431159157
1.0,2.0,1.0,0.0,2.154434690031882,2.1766670359756715
1.0,2.0,1.0,0.0,46.41588833612773,2.603397841518593
1.0,2.0,1.0,0.0,1000.0,2.7067301225958027
2.0,0.5,0.0,1.0,9.999999999999999e-06,6.7859930557325985
2.0,0.5,0.0,1.0,0.00021544346900318823,3.3206448297518487
2.0,0.5,0.0,1.0,0.004641588833612777,1.905604561433167
2.0,0.5,0.0,1.0,0.1,1.8246892859937733
2.0,0.5,0.0,1.0,2.154434690031882,2.3612535783231343
2.0,0.5,0.0,1.0,46.41588833612773,2.6832992672946703
2.0,0.5,0.0,1.0,1000.0,2.712633127701676
2.0,0.5,0.05,0.95,9.999999999999999e-06,1.9396623660156946
2.0,0.5,0.05,0.95,0.00021544346900318823,1.961117339887672
2.0,0.5,0.05,0.95,0.004641588833612777,1.8195105711298258
2.0,0.5,0.05,0.95,0.1,1.6339374287094142
2.0,0.5,0.05,0.95,2.154434690031882,2.173460165520531
2.0,0.5,0.05,0.95,46.41588833612773,2.659267253236893
2.0,0.5,0.05,0.95,1000.0,2.7113671084825177
2.0,0.5,0.1,0.9,9.999999999999999e-06,1.877399169922993
2.0,0.5,0.1,0.9,0.00021544346900318823,1.937038036175471
2.0,0.5,0.1,0.9,0.004641588833612777,1.8291703510501613
2.0,0.5,0.1,0.9,0.1,1.612871249147696
2.0,0.5,0.1,0.9,2.154434690031882,2.064880575819907
2.0,0.5,0.1,0.9,46.41588833612773,2.636363579045044
2.0,0.5,0.1,0.9,1000.0,2.710104229970584
2.0,0.5,0.15000000000000002,0.85,9.999999999999999e-06,1.8463489691550277
2.0,0.5,0.15000000000000002,0.85,0.00021544346900318823,1.9161317497970238
2.0,0.5,0.15000000000000002,0.85,0.004641588833612777,1.8282280736985201
2.0,0.5,0.15000000000000002,0.85,0.1,1.604995950573887
2.0,0.5,0.15000000000000002,0.85,2.154434690031882,1.9904085215225684
2.0,0.5,0.15000000000000002,0.85,46.41588833612773,2.61510554687967
2.0,0.5,0.15000000000000002,0.85,1000.0,2.7088514610834094
2.0,0.5,0.2,0.8,9.999999999999999e-06,1.8300249783971236
2.0,0.5,0.2,0.8,0.00021544346900318823,1.8928890042995037
2.0,0.5,0.2,0.8,0.004641588833612777,1.8207674120234747
2.0,0.5,0.2,0.8,0.1,1.6002708877707315
2.0,0.5,0.2,0.8,2.154434690031882,1.933949383738693
2.0,0.5,0.2,0.8,46.41588833612773,2.5948632342806293
2.0,0.5,0.2,0.8,1000.0,2.7076051421457477
2.0,0.5,0.25,0.75,9.999999999999999e-06,1.8165629859851438
2.0,0.5,0.25,0.75,0.00021544346900318823,1.8711403516229146
2.0,0.5,0.25,0.75,0.004641588833612777,1.8132166017493092
2.0,0.5,0.25,0.75,0.1,1.597713135691781
2.0,0.5,0.25,0.75,2.154434690031882,1.8934622593995436
2.0,0.5,0.25,0.75,46.41588833612773,2.57542752327569
2.0,0.5,0.25,0.75,1000.0,2.7063618663176747
2.0,0.5,0.30000000000000004,0.7,9.999999999999999e-06,1.806873274230612
2.0,0.5,0.30000000000000004,0.7,0.00021544346900318823,1.8532871879973611
2.0,0.5,0.30000000000000004,0.7,0.004641588833612777,1.803038739578287
2.0,0.5,0.30000000000000004,0.7,0.1,1.5964989177689388
2.0,0.5,0.30000000000000004,0.7,2.154434690031882,1.8650884396368748
2.0,0.5,0.30000000000000004,0.7,46.41588833612773,2.5568887520014334
2.0,0.5,0.30000000000000004,0.7,1000.0,2.7051216196617887
2.0,0.5,0.35000000000000003,0.6499999999999999,9.999999999999999e-06,1.797824482301472
2.0,0.5,0.35000000000000003,0.6499999999999999,0.00021544346900318823,1.8350136940510273
2.0,0.5,0.35000000000000003,0.6499999999999999,0.004641588833612777,1.7915624595257906
2.0,0.5,0.35000000000000003,0.6499999999999999,0.1,1.5970479558355724
2.0,0.5,0.35000000000000003,0.6499999999999999,2.154434690031882,1.8415061603460243
2.0,0.5,0.35000000000000003,0.6499999999999999,46.41588833612773,2.539353420353749
2.0,0.5,0.35000000000000003,0.6499999999999999,1000.0,2.703884388333793
2.0,0.5,0.4,0.6,9.999999999999999e-06,1.7898225136729926
2.0,0.5,0.4,0.6,0.00021544346900318823,1.8196825573826958
2.0,0.5,0.4,0.6,0.004641588833612777,1.7823657365131536
2.0,0.5,0.4,0.6,0.1,1.5982466020339463
2.0,0.5,0.4,0.6,2.154434690031882,1.8216840311840237
2.0,0.5,0.4,0.6,46.41588833612773,2.522551361591685
2.0,0.5,0.4,0.6,1000.0,2.702650158581701
2.0,0.5,0.45,0.55,9.999999999999999e-06,1.7828534721995164
2.0,0.5,0.45,0.55,0.00021544346900318823,1.8080410669683538
2.0,0.5,0.45,0.55,0.004641588833612777,1.7724182031762232
2.0,0.5,0.45,0.55,0.1,1.5994483993511244
2.0,0.5,0.45,0.55,2.154434690031882,1.8045317658838547
2.0,0.5,0.45,0.55,46.41588833612773,2.5063963784800625
2.0,0.5,0.45,0.55,1000.0,2.701418916745031
2.0,0.5,0.5,0.5,9.999999999999999e-06,1.7758250602995247
2.0,0.5,0.5,0.5,0.00021544346900318823,1.79557396800549
2.0,0.5,0.5,0.5,0.004641588833612777,1.7621245888896824
2.0,0.5,0.5,0.5,0.1,1.6024833130090161
2.0,0.5,0.5,0.5,2.154434690031882,1.789857685382545
2.0,0.5,0.5,0.5,46.41588833612773,2.490921659375295
2.0,0.5,0.5,0.5,1000.0,2.7001906492540217
2.0,0.5,0.55,0.44999999999999996,9.999999999999999e-06,1.7683239665469457
2.0,0.5,0.55,0.44999999999999996,0.00021544346900318823,1.7831598492161826
2.0,0.5,0.55,0.44999999999999996,0.004641588833612777,1.753417267575904
2.0,0.5,0.55,0.44999999999999996,0.1,1.606234783102328
2.0,0.5,0.55,0.44999999999999996,2.154434690031882,1.7774539421133824
2.0,0.5,0.55,0.44999999999999996,46.41588833612773,2.475951008386751
2.0,0.5,0.55,0.44999999999999996,1000.0,2.698965342628852
2.0,0.5,0.6000000000000001,0.3999999999999999,9.999999999999999e-06,1.7598759538020448
2.0,0.5,0.6000000000000001,0.3999999999999999,0.00021544346900318823,1.7713497193170302
2.0,0.5,0.6000000000000001,0.3999999999999999,0.004641588833612777,1.7459461899588777
2.0,0.5,0.6000000000000001,0.3999999999999999,0.1,1.6110035460994654
2.0,0.5,0.6000000000000001,0.3999999999999999,2.154434690031882,1.7666097542246284
2.0,0.5,0.6000000000000001,0.3999999999999999,46.41588833612773,2.4615745467671326
2.0,0.5,0.6000000000000001,0.3999999999999999,1000.0,2.6977429834788667
2.0,0.5,0.65,0.35,9.999999999999999e-06,1.7527484153018535
2.0,0.5,0.65,0.35,0.00021544346900318823,1.7630782518123695
2.0,0.5,0.65,0.35,0.004641588833612777,1.7413411859285275
2.0,0.5,0.65,0.35,0.1,1.6168873429081043
2.0,0.5,0.65,0.35,2.154434690031882,1.7575560494833753
2.0,0.5,0.65,0.35,46.41588833612773,2.447986872752555
2.0,0.5,0.65,0.35,1000.0,2.6965235585018155
2.0,0.5,0.7000000000000001,0.29999999999999993,9.999999999999999e-06,1.7521473823034854
2.0,0.5,0.7000000000000001,0.29999999999999993,0.00021544346900318823,1.7603144358339917
2.0,0.5,0.7000000000000001,0.29999999999999993,0.004641588833612777,1.7414956601906444
2.0,0.5,0.7000000000000001,0.29999999999999993,0.1,1.6243940048136327
2.0,0.5,0.7000000000000001,0.29999999999999993,2.154434690031882,1.749787010409966
2.0,0.5,0.7000000000000001,0.29999999999999993,46.41588833612773,2.43529387850031
2.0,0.5,0.7000000000000001,0.29999999999999993,1000.0,2.695307054483093
2.0,0.5,0.75,0.25,9.999999999999999e-06,1.757551567468476
2.0,0.5,0.75,0.25,0.00021544346900318823,1.7632308051218106
2.0,0.5,0.75,0.25,0.004641588833612777,1.7446036385308257
2.0,0.5,0.75,0.25,0.1,1.6332641208440284
2.0,0.5,0.75,0.25,2.154434690031882,1.7432599705084202
2.0,0.5,0.75,0.25,46.41588833612773,2.423008004577972
2.0,0.5,0.75,0.25,1000.0,2.6940934582949945
2.0,0.5,0.8,0.19999999999999996,9.999999999999999e-06,1.7660246376652287
2.0,0.5,0.8,0.19999999999999996,0.00021544346900318823,1.7697120837299751
2.0,0.5,0.8,0.19999999999999996,0.004641588833612777,1.7512560533722241
2.0,0.5,0.8,0.19999999999999996,0.1,1.6440217473515992
2.0,0.5,0.8,0.19999999999999996,2.154434690031882,1.7374841976338962
2.0,0.5,0.8,0.19999999999999996,46.41588833612773,2.411050025556798
2.0,0.5,0.8,0.19999999999999996,1000.0,2.6928827568959752
2.0,0.5,0.8500000000000001,0.1499999999999999,9.999999999999999e-06,1.7799788245305974
2.0,0.5,0.8500000000000001,0.1499999999999999,0.00021544346900318823,1.78106857062907
2.0,0.5,0.8500000000000001,0.1499999999999999,0.004641588833612777,1.7610318781318022
2.0,0.5,0.8500000000000001,0.1499999999999999,0.1,1.6579084070737875
2.0,0.5,0.8500000000000001,0.1499999999999999,2.154434690031882,1.7327191131537636
2.0,0.5,0.8500000000000001,0.1499999999999999,46.41588833612773,2.3994036811478665
2.0,0.5,0.8500000000000001,0.1499999999999999,1000.0,2.6916749373299145
2.0,0.5,0.9,0.09999999999999998,9.999999999999999e-06,1.801958566273374
2.0,0.5,0.9,0.09999999999999998,0.00021544346900318823,1.8022189272580875
2.0,0.5,0.9,0.09999999999999998,0.004641588833612777,1.7798664660960197
2.0,0.5,0.9,0.09999999999999998,0.1,1.6753751783856203
2.0,0.5,0.9,0.09999999999999998,2.154434690031882,1.7283862804623777
2.0,0.5,0.9,0.09999999999999998,46.41588833612773,2.388053930377999
2.0,0.5,0.9,0.09999999999999998,1000.0,2.6904699867253923
2.0,0.5,0.9500000000000001,0.04999999999999993,9.999999999999999e-06,1.8377943033323443
2.0,0.5,0.9500000000000001,0.04999999999999993,0.00021544346900318823,1.8362502359922557
2.0,0.5,0.9500000000000001,0.04999999999999993,0.004641588833612777,1.8115868561999102
2.0,0.5,0.9500000000000001,0.04999999999999993,0.1,1.6979866218673656
2.0,0.5,0.9500000000000001,0.04999999999999993,2.154434690031882,1.7243413478641032
2.0,0.5,0.9500000000000001,0.04999999999999993,46.41588833612773,2.3769868292916096
2.0,0.5,0.9500000000000001,0.04999999999999993,1000.0,2.6892678922949727
2.0,0.5,1.0,0.0,9.999999999999999e-06,1.8956582183517257
2.0,0.5,1.0,0.0,0.00021544346900318823,1.8931958213330402
2.0,0.5,1.0,0.0,0.004641588833612777,1.867395340311222
2.0,0.5,1.0,0.0,0.1,1.7276598191131702
2.0,0.5,1.0,0.0,2.154434690031882,1.7205240994568172
2.0,0.5,1.0,0.0,46.41588833612773,2.366189423751769
2.0,0.5,1.0,0.0,1000.0,2.688068641334494
2.0,1.0,0.0,1.0,9.999999999999999e-06,6.7859930557325985
2.0,1.0,0.0,1.0,0.00021544346900318823,3.3206448297518487
2.0,1.0,0.0,1.0,0.004641588833612777,1.905604561433167
2.0,1.0,0.0,1.0,0.1,1.8246892859937733
2.0,1.0,0.0,1.0,2.154434690031882,2.3612535783231343
2.0,1.0,0.0,1.0,46.41588833612773,2.6832992672946703
2.0,1.0,0.0,1.0,1000.0,2.712633127701676
2.0,1.0,0.05,0.95,9.999999999999999e-06,2.1946023688568577
2.0,1.0,0.05,0.95,0.00021544346900318823,2.1368507649138038
2.0,1.0,0.05,0.95,0.004641588833612777,1.8309326950780596
2.0,1.0,0.05,0.95,0.1,1.6807266220765813
2.0,1.0,0.05,0.95,2.154434690031882,2.239454281287467
2.0,1.0,0.05,0.95,46.41588833612773,2.6656916966765216
2.0,1.0,0.05,0.95,1000.0,2.7117026244859983
2.0,1.0,0.1,0.9,9.999999999999999e-06,2.1044512176583243
2.0,1.0,0.1,0.9,0.00021544346900318823,2.071766915229898
2.0,1.0,0.1,0.9,0.004641588833612777,1.8315414094808045
2.0,1.0,0.1,0.9,0.1,1.647915929816355
2.0,1.0,0.1,0.9,2.154434690031882,2.1693313836689914
2.0,1.0,0.1,0.9,46.41588833612773,2.6494843503617385
2.0,1.0,0.1,0.9,1000.0,2.710774763124711
2.0,1.0,0.15000000000000002,0.85,9.999999999999999e-06,2.0896775620231347
2.0,1.0,0.15000000000000002,0.85,0.00021544346900318823,2.066579061987744
2.0,1.0,0.15000000000000002,0.85,0.004641588833612777,1.8316373568896587
2.0,1.0,0.15000000000000002,0.85,0.1,1.6283836649055463
2.0,1.0,0.15000000000000002,0.85,2.154434690031882,2.1186021929331904
2.0,1.0,0.15000000000000002,0.85,46.41588833612773,2.634724062707826
2.0,1.0,0.15000000000000002,0.85,1000.0,2.7098495300827032
2.0,1.0,0.2,0.8,9.999999999999999e-06,2.079087817732362
2.0,1.0,0.2,0.8,0.00021544346900318823,2.0691204243237316
2.0,1.0,0.2,0.8,0.004641588833612777,1.831405011904463
2.0,1.0,0.2,0.8,0.1,1.6141865659424615
2.0,1.0,0.2,0.8,2.154434690031882,2.076891012825936
2.0,1.0,0.2,0.8,46.41588833612773,2.6206942410822354
2.0,1.0,0.2,0.8,1000.0,2.708933979265942
2.0,1.0,0.25,0.75,9.999999999999999e-06,2.0666670242784857
2.0,1.0,0.25,0.75,0.00021544346900318823,2.0695389030832483
2.0,1.0,0.25,0.75,0.004641588833612777,1.8328089529054015
2.0,1.0,0.25,0.75,0.1,1.6055846068966393
2.0,1.0,0.25,0.75,2.154434690031882,2.042425547383391
2.0,1.0,0.25,0.75,46.41588833612773,2.607795587728331
2.0,1.0,0.25,0.75,1000.0,2.708021701969951
2.0,1.0,0.30000000000000004,0.7,9.999999999999999e-06,2.0558569317306117
2.0,1.0,0.30000000000000004,0.7,0.00021544346900318823,2.0674743002103795
2.0,1.0,0.30000000000000004,0.7,0.004641588833612777,1.8381260365860759
2.0,1.0,0.30000000000000004,0.7,0.1,1.599739821871981
2.0,1.0,0.30000000000000004,0.7,2.154434690031882,2.014295408419655
2.0,1.0,0.30000000000000004,0.7,46.41588833612773,2.595822926152476
2.0,1.0,0.30000000000000004,0.7,1000.0,2.70711197141051
2.0,1.0,0.35000000000000003,0.6499999999999999,9.999999999999999e-06,2.0446370352903767
2.0,1.0,0.35000000000000003,0.6499999999999999,0.00021544346900318823,2.067511270201453
2.0,1.0,0.35000000000000003,0.6499999999999999,0.004641588833612777,1.8393710148504852
2.0,1.0,0.35000000000000003,0.6499999999999999,0.1,1.5956484998561589
2.0,1.0,0.35000000000000003,0.6499999999999999,2.154434690031882,1.9905251613918615
2.0,1.0,0.35000000000000003,0.6499999999999999,46.41588833612773,2.584700833627771
2.0,1.0,0.35000000000000003,0.6499999999999999,1000.0,2.706204774670783
2.0,1.0,0.4,0.6,9.999999999999999e-06,2.0342365440153287
2.0,1.0,0.4,0.6,0.00021544346900318823,2.0641476234778984
2.0,1.0,0.4,0.6,0.004641588833612777,1.8417198185128552
2.0,1.0,0.4,0.6,0.1,1.592604595893709
2.0,1.0,0.4,0.6,2.154434690031882,1.9709372814503587
2.0,1.0,0.4,0.6,46.41588833612773,2.573999002837915
2.0,1.0,0.4,0.6,1000.0,2.7053000989237868
2.0,1.0,0.45,0.55,9.999999999999999e-06,2.030118171239021
2.0,1.0,0.45,0.55,0.00021544346900318823,2.0608723301827787
2.0,1.0,0.45,0.55,0.004641588833612777,1.8433631001948727
2.0,1.0,0.45,0.55,0.1,1.5904829636505893
2.0,1.0,0.45,0.55,2.154434690031882,1.9540495444002002
2.0,1.0,0.45,0.55,46.41588833612773,2.5637372464996364
2.0,1.0,0.45,0.55,1000.0,2.704397931431612
2.0,1.0,0.5,0.5,9.999999999999999e-06,2.027068570716306
2.0,1.0,0.5,0.5,0.00021544346900318823,2.054627515988137
2.0,1.0,0.5,0.5,0.004641588833612777,1.8430919546554458
2.0,1.0,0.5,0.5,0.1,1.5906925789904385
2.0,1.0,0.5,0.5,2.154434690031882,1.9394929601942112
2.0,1.0,0.5,0.5,46.41588833612773,2.554046468555151
2.0,1.0,0.5,0.5,1000.0,2.7034982595446406
2.0,1.0,0.55,0.44999999999999996,9.999999999999999e-06,2.023960054975518
2.0,1.0,0.55,0.44999999999999996,0.00021544346900318823,2.0465367794953457
2.0,1.0,0.55,0.44999999999999996,0.004641588833612777,1.8418410584238594
2.0,1.0,0.55,0.44999999999999996,0.1,1.592311584829011
2.0,1.0,0.55,0.44999999999999996,2.154434690031882,1.926364586464131
2.0,1.0,0.55,0.44999999999999996,46.41588833612773,2.544676587687689
2.0,1.0,0.55,0.44999999999999996,1000.0,2.7026010707007884
2.0,1.0,0.6000000000000001,0.3999999999999999,9.999999999999999e-06,2.0169936438395197
2.0,1.0,0.6000000000000001,0.3999999999999999,0.00021544346900318823,2.0356773269644637
2.0,1.0,0.6000000000000001,0.3999999999999999,0.004641588833612777,1.8398246369638693
2.0,1.0,0.6000000000000001,0.3999999999999999,0.1,1.5960056076246012
2.0,1.0,0.6000000000000001,0.3999999999999999,2.154434690031882,1.9145676833285383
2.0,1.0,0.6000000000000001,0.3999999999999999,46.41588833612773,2.5357473074501082
2.0,1.0,0.6000000000000001,0.3999999999999999,1000.0,2.701706352424731
2.0,1.0,0.65,0.35,9.999999999999999e-06,2.0060649566623425
2.0,1.0,0.65,0.35,0.00021544346900318823,2.0234657987288758
2.0,1.0,0.65,0.35,0.004641588833612777,1.83653773115836
2.0,1.0,0.65,0.35,0.1,1.6014565590814014
2.0,1.0,0.65,0.35,2.154434690031882,1.9037722620850615
2.0,1.0,0.65,0.35,46.41588833612773,2.527233604216887
2.0,1.0,0.65,0.35,1000.0,2.7008140923271635
2.0,1.0,0.7000000000000001,0.29999999999999993,9.999999999999999e-06,1.9916085519961855
2.0,1.0,0.7000000000000001,0.29999999999999993,0.00021544346900318823,2.0086915813493436
2.0,1.0,0.7000000000000001,0.29999999999999993,0.004641588833612777,1.829768238054183
2.0,1.0,0.7000000000000001,0.29999999999999993,0.1,1.6085563870117725
2.0,1.0,0.7000000000000001,0.29999999999999993,2.154434690031882,1.8938294213312372
2.0,1.0,0.7000000000000001,0.29999999999999993,46.41588833612773,2.5191292688666396
2.0,1.0,0.7000000000000001,0.29999999999999993,1000.0,2.699924278104051
2.0,1.0,0.75,0.25,9.999999999999999e-06,1.9735608741629067
2.0,1.0,0.75,0.25,0.00021544346900318823,1.989003109256376
2.0,1.0,0.75,0.25,0.004641588833612777,1.8190603165189394
2.0,1.0,0.75,0.25,0.1,1.6172822530879372
2.0,1.0,0.75,0.25,2.154434690031882,1.8849112421873113
2.0,1.0,0.75,0.25,46.41588833612773,2.5112532191160075
2.0,1.0,0.75,0.25,1000.0,2.6990368975358896
2.0,1.0,0.8,0.19999999999999996,9.999999999999999e-06,1.9513189275787624
2.0,1.0,0.8,0.19999999999999996,0.00021544346900318823,1.9662881121198899
2.0,1.0,0.8,0.19999999999999996,0.004641588833612777,1.8043294330223136
2.0,1.0,0.8,0.19999999999999996,0.1,1.628744040126891
2.0,1.0,0.8,0.19999999999999996,2.154434690031882,1.8770972857291568
2.0,1.0,0.8,0.19999999999999996,46.41588833612773,2.503591460901333
2.0,1.0,0.8,0.19999999999999996,1000.0,2.698151938486985
2.0,1.0,0.8500000000000001,0.1499999999999999,9.999999999999999e-06,1.934960211171249
2.0,1.0,0.8500000000000001,0.1499999999999999,0.00021544346900318823,1.9425334025710703
2.0,1.0,0.8500000000000001,0.1499999999999999,0.004641588833612777,1.7875463140637229
2.0,1.0,0.8500000000000001,0.1499999999999999,0.1,1.6435299296490973
2.0,1.0,0.8500000000000001,0.1499999999999999,2.154434690031882,1.8698559874687688
2.0,1.0,0.8500000000000001,0.1499999999999999,46.41588833612773,2.496131245536463
2.0,1.0,0.8500000000000001,0.1499999999999999,1000.0,2.697269388904721
2.0,1.0,0.9,0.09999999999999998,9.999999999999999e-06,1.914681715476275
2.0,1.0,0.9,0.09999999999999998,0.00021544346900318823,1.9206970831034167
2.0,1.0,0.9,0.09999999999999998,0.004641588833612777,1.7756253976213894
2.0,1.0,0.9,0.09999999999999998,0.1,1.6598510644665654
2.0,1.0,0.9,0.09999999999999998,2.154434690031882,1.8633676209929981
2.0,1.0,0.9,0.09999999999999998,46.41588833612773,2.488860930396635
2.0,1.0,0.9,0.09999999999999998,1000.0,2.6963892368188564
2.0,1.0,0.9500000000000001,0.04999999999999993,9.999999999999999e-06,1.9084767005621877
2.0,1.0,0.9500000000000001,0.04999999999999993,0.00021544346900318823,1.9080786909003908
2.0,1.0,0.9500000000000001,0.04999999999999993,0.004641588833612777,1.791873369396511
2.0,1.0,0.9500000000000001,0.04999999999999993,0.1,1.6754480688923277
2.0,1.0,0.9500000000000001,0.04999999999999993,2.154434690031882,1.857697816361121
2.0,1.0,0.9500000000000001,0.04999999999999993,46.41588833612773,2.4819328915677064
2.0,1.0,0.9500000000000001,0.04999999999999993,1000.0,2.6955114703408074
2.0,1.0,1.0,0.0,9.999999999999999e-06,2.078531045203213
2.0,1.0,1.0,0.0,0.00021544346900318823,2.059452686857737
2.0,1.0,1.0,0.0,0.004641588833612777,1.9319243275195825
2.0,1.0,1.0,0.0,0.1,1.6941830993937244
2.0,1.0,1.0,0.0,2.154434690031882,1.853010553396802
2.0,1.0,1.0,0.0,46.41588833612773,2.475195629741873
2.0,1.0,1.0,0.0,1000.0,2.6946360776629588
2.0,2.0,0.0,1.0,9.999999999999999e-06,6.7859930557325985
2.0,2.0,0.0,1.0,0.00021544346900318823,3.3206448297518487
2.0,2.0,0.0,1.0,0.004641588833612777,1.905604561433167
2.0,2.0,0.0,1.0,0.1,1.8246892859937733
2.0,2.0,0.0,1.0,2.154434690031882,2.3612535783231343
2.0,2.0,0.0,1.0,46.41588833612773,2.6832992672946703
2.0,2.0,0.0,1.0,1000.0,2.712633127701676
2.0,2.0,0.05,0.95,9.999999999999999e-06,3.0062572295959775
2.0,2.0,0.05,0.95,0.00021544346900318823,2.5449668853162875
2.0,2.0,0.05,0.95,0.004641588833612777,1.799875486890551
2.0,2.0,0.05,0.95,0.1,1.7400695347474466
2.0,2.0,0.05,0.95,2.154434690031882,2.315754809512577
2.0,2.0,0.05,0.95,46.41588833612773,2.6774434846619592
2.0,2.0,0.05,0.95,1000.0,2.7123334476326866
2.0,2.0,0.1,0.9,9.999999999999999e-06,2.6496693280998977
2.0,2.0,0.1,0.9,0.00021544346900318823,2.363239139345026
2.0,2.0,0.1,0.9,0.004641588833612777,1.8072844544474649
2.0,2.0,0.1,0.9,0.1,1.7070563939831775
2.0,2.0,0.1,0.9,2.154434690031882,2.284830695553875
2.0,2.0,0.1,0.9,46.41588833612773,2.671764189684019
2.0,2.0,0.1,0.9,1000.0,2.7120342055236626
2.0,2.0,0.15000000000000002,0.85,9.999999999999999e-06,2.4729175136566095
2.0,2.0,0.15000000000000002,0.85,0.00021544346900318823,2.271220701411894
2.0,2.0,0.15000000000000002,0.85,0.004641588833612777,1.8152819538439602
2.0,2.0,0.15000000000000002,0.85,0.1,1.6943751112417038
2.0,2.0,0.15000000000000002,0.85,2.154434690031882,2.261727788275189
2.0,2.0,0.15000000000000002,0.85,46.41588833612773,2.666243038466901
2.0,2.0,0.15000000000000002,0.85,1000.0,2.71173540034761
2.0,2.0,0.2,0.8,9.999999999999999e-06,2.3686870097931068
2.0,2.0,0.2,0.8,0.00021544346900318823,2.215652480905214
2.0,2.0,0.2,0.8,0.004641588833612777,1.8204931967750881
2.0,2.0,0.2,0.8,0.1,1.6856658561263573
2.0,2.0,0.2,0.8,2.154434690031882,2.244050029654814
2.0,2.0,0.2,0.8,46.41588833612773,2.6610833098780917
2.0,2.0,0.2,0.8,1000.0,2.711437031080789
2.0,2.0,0.25,0.75,9.999999999999999e-06,2.308951254173687
2.0,2.0,0.25,0.75,0.00021544346900318823,2.174870680225797
2.0,2.0,0.25,0.75,0.004641588833612777,1.8241953551709147
2.0,2.0,0.25,0.75,0.1,1.6787190855978757
2.0,2.0,0.25,0.75,2.154434690031882,2.2293308761846626
2.0,2.0,0.25,0.75,46.41588833612773,2.656341070359157
2.0,2.0,0.25,0.75,1000.0,2.71113909670269
2.0,2.0,0.30000000000000004,0.7,9.999999999999999e-06,2.259707480482062
2.0,2.0,0.30000000000000004,0.7,0.00021544346900318823,2.1401257601906334
2.0,2.0,0.30000000000000004,0.7,0.004641588833612777,1.82619025443214
2.0,2.0,0.30000000000000004,0.7,0.1,1.675804899385591
2.0,2.0,0.30000000000000004,0.7,2.154434690031882,2.2177112880027186
2.0,2.0,0.30000000000000004,0.7,46.41588833612773,2.651720957734566
2.0,2.0,0.30000000000000004,0.7,1000.0,2.7108415961960297
2.0,2.0,0.35000000000000003,0.6499999999999999,9.999999999999999e-06,2.2204764199952542
2.0,2.0,0.35000000000000003,0.6499999999999999,0.00021544346900318823,2.1147190235416806
2.0,2.0,0.35000000000000003,0.6499999999999999,0.004641588833612777,1.8269986684471335
2.0,2.0,0.35000000000000003,0.6499999999999999,0.1,1.6735887199584238
2.0,2.0,0.35000000000000003,0.6499999999999999,2.154434690031882,2.2078811307307076
2.0,2.0,0.35000000000000003,0.6499999999999999,46.41588833612773,2.6472176056538235
2.0,2.0,0.35000000000000003,0.6499999999999999,1000.0,2.7105445285467296
2.0,2.0,0.4,0.6,9.999999999999999e-06,2.188967630193092
2.0,2.0,0.4,0.6,0.00021544346900318823,2.097729330215638
2.0,2.0,0.4,0.6,0.004641588833612777,1.8264401466519269
2.0,2.0,0.4,0.6,0.1,1.672029154529289
2.0,2.0,0.4,0.6,2.154434690031882,2.1991926317289052
2.0,2.0,0.4,0.6,46.41588833612773,2.6428259631055653
2.0,2.0,0.4,0.6,1000.0,2.710247892743915
2.0,2.0,0.45,0.55,9.999999999999999e-06,2.167744027148439
2.0,2.0,0.45,0.55,0.00021544346900318823,2.0824264853844787
2.0,2.0,0.45,0.55,0.004641588833612777,1.8250101637653156
2.0,2.0,0.45,0.55,0.1,1.6708323695824168
2.0,2.0,0.45,0.55,2.154434690031882,2.191569299721496
2.0,2.0,0.45,0.55,46.41588833612773,2.6385412714127545
2.0,2.0,0.45,0.55,1000.0,2.7099516877798893
2.0,2.0,0.5,0.5,9.999999999999999e-06,2.148668088119389
2.0,2.0,0.5,0.5,0.00021544346900318823,2.0744773232499285
2.0,2.0,0.5,0.5,0.004641588833612777,1.8224999423994033
2.0,2.0,0.5,0.5,0.1,1.6706500876821746
2.0,2.0,0.5,0.5,2.154434690031882,2.1851560631585722
2.0,2.0,0.5,0.5,46.41588833612773,2.634657914682778
2.0,2.0,0.5,0.5,1000.0,2.7096559126501303
2.0,2.0,0.55,0.44999999999999996,9.999999999999999e-06,2.133762363257783
2.0,2.0,0.55,0.44999999999999996,0.00021544346900318823,2.0728894431928016
2.0,2.0,0.55,0.44999999999999996,0.004641588833612777,1.8176999796650053
2.0,2.0,0.55,0.44999999999999996,0.1,1.6712579693299743
2.0,2.0,0.55,0.44999999999999996,2.154434690031882,2.180186556397433
2.0,2.0,0.55,0.44999999999999996,46.41588833612773,2.631007988324371
2.0,2.0,0.55,0.44999999999999996,1000.0,2.7093605663532747
2.0,2.0,0.6000000000000001,0.3999999999999999,9.999999999999999e-06,2.124788478030694
2.0,2.0,0.6000000000000001,0.3999999999999999,0.00021544346900318823,2.0736833116064477
2.0,2.0,0.6000000000000001,0.3999999999999999,0.004641588833612777,1.8105899962570615
2.0,2.0,0.6000000000000001,0.3999999999999999,0.1,1.6742973314074008
2.0,2.0,0.6000000000000001,0.3999999999999999,2.154434690031882,2.176862827638492
2.0,2.0,0.6000000000000001,0.3999999999999999,46.41588833612773,2.627441617216958
2.0,2.0,0.6000000000000001,0.3999999999999999,1000.0,2.709065647891107
2.0,2.0,0.65,0.35,9.999999999999999e-06,2.119736349277212
2.0,2.0,0.65,0.35,0.00021544346900318823,2.074505395083035
2.0,2.0,0.65,0.35,0.004641588833612777,1.8012646069179357
2.0,2.0,0.65,0.35,0.1,1.6775765164441778
2.0,2.0,0.65,0.35,2.154434690031882,2.1747481339678467
2.0,2.0,0.65,0.35,46.41588833612773,2.624001811972674
2.0,2.0,0.65,0.35,1000.0,2.7087711562685444
2.0,2.0,0.7000000000000001,0.29999999999999993,9.999999999999999e-06,2.120155247988988
2.0,2.0,0.7000000000000001,0.29999999999999993,0.00021544346900318823,2.0740733415552737
2.0,2.0,0.7000000000000001,0.29999999999999993,0.004641588833612777,1.790274328789491
2.0,2.0,0.7000000000000001,0.29999999999999993,0.1,1.6823818942349806
2.0,2.0,0.7000000000000001,0.29999999999999993,2.154434690031882,2.1730626330702187
2.0,2.0,0.7000000000000001,0.29999999999999993,46.41588833612773,2.620766578789448
2.0,2.0,0.7000000000000001,0.29999999999999993,1000.0,2.7084770904936266
2.0,2.0,0.75,0.25,9.999999999999999e-06,2.1192508408566475
2.0,2.0,0.75,0.25,0.00021544346900318823,2.0706540100487776
2.0,2.0,0.75,0.25,0.004641588833612777,1.7763597410371466
2.0,2.0,0.75,0.25,0.1,1.6899932935706274
2.0,2.0,0.75,0.25,2.154434690031882,2.1723947309724787
2.0,2.0,0.75,0.25,46.41588833612773,2.617599946313276
2.0,2.0,0.75,0.25,1000.0,2.7081839625921402
2.0,2.0,0.8,0.19999999999999996,9.999999999999999e-06,2.1153970184921
2.0,2.0,0.8,0.19999999999999996,0.00021544346900318823,2.06257885564478
2.0,2.0,0.8,0.19999999999999996,0.004641588833612777,1.7586506036150682
2.0,2.0,0.8,0.19999999999999996,0.1,1.700237047800131
2.0,2.0,0.8,0.19999999999999996,2.154434690031882,2.1719326280979145
2.0,2.0,0.8,0.19999999999999996,46.41588833612773,2.6144993029188868
2.0,2.0,0.8,0.19999999999999996,1000.0,2.7078923605703875
2.0,2.0,0.8500000000000001,0.1499999999999999,9.999999999999999e-06,2.104292597497005
2.0,2.0,0.8500000000000001,0.1499999999999999,0.00021544346900318823,2.0427921689767783
2.0,2.0,0.8500000000000001,0.1499999999999999,0.004641588833612777,1.7380098479255852
2.0,2.0,0.8500000000000001,0.1499999999999999,0.1,1.7135689273969261
2.0,2.0,0.8500000000000001,0.1499999999999999,2.154434690031882,2.1717247477916555
2.0,2.0,0.8500000000000001,0.1499999999999999,46.41588833612773,2.61150671255598
2.0,2.0,0.8500000000000001,0.1499999999999999,1000.0,2.707601176525703
2.0,2.0,0.9,0.09999999999999998,9.999999999999999e-06,2.0720109365882964
2.0,2.0,0.9,0.09999999999999998,0.00021544346900318823,2.0082253470065483
2.0,2.0,0.9,0.09999999999999998,0.004641588833612777,1.7091697188371724
2.0,2.0,0.9,0.09999999999999998,0.1,1.7311103422463758
2.0,2.0,0.9,0.09999999999999998,2.154434690031882,2.1728848067514965
2.0,2.0,0.9,0.09999999999999998,46.41588833612773,2.6086786154556307
2.0,2.0,0.9,0.09999999999999998,1000.0,2.70731040949075
2.0,2.0,0.9500000000000001,0.04999999999999993,9.999999999999999e-06,2.020389615493447
2.0,2.0,0.9500000000000001,0.04999999999999993,0.00021544346900318823,1.9450513495810644
2.0,2.0,0.9500000000000001,0.04999999999999993,0.004641588833612777,1.6816761039739176
2.0,2.0,0.9500000000000001,0.04999999999999993,0.1,1.757585428211454
2.0,2.0,0.9500000000000001,0.04999999999999993,2.154434690031882,2.1746545494585092
2.0,2.0,0.9500000000000001,0.04999999999999993,46.41588833612773,2.605906508215238
2.0,2.0,0.9500000000000001,0.04999999999999993,1000.0,2.7070200585012185
2.0,2.0,1.0,0.0,9.999999999999999e-06,2.18384873858412
2.0,2.0,1.0,0.0,0.00021544346900318823,2.0967752586768844
2.0,2.0,1.0,0.0,0.004641588833612777,1.850639931362624
2.0,2.0,1.0,0.0,0.1,1.788834431159157
2.0,2.0,1.0,0.0,2.154434690031882,2.1766670359756715
2.0,2.0,1.0,0.0,46.41588833612773,2.603397841518593
2.0,2.0,1.0,0.0,1000.0,2.7067301225958027
