scale_mult,alpha,cv_MAE,cv_MAE_sd,model,scope
0.25,9.999999999999999e-06,3.1315421413610203,1.1384085205993002,Li_scalar_RBF,outer_fold_1
0.25,0.00021544346900318823,2.6848984277105705,0.8439928014150219,Li_scalar_RBF,outer_fold_1
0.25,0.004641588833612777,2.655531038208805,0.8310696717387862,Li_scalar_RBF,outer_fold_1
0.25,0.1,2.66349029379829,0.8200146114674898,Li_scalar_RBF,outer_fold_1
0.25,2.154434690031882,3.074468416704975,0.8674244224182894,Li_scalar_RBF,outer_fold_1
0.25,46.41588833612773,5.808658253340762,0.8254419880093646,Li_scalar_RBF,outer_fold_1
0.25,1000.0,6.484136327876118,0.7832067331935519,Li_scalar_RBF,outer_fold_1
0.5,9.999999999999999e-06,2.423231506818783,0.9836587294306748,Li_scalar_RBF,outer_fold_1
0.5,0.00021544346900318823,2.1815564787774218,0.6594301827766054,Li_scalar_RBF,outer_fold_1
0.5,0.004641588833612777,2.1713726447862185,0.6592761659112553,Li_scalar_RBF,outer_fold_1
0.5,0.1,2.1975884475004492,0.6266053848351432,Li_scalar_RBF,outer_fold_1
0.5,2.154434690031882,2.238122285083049,0.5072570522269012,Li_scalar_RBF,outer_fold_1
0.5,46.41588833612773,4.207436139278519,0.877435859775052,Li_scalar_RBF,outer_fold_1
0.5,1000.0,6.335965713494598,0.7927220422168909,Li_scalar_RBF,outer_fold_1
1.0,9.999999999999999e-06,3.655276448815538,0.7402361218320467,Li_scalar_RBF,outer_fold_1
1.0,0.00021544346900318823,2.6232227979291207,0.5308161784940229,Li_scalar_RBF,outer_fold_1
1.0,0.004641588833612777,2.130621188468087,0.6729866644487007,Li_scalar_RBF,outer_fold_1
1.0,0.1,2.2168141621335327,0.44980693611436456,Li_scalar_RBF,outer_fold_1
1.0,2.154434690031882,2.1934138913124146,0.28821520019530894,Li_scalar_RBF,outer_fold_1
1.0,46.41588833612773,3.0920426415612092,0.8280549772677683,Li_scalar_RBF,outer_fold_1
1.0,1000.0,6.067747019086047,0.8090167502093518,Li_scalar_RBF,outer_fold_1
2.0,9.999999999999999e-06,2.9947163902656913,0.8247676363006464,Li_scalar_RBF,outer_fold_1
2.0,0.00021544346900318823,2.508237531621497,1.049300240199513,Li_scalar_RBF,outer_fold_1
2.0,0.004641588833612777,2.4061437033883615,0.7225533824291177,Li_scalar_RBF,outer_fold_1
2.0,0.1,2.2139767234762004,0.15209311450184979,Li_scalar_RBF,outer_fold_1
2.0,2.154434690031882,2.3240972987466604,0.40334325528353177,Li_scalar_RBF,outer_fold_1
2.0,46.41588833612773,2.7840776024327942,0.7097653149230055,Li_scalar_RBF,outer_fold_1
2.0,1000.0,5.878199366685556,0.8115559301569396,Li_scalar_RBF,outer_fold_1
4.0,9.999999999999999e-06,2.864519067068283,1.3887517812964218,Li_scalar_RBF,outer_fold_1
4.0,0.00021544346900318823,2.5478242463135943,0.9103006847873978,Li_scalar_RBF,outer_fold_1
4.0,0.004641588833612777,2.2520706099130354,0.20804886704746725,Li_scalar_RBF,outer_fold_1
4.0,0.1,2.2461710628672114,0.27074018667166194,Li_scalar_RBF,outer_fold_1
4.0,2.154434690031882,2.4560792099935944,0.5143926129584022,Li_scalar_RBF,outer_fold_1
4.0,46.41588833612773,2.739676101637774,0.6656165905977738,Li_scalar_RBF,outer_fold_1
4.0,1000.0,5.808745661016519,0.809702339510584,Li_scalar_RBF,outer_fold_1
0.25,9.999999999999999e-06,2.680353445287314,0.9844353113099086,Li_scalar_RBF,outer_fold_2
0.25,0.00021544346900318823,2.670522880103767,0.996354426340476,Li_scalar_RBF,outer_fold_2
0.25,0.004641588833612777,2.627970532285948,0.995611537135006,Li_scalar_RBF,outer_fold_2
0.25,0.1,2.574315198417737,0.9591189051446453,Li_scalar_RBF,outer_fold_2
0.25,2.154434690031882,3.3595979234230016,1.292562196127083,Li_scalar_RBF,outer_fold_2
0.25,46.41588833612773,5.318422545436499,1.5669853426102476,Li_scalar_RBF,outer_fold_2
0.25,1000.0,5.822397185386107,1.4721074449566909,Li_scalar_RBF,outer_fold_2
0.5,9.999999999999999e-06,3.5231709576922468,1.7259180258512323,Li_scalar_RBF,outer_fold_2
0.5,0.00021544346900318823,2.8043113602458596,1.1831153932107332,Li_scalar_RBF,outer_fold_2
0.5,0.004641588833612777,2.0616428059041647,0.6378475011843348,Li_scalar_RBF,outer_fold_2
0.5,0.1,1.71114163263362,0.5451927744185925,Li_scalar_RBF,outer_fold_2
0.5,2.154434690031882,2.0314086575839103,0.6230455954980681,Li_scalar_RBF,outer_fold_2
0.5,46.41588833612773,4.018231109215018,1.7018656539493022,Li_scalar_RBF,outer_fold_2
0.5,1000.0,5.702899403856255,1.493787000794701,Li_scalar_RBF,outer_fold_2
1.0,9.999999999999999e-06,4.736758468819067,3.3936305875112254,Li_scalar_RBF,outer_fold_2
1.0,0.00021544346900318823,2.8159400276786655,1.4404628916743265,Li_scalar_RBF,outer_fold_2
1.0,0.004641588833612777,2.156953333666055,1.0159354902253541,Li_scalar_RBF,outer_fold_2
1.0,0.1,1.747442235715876,0.5523069145347682,Li_scalar_RBF,outer_fold_2
1.0,2.154434690031882,1.9616729031582498,0.3507665877739599,Li_scalar_RBF,outer_fold_2
1.0,46.41588833612773,3.1977265514043705,1.109691139826675,Li_scalar_RBF,outer_fold_2
1.0,1000.0,5.461308414807684,1.5274588174675472,Li_scalar_RBF,outer_fold_2
2.0,9.999999999999999e-06,3.5497901319457057,2.29310685887288,Li_scalar_RBF,outer_fold_2
2.0,0.00021544346900318823,2.878954669641946,1.9276389170942558,Li_scalar_RBF,outer_fold_2
2.0,0.004641588833612777,1.8860549314193575,0.700553823376144,Li_scalar_RBF,outer_fold_2
2.0,0.1,1.7524547629346365,0.4550798537037392,Li_scalar_RBF,outer_fold_2
2.0,2.154434690031882,2.311512379001983,0.236340886587682,Li_scalar_RBF,outer_fold_2
2.0,46.41588833612773,2.9011928695760134,0.8290365846259444,Li_scalar_RBF,outer_fold_2
2.0,1000.0,5.282797027128472,1.5287185718757095,Li_scalar_RBF,outer_fold_2
4.0,9.999999999999999e-06,3.213738028786199,2.405183788747282,Li_scalar_RBF,outer_fold_2
4.0,0.00021544346900318823,2.0094695636936226,0.844312509423384,Li_scalar_RBF,outer_fold_2
4.0,0.004641588833612777,1.7642483143450787,0.4850014282932603,Li_scalar_RBF,outer_fold_2
4.0,0.1,2.0637801167088585,0.3281769068583324,Li_scalar_RBF,outer_fold_2
4.0,2.154434690031882,2.5323395224127054,0.38121973268639436,Li_scalar_RBF,outer_fold_2
4.0,46.41588833612773,2.857027177738349,0.7903513598087798,Li_scalar_RBF,outer_fold_2
4.0,1000.0,5.215254327714479,1.524084526788078,Li_scalar_RBF,outer_fold_2
0.25,9.999999999999999e-06,2.826587614302689,0.7120455932868178,Li_scalar_RBF,outer_fold_3
0.25,0.00021544346900318823,2.7585008603774965,0.6488394960507352,Li_scalar_RBF,outer_fold_3
0.25,0.004641588833612777,2.7309554291019977,0.6420280000000511,Li_scalar_RBF,outer_fold_3
0.25,0.1,2.6349676448646053,0.660596191494698,Li_scalar_RBF,outer_fold_3
0.25,2.154434690031882,3.1595257141088617,1.1027149665892944,Li_scalar_RBF,outer_fold_3
0.25,46.41588833612773,5.351660757303462,1.5161113590247564,Li_scalar_RBF,outer_fold_3
0.25,1000.0,5.919419686216727,1.5287315525395835,Li_scalar_RBF,outer_fold_3
0.5,9.999999999999999e-06,3.5037715379545173,1.7066763574515211,Li_scalar_RBF,outer_fold_3
0.5,0.00021544346900318823,3.015786324118312,1.2021172663810942,Li_scalar_RBF,outer_fold_3
0.5,0.004641588833612777,2.342667684628401,0.6649242158571407,Li_scalar_RBF,outer_fold_3
0.5,0.1,1.825672760533773,0.4000939087844495,Li_scalar_RBF,outer_fold_3
0.5,2.154434690031882,2.042059097889855,0.4930568993528346,Li_scalar_RBF,outer_fold_3
0.5,46.41588833612773,3.984629285872174,1.5142327671516493,Li_scalar_RBF,outer_fold_3
0.5,1000.0,5.799188338102568,1.5332632773529231,Li_scalar_RBF,outer_fold_3
1.0,9.999999999999999e-06,6.189460186044356,5.142596948102828,Li_scalar_RBF,outer_fold_3
1.0,0.00021544346900318823,3.4494104853288627,1.72841593564741,Li_scalar_RBF,outer_fold_3
1.0,0.004641588833612777,2.0531904404305164,0.6824546374431918,Li_scalar_RBF,outer_fold_3
1.0,0.1,1.6703809888386056,0.2385486841878085,Li_scalar_RBF,outer_fold_3
1.0,2.154434690031882,1.991648243795665,0.15122054116865274,Li_scalar_RBF,outer_fold_3
1.0,46.41588833612773,3.0319622974118947,1.0653085195478293,Li_scalar_RBF,outer_fold_3
1.0,1000.0,5.546887210882857,1.5695252851184234,Li_scalar_RBF,outer_fold_3
2.0,9.999999999999999e-06,3.9949383236617413,1.9842664389938052,Li_scalar_RBF,outer_fold_3
2.0,0.00021544346900318823,2.6723738583492347,1.4869540905511036,Li_scalar_RBF,outer_fold_3
2.0,0.004641588833612777,1.7601356986139556,0.33198222859900006,Li_scalar_RBF,outer_fold_3
2.0,0.1,1.8105633903700946,0.14771197066153113,Li_scalar_RBF,outer_fold_3
2.0,2.154434690031882,2.2597765923627158,0.11073022453585113,Li_scalar_RBF,outer_fold_3
2.0,46.41588833612773,2.836350962347072,0.6990500515264098,Li_scalar_RBF,outer_fold_3
2.0,1000.0,5.366747800562148,1.58555363588703,Li_scalar_RBF,outer_fold_3
4.0,9.999999999999999e-06,3.0368151178556264,2.1338335562690176,Li_scalar_RBF,outer_fold_3
4.0,0.00021544346900318823,1.8616981344091945,0.4029810377215976,Li_scalar_RBF,outer_fold_3
4.0,0.004641588833612777,1.7799856409661545,0.15840486821149882,Li_scalar_RBF,outer_fold_3
4.0,0.1,2.0505314175549048,0.14404687473423708,Li_scalar_RBF,outer_fold_3
4.0,2.154434690031882,2.44936810617755,0.3239240057819505,Li_scalar_RBF,outer_fold_3
4.0,46.41588833612773,2.8135227533094342,0.6092214660123448,Li_scalar_RBF,outer_fold_3
4.0,1000.0,5.301828763230238,1.5876730676621644,Li_scalar_RBF,outer_fold_3
0.25,9.999999999999999e-06,3.496107289761473,0.5908514673656298,Li_scalar_RBF,outer_fold_4
0.25,0.00021544346900318823,2.929448385940117,0.23327193879576621,Li_scalar_RBF,outer_fold_4
0.25,0.004641588833612777,2.872422784341037,0.30949308682564514,Li_scalar_RBF,outer_fold_4
0.25,0.1,2.790594291139322,0.39764610762061775,Li_scalar_RBF,outer_fold_4
0.25,2.154434690031882,3.0502080623501544,1.1244096023064014,Li_scalar_RBF,outer_fold_4
0.25,46.41588833612773,5.122079005063065,1.407950994616255,Li_scalar_RBF,outer_fold_4
0.25,1000.0,5.614603795938757,1.3250479467168188,Li_scalar_RBF,outer_fold_4
0.5,9.999999999999999e-06,3.3879457736440814,0.43046273285777864,Li_scalar_RBF,outer_fold_4
0.5,0.00021544346900318823,2.649454620182125,0.3471255344134872,Li_scalar_RBF,outer_fold_4
0.5,0.004641588833612777,2.31072060495886,0.31713122987130676,Li_scalar_RBF,outer_fold_4
0.5,0.1,1.9924418031523967,0.28263360788114145,Li_scalar_RBF,outer_fold_4
0.5,2.154434690031882,2.02784783665912,0.2550046438072899,Li_scalar_RBF,outer_fold_4
0.5,46.41588833612773,3.7578322518943574,1.6165629833328272,Li_scalar_RBF,outer_fold_4
0.5,1000.0,5.493676998946527,1.3509927516911977,Li_scalar_RBF,outer_fold_4
1.0,9.999999999999999e-06,4.713906783676027,1.7591967641549173,Li_scalar_RBF,outer_fold_4
1.0,0.00021544346900318823,3.1690222320089796,0.6631279729395994,Li_scalar_RBF,outer_fold_4
1.0,0.004641588833612777,2.0301201381208807,0.31623236985172953,Li_scalar_RBF,outer_fold_4
1.0,0.1,1.7442259442846055,0.05621475968700406,Li_scalar_RBF,outer_fold_4
1.0,2.154434690031882,1.9789886505705456,0.2645696368343013,Li_scalar_RBF,outer_fold_4
1.0,46.41588833612773,2.9085607091017187,0.877353908895421,Li_scalar_RBF,outer_fold_4
1.0,1000.0,5.256173502445533,1.3831280899731542,Li_scalar_RBF,outer_fold_4
2.0,9.999999999999999e-06,3.645911413631853,1.021781474167638,Li_scalar_RBF,outer_fold_4
2.0,0.00021544346900318823,2.1309736676425253,0.3007504168392673,Li_scalar_RBF,outer_fold_4
2.0,0.004641588833612777,1.7402776810550127,0.07872872392456955,Li_scalar_RBF,outer_fold_4
2.0,0.1,1.8831795154069484,0.1745528201857187,Li_scalar_RBF,outer_fold_4
2.0,2.154434690031882,2.120477518772427,0.3812929877548502,Li_scalar_RBF,outer_fold_4
2.0,46.41588833612773,2.5842271485125385,0.5648398698724958,Li_scalar_RBF,outer_fold_4
2.0,1000.0,5.087564773992344,1.379283660962708,Li_scalar_RBF,outer_fold_4
4.0,9.999999999999999e-06,2.133912416713697,0.3729694671337993,Li_scalar_RBF,outer_fold_4
4.0,0.00021544346900318823,1.7896367330782916,0.12670230095656615,Li_scalar_RBF,outer_fold_4
4.0,0.004641588833612777,1.8793691581603311,0.1375111984633808,Li_scalar_RBF,outer_fold_4
4.0,0.1,1.9699111905851434,0.2873563828797542,Li_scalar_RBF,outer_fold_4
4.0,2.154434690031882,2.235838891967982,0.3998624487008466,Li_scalar_RBF,outer_fold_4
4.0,46.41588833612773,2.5212094008048083,0.5014348675719346,Li_scalar_RBF,outer_fold_4
4.0,1000.0,5.026017619956276,1.3727074728105289,Li_scalar_RBF,outer_fold_4
0.25,9.999999999999999e-06,2.9391638233973443,0.983913681227595,Li_scalar_RBF,outer_fold_5
0.25,0.00021544346900318823,2.6528738796779985,0.7598110016138812,Li_scalar_RBF,outer_fold_5
0.25,0.004641588833612777,2.5311370330757175,0.709537583958489,Li_scalar_RBF,outer_fold_5
0.25,0.1,2.492155232780972,0.7556985578487804,Li_scalar_RBF,outer_fold_5
0.25,2.154434690031882,3.2771754098593413,1.343615122224695,Li_scalar_RBF,outer_fold_5
0.25,46.41588833612773,5.181932919643447,1.6424498225951571,Li_scalar_RBF,outer_fold_5
0.25,1000.0,5.724073744631032,1.4425479244436041,Li_scalar_RBF,outer_fold_5
0.5,9.999999999999999e-06,2.9577343627731496,1.1490041152257784,Li_scalar_RBF,outer_fold_5
0.5,0.00021544346900318823,2.368490405529378,0.6601232460841341,Li_scalar_RBF,outer_fold_5
0.5,0.004641588833612777,1.9359045420382688,0.3159876792470012,Li_scalar_RBF,outer_fold_5
0.5,0.1,1.7502926845017812,0.3868026654948407,Li_scalar_RBF,outer_fold_5
0.5,2.154434690031882,2.106089230353972,0.5255162100609876,Li_scalar_RBF,outer_fold_5
0.5,46.41588833612773,3.941948630911926,1.8035086781206617,Li_scalar_RBF,outer_fold_5
0.5,1000.0,5.606272960742492,1.4717066997356012,Li_scalar_RBF,outer_fold_5
1.0,9.999999999999999e-06,3.5473850364375363,1.8674620799356627,Li_scalar_RBF,outer_fold_5
1.0,0.00021544346900318823,2.1133423077964166,0.3654799638415552,Li_scalar_RBF,outer_fold_5
1.0,0.004641588833612777,1.7441343483959761,0.2140676375582779,Li_scalar_RBF,outer_fold_5
1.0,0.1,1.7488223927634379,0.25070652295252194,Li_scalar_RBF,outer_fold_5
1.0,2.154434690031882,2.166443477035744,0.08337961592089066,Li_scalar_RBF,outer_fold_5
1.0,46.41588833612773,3.139228198230731,0.9867889071904162,Li_scalar_RBF,outer_fold_5
1.0,1000.0,5.368325828570371,1.5032339483985035,Li_scalar_RBF,outer_fold_5
2.0,9.999999999999999e-06,2.534544218320597,0.5802061178972289,Li_scalar_RBF,outer_fold_5
2.0,0.00021544346900318823,2.0627915863716524,0.4002355995887373,Li_scalar_RBF,outer_fold_5
2.0,0.004641588833612777,1.8696446037837704,0.21984061040804695,Li_scalar_RBF,outer_fold_5
2.0,0.1,2.0314268166031177,0.18780875586170104,Li_scalar_RBF,outer_fold_5
2.0,2.154434690031882,2.438724520931241,0.2033311905611757,Li_scalar_RBF,outer_fold_5
2.0,46.41588833612773,2.810635916384862,0.6128743892129515,Li_scalar_RBF,outer_fold_5
2.0,1000.0,5.191422982157538,1.496671772340026,Li_scalar_RBF,outer_fold_5
4.0,9.999999999999999e-06,2.319482849229848,0.571720576170652,Li_scalar_RBF,outer_fold_5
4.0,0.00021544346900318823,2.0092086095192414,0.28269585772404354,Li_scalar_RBF,outer_fold_5
4.0,0.004641588833612777,2.0052223293546376,0.23918525275281838,Li_scalar_RBF,outer_fold_5
4.0,0.1,2.302629790907477,0.10072672036092717,Li_scalar_RBF,outer_fold_5
4.0,2.154434690031882,2.5652262158585364,0.3529828143693857,Li_scalar_RBF,outer_fold_5
4.0,46.41588833612773,2.7623504341718856,0.5378180586815801,Li_scalar_RBF,outer_fold_5
4.0,1000.0,5.125419521096863,1.4882560453822116,Li_scalar_RBF,outer_fold_5
0.25,9.999999999999999e-06,2.820818189600926,0.5476279876484489,Li_scalar_RBF,full_train
0.25,0.00021544346900318823,2.726483899252983,0.4091825176720153,Li_scalar_RBF,full_train
0.25,0.004641588833612777,2.6297508299835943,0.3860925094184251,Li_scalar_RBF,full_train
0.25,0.1,2.471288983580934,0.42149634644026956,Li_scalar_RBF,full_train
0.25,2.154434690031882,2.9376186871398606,1.06498902325643,Li_scalar_RBF,full_train
0.25,46.41588833612773,5.232921896552342,1.499756725694323,Li_scalar_RBF,full_train
0.25,1000.0,5.901977717270858,1.438040690994212,Li_scalar_RBF,full_train
0.5,9.999999999999999e-06,3.2407593275630178,1.045801275473742,Li_scalar_RBF,full_train
0.5,0.00021544346900318823,2.724104769816879,0.6629859827507351,Li_scalar_RBF,full_train
0.5,0.004641588833612777,2.14255794563809,0.3531111630389193,Li_scalar_RBF,full_train
0.5,0.1,1.8189366524412847,0.39366882841223194,Li_scalar_RBF,full_train
0.5,2.154434690031882,1.9298711894249294,0.5257252482806911,Li_scalar_RBF,full_train
0.5,46.41588833612773,3.7630757936257573,1.501367908750131,Li_scalar_RBF,full_train
0.5,1000.0,5.747442550224285,1.4525773085971292,Li_scalar_RBF,full_train
1.0,9.999999999999999e-06,4.37784274532561,1.5604508598916274,Li_scalar_RBF,full_train
1.0,0.00021544346900318823,2.8825258628235244,0.9861600949426071,Li_scalar_RBF,full_train
1.0,0.004641588833612777,1.8846081813517253,0.27943989536937447,Li_scalar_RBF,full_train
1.0,0.1,1.744999591374266,0.4013175747701203,Li_scalar_RBF,full_train
1.0,2.154434690031882,1.946929311624281,0.34033589012900745,Li_scalar_RBF,full_train
1.0,46.41588833612773,2.9469283216881332,0.9264640923899834,Li_scalar_RBF,full_train
1.0,1000.0,5.44737837286354,1.4865077479104187,Li_scalar_RBF,full_train
2.0,9.999999999999999e-06,3.837039179894922,1.85418497684399,Li_scalar_RBF,full_train
2.0,0.00021544346900318823,2.0793569769515954,0.26578463158835075,Li_scalar_RBF,full_train
2.0,0.004641588833612777,1.8709000916447867,0.3239235879116293,Li_scalar_RBF,full_train
2.0,0.1,1.8371889248815587,0.29268519435654416,Li_scalar_RBF,full_train
2.0,2.154434690031882,2.203600385164058,0.2439303502945266,Li_scalar_RBF,full_train
2.0,46.41588833612773,2.7193819115262565,0.6979105531688304,Li_scalar_RBF,full_train
2.0,1000.0,5.232272087791472,1.4981652413153466,Li_scalar_RBF,full_train
4.0,9.999999999999999e-06,2.2727111883272726,0.3795680170917326,Li_scalar_RBF,full_train
4.0,0.00021544346900318823,1.977486705738992,0.3207615963625758,Li_scalar_RBF,full_train
4.0,0.004641588833612777,1.8333474566411496,0.2769427451822399,Li_scalar_RBF,full_train
4.0,0.1,2.0606227970175173,0.1476913423135912,Li_scalar_RBF,full_train
4.0,2.154434690031882,2.381087444562873,0.32377664547454144,Li_scalar_RBF,full_train
4.0,46.41588833612773,2.7019950283824636,0.6496112518422085,Li_scalar_RBF,full_train
4.0,1000.0,5.152756244169805,1.4998866861980882,Li_scalar_RBF,full_train
0.25,9.999999999999999e-06,4.022138100535486,2.0234789599251766,total_scalar_RBF,outer_fold_1
0.25,0.00021544346900318823,3.0513300397210417,1.1910124965315978,total_scalar_RBF,outer_fold_1
0.25,0.004641588833612777,2.9986092625664407,1.1734783926457697,total_scalar_RBF,outer_fold_1
0.25,0.1,3.050259879874929,1.14131464113914,total_scalar_RBF,outer_fold_1
0.25,2.154434690031882,3.7448401849356054,0.9551574275077689,total_scalar_RBF,outer_fold_1
0.25,46.41588833612773,5.8149430554291985,0.813853663827839,total_scalar_RBF,outer_fold_1
0.25,1000.0,6.482792426390473,0.7816805717416869,total_scalar_RBF,outer_fold_1
0.5,9.999999999999999e-06,3.658290968406468,1.8177465267463884,total_scalar_RBF,outer_fold_1
0.5,0.00021544346900318823,2.982935827934992,1.2633098300587062,total_scalar_RBF,outer_fold_1
0.5,0.004641588833612777,2.2745444854732635,0.689430389142719,total_scalar_RBF,outer_fold_1
0.5,0.1,2.162718166502102,0.5806774947411977,total_scalar_RBF,outer_fold_1
0.5,2.154434690031882,2.89223725740008,0.81240619309426,total_scalar_RBF,outer_fold_1
0.5,46.41588833612773,4.3413073655792,0.91476683021132,total_scalar_RBF,outer_fold_1
0.5,1000.0,6.348727814410334,0.7887029520057753,total_scalar_RBF,outer_fold_1
1.0,9.999999999999999e-06,4.435228737382752,1.6726429776076421,total_scalar_RBF,outer_fold_1
1.0,0.00021544346900318823,2.9534339523907045,0.7528360530482996,total_scalar_RBF,outer_fold_1
1.0,0.004641588833612777,2.141890344344125,0.16201454102036297,total_scalar_RBF,outer_fold_1
1.0,0.1,2.2845335390425503,0.6384277684473758,total_scalar_RBF,outer_fold_1
1.0,2.154434690031882,2.8246364054235045,0.5844363550088075,total_scalar_RBF,outer_fold_1
1.0,46.41588833612773,3.245639709570051,0.8192393800136514,total_scalar_RBF,outer_fold_1
1.0,1000.0,6.100506701405973,0.7979277163841841,total_scalar_RBF,outer_fold_1
2.0,9.999999999999999e-06,4.4049379573503025,2.235023064924911,total_scalar_RBF,outer_fold_1
2.0,0.00021544346900318823,2.983682823119589,0.6190759328890519,total_scalar_RBF,outer_fold_1
2.0,0.004641588833612777,2.4447231978576034,0.43348865978279516,total_scalar_RBF,outer_fold_1
2.0,0.1,2.6178713913239924,0.668552165603196,total_scalar_RBF,outer_fold_1
2.0,2.154434690031882,2.6812704730100725,0.49823987282603455,total_scalar_RBF,outer_fold_1
2.0,46.41588833612773,2.878926787468424,0.7171032757151091,total_scalar_RBF,outer_fold_1
2.0,1000.0,5.904516598707292,0.8018642998745945,total_scalar_RBF,outer_fold_1
4.0,9.999999999999999e-06,3.70357401949728,0.9641970360855215,total_scalar_RBF,outer_fold_1
4.0,0.00021544346900318823,2.614663430899198,0.27509847903299706,total_scalar_RBF,outer_fold_1
4.0,0.004641588833612777,2.5948047813752835,0.5120886408631777,total_scalar_RBF,outer_fold_1
4.0,0.1,2.738445388031438,0.5568514992900194,total_scalar_RBF,outer_fold_1
4.0,2.154434690031882,2.6192986535665863,0.5260847071063092,total_scalar_RBF,outer_fold_1
4.0,46.41588833612773,2.758236859173409,0.6740450531857022,total_scalar_RBF,outer_fold_1
4.0,1000.0,5.819180067444947,0.8052116407517554,total_scalar_RBF,outer_fold_1
0.25,9.999999999999999e-06,4.048087323066699,1.794370601014792,total_scalar_RBF,outer_fold_2
0.25,0.00021544346900318823,2.9965762123656168,1.1244891277239542,total_scalar_RBF,outer_fold_2
0.25,0.004641588833612777,2.9427524127017977,1.0423981055358045,total_scalar_RBF,outer_fold_2
0.25,0.1,2.943037568106645,0.9929676648920113,total_scalar_RBF,outer_fold_2
0.25,2.154434690031882,3.3132308985353607,1.134381423366064,total_scalar_RBF,outer_fold_2
0.25,46.41588833612773,5.268316171380468,1.3494489191644816,total_scalar_RBF,outer_fold_2
0.25,1000.0,5.82044139865947,1.4592457750552301,total_scalar_RBF,outer_fold_2
0.5,9.999999999999999e-06,3.8983822225117244,1.8420050744864624,total_scalar_RBF,outer_fold_2
0.5,0.00021544346900318823,2.960304581101092,1.2127709249801957,total_scalar_RBF,outer_fold_2
0.5,0.004641588833612777,2.436564163905427,1.1629491482780814,total_scalar_RBF,outer_fold_2
0.5,0.1,2.2130192961552466,0.8905216304402607,total_scalar_RBF,outer_fold_2
0.5,2.154434690031882,2.6259261979429542,1.0381551331346994,total_scalar_RBF,outer_fold_2
0.5,46.41588833612773,3.997266548673128,1.250013700768295,total_scalar_RBF,outer_fold_2
0.5,1000.0,5.710900048733195,1.450574065292918,total_scalar_RBF,outer_fold_2
1.0,9.999999999999999e-06,3.960432142366883,1.4438515893834165,total_scalar_RBF,outer_fold_2
1.0,0.00021544346900318823,2.7814449563488233,1.459251129241019,total_scalar_RBF,outer_fold_2
1.0,0.004641588833612777,2.257657678886991,1.175139067782377,total_scalar_RBF,outer_fold_2
1.0,0.1,2.1541764634213365,0.9870999981870151,total_scalar_RBF,outer_fold_2
1.0,2.154434690031882,2.7267656074429194,0.8449862142045715,total_scalar_RBF,outer_fold_2
1.0,46.41588833612773,3.000651971637044,1.2818362439962803,total_scalar_RBF,outer_fold_2
1.0,1000.0,5.487439183101771,1.4687191115973308,total_scalar_RBF,outer_fold_2
2.0,9.999999999999999e-06,3.739349789904737,2.005055363194138,total_scalar_RBF,outer_fold_2
2.0,0.00021544346900318823,2.8718236691835153,1.5472837368318253,total_scalar_RBF,outer_fold_2
2.0,0.004641588833612777,2.246017549692181,0.9883258913502657,total_scalar_RBF,outer_fold_2
2.0,0.1,2.565710137607236,0.753661578250428,total_scalar_RBF,outer_fold_2
2.0,2.154434690031882,2.7180658916709466,0.649461168249757,total_scalar_RBF,outer_fold_2
2.0,46.41588833612773,2.863523903215692,0.9577174647403632,total_scalar_RBF,outer_fold_2
2.0,1000.0,5.303369058299469,1.5013164217250163,total_scalar_RBF,outer_fold_2
4.0,9.999999999999999e-06,3.761625696989933,2.721309582495048,total_scalar_RBF,outer_fold_2
4.0,0.00021544346900318823,2.361251276633906,1.1024156157150256,total_scalar_RBF,outer_fold_2
4.0,0.004641588833612777,2.4752678422684546,0.7745396843070742,total_scalar_RBF,outer_fold_2
4.0,0.1,2.589798155840004,0.6254416189209769,total_scalar_RBF,outer_fold_2
4.0,2.154434690031882,2.695174504784971,0.4145122821444229,total_scalar_RBF,outer_fold_2
4.0,46.41588833612773,2.8391820763308737,0.8298542215377195,total_scalar_RBF,outer_fold_2
4.0,1000.0,5.2238571554258755,1.5161372787496967,total_scalar_RBF,outer_fold_2
0.25,9.999999999999999e-06,3.1237519587260025,1.1144019649152732,total_scalar_RBF,outer_fold_3
0.25,0.00021544346900318823,3.075734925706825,1.0772436676725188,total_scalar_RBF,outer_fold_3
0.25,0.004641588833612777,2.9919915434266406,0.9898981165087934,total_scalar_RBF,outer_fold_3
0.25,0.1,2.8566110940628078,0.8797293152789917,total_scalar_RBF,outer_fold_3
0.25,2.154434690031882,3.3086042372048774,0.9287700141212758,total_scalar_RBF,outer_fold_3
0.25,46.41588833612773,5.356155460716547,1.3473921310520969,total_scalar_RBF,outer_fold_3
0.25,1000.0,5.9198625735312165,1.5192996335912567,total_scalar_RBF,outer_fold_3
0.5,9.999999999999999e-06,3.109144127329815,1.2000611202495892,total_scalar_RBF,outer_fold_3
0.5,0.00021544346900318823,2.6645777100796173,0.88185085858628,total_scalar_RBF,outer_fold_3
0.5,0.004641588833612777,2.1531364411913567,0.5964592738192488,total_scalar_RBF,outer_fold_3
0.5,0.1,2.3453843232360185,0.6519493896100549,total_scalar_RBF,outer_fold_3
0.5,2.154434690031882,2.497408845612213,1.026124047044553,total_scalar_RBF,outer_fold_3
0.5,46.41588833612773,4.10958459796508,1.2538200846612113,total_scalar_RBF,outer_fold_3
0.5,1000.0,5.811866220900619,1.5139777591633268,total_scalar_RBF,outer_fold_3
1.0,9.999999999999999e-06,3.7202606329126513,1.6012450587517113,total_scalar_RBF,outer_fold_3
1.0,0.00021544346900318823,2.3375171439991105,0.7145474490478315,total_scalar_RBF,outer_fold_3
1.0,0.004641588833612777,2.0480947907758673,0.610164706217694,total_scalar_RBF,outer_fold_3
1.0,0.1,2.0901341315601094,1.1008454144432605,total_scalar_RBF,outer_fold_3
1.0,2.154434690031882,2.4655159840365535,0.7966884978547207,total_scalar_RBF,outer_fold_3
1.0,46.41588833612773,3.0094634236770825,1.2917558829736155,total_scalar_RBF,outer_fold_3
1.0,1000.0,5.590892132236131,1.5391736104795746,total_scalar_RBF,outer_fold_3
2.0,9.999999999999999e-06,3.211037210761126,1.585717427569298,total_scalar_RBF,outer_fold_3
2.0,0.00021544346900318823,2.443192062974326,0.698635861421203,total_scalar_RBF,outer_fold_3
2.0,0.004641588833612777,2.0458549762766274,1.0426825406435791,total_scalar_RBF,outer_fold_3
2.0,0.1,2.247891542012197,0.9372212867168055,total_scalar_RBF,outer_fold_3
2.0,2.154434690031882,2.3906579048146646,0.3994866080252426,total_scalar_RBF,outer_fold_3
2.0,46.41588833612773,2.8299562277669743,0.857885969380897,total_scalar_RBF,outer_fold_3
2.0,1000.0,5.400447973918343,1.5725554766815817,total_scalar_RBF,outer_fold_3
4.0,9.999999999999999e-06,2.942770808026399,1.4776948934432586,total_scalar_RBF,outer_fold_3
4.0,0.00021544346900318823,2.1351959229812527,1.0162196802898327,total_scalar_RBF,outer_fold_3
4.0,0.004641588833612777,2.1708866993484746,0.8976970630738057,total_scalar_RBF,outer_fold_3
4.0,0.1,2.275783620239537,0.5384161046645348,total_scalar_RBF,outer_fold_3
4.0,2.154434690031882,2.4067139861500926,0.14824146677264993,total_scalar_RBF,outer_fold_3
4.0,46.41588833612773,2.8038892589472795,0.6526153357431527,total_scalar_RBF,outer_fold_3
4.0,1000.0,5.314794068624166,1.5846864671531355,total_scalar_RBF,outer_fold_3
0.25,9.999999999999999e-06,3.320401929435808,1.6530606822029805,total_scalar_RBF,outer_fold_4
0.25,0.00021544346900318823,2.440031541662668,0.6027207914196345,total_scalar_RBF,outer_fold_4
0.25,0.004641588833612777,2.3508662890688425,0.5571092346937476,total_scalar_RBF,outer_fold_4
0.25,0.1,2.3973365624766476,0.5680663038762446,total_scalar_RBF,outer_fold_4
0.25,2.154434690031882,3.097588065688585,0.694859760817458,total_scalar_RBF,outer_fold_4
0.25,46.41588833612773,5.092161155610087,1.145725615187016,total_scalar_RBF,outer_fold_4
0.25,1000.0,5.612415375281268,1.3103377331841248,total_scalar_RBF,outer_fold_4
0.5,9.999999999999999e-06,3.1773620744844937,0.7515402010864521,total_scalar_RBF,outer_fold_4
0.5,0.00021544346900318823,2.4447748292727853,0.6968726186562462,total_scalar_RBF,outer_fold_4
0.5,0.004641588833612777,1.8841445767470903,0.4678893636301933,total_scalar_RBF,outer_fold_4
0.5,0.1,1.6837181448938006,0.5142899008217919,total_scalar_RBF,outer_fold_4
0.5,2.154434690031882,2.1949709349375928,0.5568469177490656,total_scalar_RBF,outer_fold_4
0.5,46.41588833612773,3.8648697426932874,1.1247131094711322,total_scalar_RBF,outer_fold_4
0.5,1000.0,5.505996924981454,1.3075208013772945,total_scalar_RBF,outer_fold_4
1.0,9.999999999999999e-06,4.578487286680325,1.6475330318945147,total_scalar_RBF,outer_fold_4
1.0,0.00021544346900318823,2.6550060274964062,0.9401043482295502,total_scalar_RBF,outer_fold_4
1.0,0.004641588833612777,1.9192641447874075,0.5320808204994317,total_scalar_RBF,outer_fold_4
1.0,0.1,1.7832293779282546,0.4128961417549367,total_scalar_RBF,outer_fold_4
1.0,2.154434690031882,2.3456356894000665,0.28429562772056644,total_scalar_RBF,outer_fold_4
1.0,46.41588833612773,2.788370052181434,1.0465478117481644,total_scalar_RBF,outer_fold_4
1.0,1000.0,5.2903286916979235,1.3323250316475526,total_scalar_RBF,outer_fold_4
2.0,9.999999999999999e-06,3.2827880174307675,1.511444997740204,total_scalar_RBF,outer_fold_4
2.0,0.00021544346900318823,2.348511743413492,0.8236731732976841,total_scalar_RBF,outer_fold_4
2.0,0.004641588833612777,1.9980790801329193,0.4739971194439421,total_scalar_RBF,outer_fold_4
2.0,0.1,2.209960065829277,0.5190846605659022,total_scalar_RBF,outer_fold_4
2.0,2.154434690031882,2.367635510887571,0.30448302872520855,total_scalar_RBF,outer_fold_4
2.0,46.41588833612773,2.575845141482911,0.6546774678099436,total_scalar_RBF,outer_fold_4
2.0,1000.0,5.112490742849909,1.3583136232017012,total_scalar_RBF,outer_fold_4
4.0,9.999999999999999e-06,3.3401439524567644,2.0431565819008912,total_scalar_RBF,outer_fold_4
4.0,0.00021544346900318823,2.3641319770983134,0.9501240639630141,total_scalar_RBF,outer_fold_4
4.0,0.004641588833612777,2.220936057353594,0.5065670509489569,total_scalar_RBF,outer_fold_4
4.0,0.1,2.224112886506984,0.42245086640798823,total_scalar_RBF,outer_fold_4
4.0,2.154434690031882,2.3439948134250157,0.3453958057510148,total_scalar_RBF,outer_fold_4
4.0,46.41588833612773,2.5187516827857355,0.529309316799149,total_scalar_RBF,outer_fold_4
4.0,1000.0,5.036279723848108,1.3673219965175165,total_scalar_RBF,outer_fold_4
0.25,9.999999999999999e-06,3.2620458203155276,1.246901959707754,total_scalar_RBF,outer_fold_5
0.25,0.00021544346900318823,2.8020224720005906,0.9613877726499838,total_scalar_RBF,outer_fold_5
0.25,0.004641588833612777,2.6874363998240427,0.9703676748188591,total_scalar_RBF,outer_fold_5
0.25,0.1,2.654368180200458,1.0135067702521439,total_scalar_RBF,outer_fold_5
0.25,2.154434690031882,3.349806434655446,1.024526324264343,total_scalar_RBF,outer_fold_5
0.25,46.41588833612773,5.321376854226971,1.3940893668809382,total_scalar_RBF,outer_fold_5
0.25,1000.0,5.733703549094862,1.427980517961259,total_scalar_RBF,outer_fold_5
0.5,9.999999999999999e-06,2.8059848639671032,1.0120414592921556,total_scalar_RBF,outer_fold_5
0.5,0.00021544346900318823,2.3309674057830025,0.7649505392798064,total_scalar_RBF,outer_fold_5
0.5,0.004641588833612777,2.0890514024077254,0.8675479627281505,total_scalar_RBF,outer_fold_5
0.5,0.1,2.117640339468677,0.9317892087634103,total_scalar_RBF,outer_fold_5
0.5,2.154434690031882,2.486318166203632,1.2221291785306314,total_scalar_RBF,outer_fold_5
0.5,46.41588833612773,4.107886044576927,1.336884669375316,total_scalar_RBF,outer_fold_5
0.5,1000.0,5.632681727677136,1.4286015617542476,total_scalar_RBF,outer_fold_5
1.0,9.999999999999999e-06,3.764863671553559,1.282048818942431,total_scalar_RBF,outer_fold_5
1.0,0.00021544346900318823,2.4468814808331385,0.8499891206734971,total_scalar_RBF,outer_fold_5
1.0,0.004641588833612777,2.0429998517119503,0.6957937152682957,total_scalar_RBF,outer_fold_5
1.0,0.1,1.9957549426724888,0.7711700571659202,total_scalar_RBF,outer_fold_5
1.0,2.154434690031882,2.447873212361447,0.9018285729474846,total_scalar_RBF,outer_fold_5
1.0,46.41588833612773,2.989468391053285,1.1933025106541295,total_scalar_RBF,outer_fold_5
1.0,1000.0,5.412976157533832,1.4444538869023402,total_scalar_RBF,outer_fold_5
2.0,9.999999999999999e-06,2.851394318771472,1.067538603534335,total_scalar_RBF,outer_fold_5
2.0,0.00021544346900318823,2.2738386258400265,0.7818786598758317,total_scalar_RBF,outer_fold_5
2.0,0.004641588833612777,2.0123357143222935,0.5722977377034546,total_scalar_RBF,outer_fold_5
2.0,0.1,2.3141553989985484,0.6549785225309676,total_scalar_RBF,outer_fold_5
2.0,2.154434690031882,2.4294362226464186,0.6673008903175779,total_scalar_RBF,outer_fold_5
2.0,46.41588833612773,2.7713036494338077,0.7799286270249276,total_scalar_RBF,outer_fold_5
2.0,1000.0,5.222108287581999,1.4668320866104962,total_scalar_RBF,outer_fold_5
4.0,9.999999999999999e-06,2.5520296697592846,0.8893535487695384,total_scalar_RBF,outer_fold_5
4.0,0.00021544346900318823,2.1464860142203848,0.6283554784293257,total_scalar_RBF,outer_fold_5
4.0,0.004641588833612777,2.1568821473895117,0.5764819806819046,total_scalar_RBF,outer_fold_5
4.0,0.1,2.4222846879256457,0.693605723601585,total_scalar_RBF,outer_fold_5
4.0,2.154434690031882,2.4675065167635313,0.5736184728378418,total_scalar_RBF,outer_fold_5
4.0,46.41588833612773,2.737819137831845,0.6186755627897311,total_scalar_RBF,outer_fold_5
4.0,1000.0,5.136539420426035,1.4787414576735443,total_scalar_RBF,outer_fold_5
0.25,9.999999999999999e-06,3.416922082126071,1.387472830709918,total_scalar_RBF,full_train
0.25,0.00021544346900318823,2.6939739302402117,0.5569629900000015,total_scalar_RBF,full_train
0.25,0.004641588833612777,2.624455888369826,0.5511023932789778,total_scalar_RBF,full_train
0.25,0.1,2.6186543170365697,0.4880285912290251,total_scalar_RBF,full_train
0.25,2.154434690031882,3.240395483030942,0.7555617559251492,total_scalar_RBF,full_train
0.25,46.41588833612773,5.22016537632896,1.3357774635645296,total_scalar_RBF,full_train
0.25,1000.0,5.902079896976645,1.4276393021978513,total_scalar_RBF,full_train
0.5,9.999999999999999e-06,3.1331738410441003,1.3325176863201451,total_scalar_RBF,full_train
0.5,0.00021544346900318823,2.553894405296734,1.0169385290086996,total_scalar_RBF,full_train
0.5,0.004641588833612777,2.0413691540024637,0.6533850765922877,total_scalar_RBF,full_train
0.5,0.1,2.012242401107539,0.32221010780002124,total_scalar_RBF,full_train
0.5,2.154434690031882,2.4902714338549767,0.6420251103687808,total_scalar_RBF,full_train
0.5,46.41588833612773,3.835485413939818,1.1847575704896238,total_scalar_RBF,full_train
0.5,1000.0,5.763985716196966,1.4162076329782933,total_scalar_RBF,full_train
1.0,9.999999999999999e-06,3.7331658702824067,1.25236059191472,total_scalar_RBF,full_train
1.0,0.00021544346900318823,2.5229591328199916,0.8784894554526731,total_scalar_RBF,full_train
1.0,0.004641588833612777,2.088725836282541,0.4152121534660037,total_scalar_RBF,full_train
1.0,0.1,1.9220677659939032,0.5308672786982178,total_scalar_RBF,full_train
1.0,2.154434690031882,2.463177652271869,0.5378557418989576,total_scalar_RBF,full_train
1.0,46.41588833612773,2.8684168365281293,1.0675399400822905,total_scalar_RBF,full_train
1.0,1000.0,5.49020994869173,1.4335967825796765,total_scalar_RBF,full_train
2.0,9.999999999999999e-06,3.3579151651493935,1.3282902066969242,total_scalar_RBF,full_train
2.0,0.00021544346900318823,2.6785730898761275,0.529547761779358,total_scalar_RBF,full_train
2.0,0.004641588833612777,2.058641109958632,0.5504750751094354,total_scalar_RBF,full_train
2.0,0.1,2.234734722240359,0.44410525305466697,total_scalar_RBF,full_train
2.0,2.154434690031882,2.4229705514380075,0.3382708882477926,total_scalar_RBF,full_train
2.0,46.41588833612773,2.7122688549722147,0.7837918052038253,total_scalar_RBF,full_train
2.0,1000.0,5.263831734278807,1.4719452952040064,total_scalar_RBF,full_train
4.0,9.999999999999999e-06,3.213201965644709,1.1558688651936389,total_scalar_RBF,full_train
4.0,0.00021544346900318823,2.341144790880972,0.6997826820487726,total_scalar_RBF,full_train
4.0,0.004641588833612777,2.166899913117167,0.4837493575484386,total_scalar_RBF,full_train
4.0,0.1,2.3149726400517707,0.35719241362444765,total_scalar_RBF,full_train
4.0,2.154434690031882,2.447281875952081,0.16894282198219143,total_scalar_RBF,full_train
4.0,46.41588833612773,2.694036008374802,0.6650883397720906,total_scalar_RBF,full_train
4.0,1000.0,5.165155583658952,1.4916096588083347,total_scalar_RBF,full_train
0.25,9.999999999999999e-06,3.5174896725293916,0.9729756762304261,all_scalar_RBF,outer_fold_1
0.25,0.00021544346900318823,3.043555126576522,1.1123479056038186,all_scalar_RBF,outer_fold_1
0.25,0.004641588833612777,3.007114903092713,1.0973048877564937,all_scalar_RBF,outer_fold_1
0.25,0.1,3.037414800519178,1.0802810500267614,all_scalar_RBF,outer_fold_1
0.25,2.154434690031882,3.893321236142813,1.1335808832277767,all_scalar_RBF,outer_fold_1
0.25,46.41588833612773,6.096708694000328,0.8657821726417891,all_scalar_RBF,outer_fold_1
0.25,1000.0,6.500949341603592,0.78529102653535,all_scalar_RBF,outer_fold_1
0.5,9.999999999999999e-06,2.8495716390629937,1.1609449416172746,all_scalar_RBF,outer_fold_1
0.5,0.00021544346900318823,2.5974310379229655,0.9855948973520432,all_scalar_RBF,outer_fold_1
0.5,0.004641588833612777,2.487414994805996,0.9313493919580976,all_scalar_RBF,outer_fold_1
0.5,0.1,2.2584032073064915,0.6684135840846475,all_scalar_RBF,outer_fold_1
0.5,2.154434690031882,2.44110228909844,0.6836093924304192,all_scalar_RBF,outer_fold_1
0.5,46.41588833612773,4.41975008726875,1.0312401583082087,all_scalar_RBF,outer_fold_1
0.5,1000.0,6.361162027198199,0.8036677023197003,all_scalar_RBF,outer_fold_1
1.0,9.999999999999999e-06,3.704535209451343,1.233507948380827,all_scalar_RBF,outer_fold_1
1.0,0.00021544346900318823,3.4099607094337063,1.1763912264534901,all_scalar_RBF,outer_fold_1
1.0,0.004641588833612777,2.4174379325024367,0.7052132949379571,all_scalar_RBF,outer_fold_1
1.0,0.1,2.0872420374538128,0.4007257305816894,all_scalar_RBF,outer_fold_1
1.0,2.154434690031882,2.173616478954603,0.41625989391073714,all_scalar_RBF,outer_fold_1
1.0,46.41588833612773,3.1371697710896624,0.8609119131993359,all_scalar_RBF,outer_fold_1
1.0,1000.0,6.0810864388561665,0.8202890684963602,all_scalar_RBF,outer_fold_1
2.0,9.999999999999999e-06,4.498528567956482,1.845034681654105,all_scalar_RBF,outer_fold_1
2.0,0.00021544346900318823,2.918713713721411,0.9931716410477747,all_scalar_RBF,outer_fold_1
2.0,0.004641588833612777,2.2174975791279214,0.5396683067593097,all_scalar_RBF,outer_fold_1
2.0,0.1,2.1095523820353357,0.448930946501322,all_scalar_RBF,outer_fold_1
2.0,2.154434690031882,2.274455297935266,0.41339299071176094,all_scalar_RBF,outer_fold_1
2.0,46.41588833612773,2.79245003034547,0.6986945705352997,all_scalar_RBF,outer_fold_1
2.0,1000.0,5.884024287726071,0.8142767155799217,all_scalar_RBF,outer_fold_1
4.0,9.999999999999999e-06,3.500547904964344,1.192872553383277,all_scalar_RBF,outer_fold_1
4.0,0.00021544346900318823,2.520786752812658,0.679787405901684,all_scalar_RBF,outer_fold_1
4.0,0.004641588833612777,2.2005266456548056,0.4797967793791059,all_scalar_RBF,outer_fold_1
4.0,0.1,2.194702040638658,0.38781274395816,all_scalar_RBF,outer_fold_1
4.0,2.154434690031882,2.463156774583643,0.5335472217607179,all_scalar_RBF,outer_fold_1
4.0,46.41588833612773,2.7355443685670067,0.6783433345714549,all_scalar_RBF,outer_fold_1
4.0,1000.0,5.810645561872639,0.810063605156206,all_scalar_RBF,outer_fold_1
0.25,9.999999999999999e-06,3.2033687253919902,0.9627121674850299,all_scalar_RBF,outer_fold_2
0.25,0.00021544346900318823,3.1249385344208744,0.9299644901022701,all_scalar_RBF,outer_fold_2
0.25,0.004641588833612777,3.0786033219409625,0.943802102851116,all_scalar_RBF,outer_fold_2
0.25,0.1,3.0635058450839385,1.0605482077295671,all_scalar_RBF,outer_fold_2
0.25,2.154434690031882,3.8377876927544494,1.4234352917442,all_scalar_RBF,outer_fold_2
0.25,46.41588833612773,5.4468855361955475,1.5182744270122592,all_scalar_RBF,outer_fold_2
0.25,1000.0,5.830146647969807,1.4688370048991368,all_scalar_RBF,outer_fold_2
0.5,9.999999999999999e-06,2.224855352359075,0.7886569276415846,all_scalar_RBF,outer_fold_2
0.5,0.00021544346900318823,1.9747778384554509,0.5410597623529778,all_scalar_RBF,outer_fold_2
0.5,0.004641588833612777,1.6786858550341197,0.4197658616679124,all_scalar_RBF,outer_fold_2
0.5,0.1,1.6654632319332807,0.48324240527884005,all_scalar_RBF,outer_fold_2
0.5,2.154434690031882,2.2749982773848565,0.7330574862456508,all_scalar_RBF,outer_fold_2
0.5,46.41588833612773,4.096027059282296,1.6388038792815303,all_scalar_RBF,outer_fold_2
0.5,1000.0,5.711668965996667,1.4818699719154707,all_scalar_RBF,outer_fold_2
1.0,9.999999999999999e-06,2.967287309696059,1.324772746728721,all_scalar_RBF,outer_fold_2
1.0,0.00021544346900318823,2.0600997769107345,0.7238789535146253,all_scalar_RBF,outer_fold_2
1.0,0.004641588833612777,1.8367384741312347,0.7101559290264428,all_scalar_RBF,outer_fold_2
1.0,0.1,1.641985016505887,0.4791474408990115,all_scalar_RBF,outer_fold_2
1.0,2.154434690031882,2.001184330433804,0.35596577173378824,all_scalar_RBF,outer_fold_2
1.0,46.41588833612773,3.1398024397763202,1.1470745592362506,all_scalar_RBF,outer_fold_2
1.0,1000.0,5.464687159793234,1.5108089845198422,all_scalar_RBF,outer_fold_2
2.0,9.999999999999999e-06,3.596986192955905,2.5516706826623636,all_scalar_RBF,outer_fold_2
2.0,0.00021544346900318823,2.157274982633311,0.9702033219554191,all_scalar_RBF,outer_fold_2
2.0,0.004641588833612777,1.7228531718669244,0.4847339503880955,all_scalar_RBF,outer_fold_2
2.0,0.1,1.6492810239588371,0.41067119444426464,all_scalar_RBF,outer_fold_2
2.0,2.154434690031882,2.1847284385754855,0.24695610163251644,all_scalar_RBF,outer_fold_2
2.0,46.41588833612773,2.8821110932773633,0.8533380639408008,all_scalar_RBF,outer_fold_2
2.0,1000.0,5.2849863231191545,1.5208116434690384,all_scalar_RBF,outer_fold_2
4.0,9.999999999999999e-06,2.351987822703355,1.110154309781015,all_scalar_RBF,outer_fold_2
4.0,0.00021544346900318823,1.9312362461445876,0.5981198804892975,all_scalar_RBF,outer_fold_2
4.0,0.004641588833612777,1.613302357237684,0.3946719835187268,all_scalar_RBF,outer_fold_2
4.0,0.1,1.9185708898246001,0.33751316391129865,all_scalar_RBF,outer_fold_2
4.0,2.154434690031882,2.529161249905283,0.3377865414598466,all_scalar_RBF,outer_fold_2
4.0,46.41588833612773,2.8489950391553474,0.7982496486221784,all_scalar_RBF,outer_fold_2
4.0,1000.0,5.216170470326641,1.5217469255211775,all_scalar_RBF,outer_fold_2
0.25,9.999999999999999e-06,3.2520859127129143,0.9439810133809784,all_scalar_RBF,outer_fold_3
0.25,0.00021544346900318823,3.169609808876831,0.891354935837812,all_scalar_RBF,outer_fold_3
0.25,0.004641588833612777,3.1730249215415944,0.9065474751599419,all_scalar_RBF,outer_fold_3
0.25,0.1,3.177413597612264,1.0017042703273453,all_scalar_RBF,outer_fold_3
0.25,2.154434690031882,3.829012954499227,1.3976971624137007,all_scalar_RBF,outer_fold_3
0.25,46.41588833612773,5.548898283358696,1.5240263321026903,all_scalar_RBF,outer_fold_3
0.25,1000.0,5.9311298572319195,1.5291108162974938,all_scalar_RBF,outer_fold_3
0.5,9.999999999999999e-06,2.3914217489648473,0.6296427975865441,all_scalar_RBF,outer_fold_3
0.5,0.00021544346900318823,2.3380708808616273,0.6335252146878136,all_scalar_RBF,outer_fold_3
0.5,0.004641588833612777,2.206736141010295,0.534109141056467,all_scalar_RBF,outer_fold_3
0.5,0.1,2.037221800338961,0.6031302983866144,all_scalar_RBF,outer_fold_3
0.5,2.154434690031882,2.2587979283060737,0.7656629604098364,all_scalar_RBF,outer_fold_3
0.5,46.41588833612773,4.217643934818092,1.5580638499825847,all_scalar_RBF,outer_fold_3
0.5,1000.0,5.818882433451874,1.534428707519875,all_scalar_RBF,outer_fold_3
1.0,9.999999999999999e-06,3.4294536303432865,1.3400903895280565,all_scalar_RBF,outer_fold_3
1.0,0.00021544346900318823,2.634004637917383,0.9189060273541945,all_scalar_RBF,outer_fold_3
1.0,0.004641588833612777,1.9291837107308087,0.5587900213222505,all_scalar_RBF,outer_fold_3
1.0,0.1,1.6743478666300768,0.5306584804920879,all_scalar_RBF,outer_fold_3
1.0,2.154434690031882,1.9328368086888292,0.32533351225575646,all_scalar_RBF,outer_fold_3
1.0,46.41588833612773,3.171530335864689,1.2036808180925056,all_scalar_RBF,outer_fold_3
1.0,1000.0,5.570959627825659,1.5725025375243298,all_scalar_RBF,outer_fold_3
2.0,9.999999999999999e-06,4.146043458779515,2.5434980043325757,all_scalar_RBF,outer_fold_3
2.0,0.00021544346900318823,2.4906941563783933,1.1059151343578035,all_scalar_RBF,outer_fold_3
2.0,0.004641588833612777,1.675268694192312,0.5120246680893742,all_scalar_RBF,outer_fold_3
2.0,0.1,1.6087847302349996,0.4172308918916931,all_scalar_RBF,outer_fold_3
2.0,2.154434690031882,2.0485793364052327,0.08733161493355401,all_scalar_RBF,outer_fold_3
2.0,46.41588833612773,2.8856550768973612,0.7473357282840505,all_scalar_RBF,outer_fold_3
2.0,1000.0,5.3841351983390675,1.5894889078273982,all_scalar_RBF,outer_fold_3
4.0,9.999999999999999e-06,3.190131872563984,1.9282919225063357,all_scalar_RBF,outer_fold_3
4.0,0.00021544346900318823,1.9029728435691613,0.7322350583851833,all_scalar_RBF,outer_fold_3
4.0,0.004641588833612777,1.6648049159427314,0.45054322502500715,all_scalar_RBF,outer_fold_3
4.0,0.1,1.8462755596328133,0.2651035668476273,all_scalar_RBF,outer_fold_3
4.0,2.154434690031882,2.358982332210545,0.26562424901609544,all_scalar_RBF,outer_fold_3
4.0,46.41588833612773,2.815503248147442,0.6163783180545287,all_scalar_RBF,outer_fold_3
4.0,1000.0,5.308114994408085,1.5893461704453267,all_scalar_RBF,outer_fold_3
0.25,9.999999999999999e-06,3.264652158619613,1.3559421673194505,all_scalar_RBF,outer_fold_4
0.25,0.00021544346900318823,2.8269417550787974,1.157445928146893,all_scalar_RBF,outer_fold_4
0.25,0.004641588833612777,2.784932434285541,1.1423830563303292,all_scalar_RBF,outer_fold_4
0.25,0.1,2.814394551170413,1.176261529351072,all_scalar_RBF,outer_fold_4
0.25,2.154434690031882,3.611551921059589,1.3528333810188509,all_scalar_RBF,outer_fold_4
0.25,46.41588833612773,5.298886168257319,1.3444188562134871,all_scalar_RBF,outer_fold_4
0.25,1000.0,5.624745474895538,1.321563232806673,all_scalar_RBF,outer_fold_4
0.5,9.999999999999999e-06,2.537092417081923,0.7099963617784777,all_scalar_RBF,outer_fold_4
0.5,0.00021544346900318823,2.240204773853221,0.5803735635762393,all_scalar_RBF,outer_fold_4
0.5,0.004641588833612777,2.1183708378742536,0.4889532658535973,all_scalar_RBF,outer_fold_4
0.5,0.1,1.8789108438799271,0.4230000316688645,all_scalar_RBF,outer_fold_4
0.5,2.154434690031882,2.1755361048030872,0.3997115161794655,all_scalar_RBF,outer_fold_4
0.5,46.41588833612773,3.9168688319224643,1.5671034434613158,all_scalar_RBF,outer_fold_4
0.5,1000.0,5.510570339683831,1.3414299763103306,all_scalar_RBF,outer_fold_4
1.0,9.999999999999999e-06,3.2245003492817284,0.6938705108295778,all_scalar_RBF,outer_fold_4
1.0,0.00021544346900318823,2.6843626830848524,0.412959413082918,all_scalar_RBF,outer_fold_4
1.0,0.004641588833612777,2.0370885726708448,0.18634083826806364,all_scalar_RBF,outer_fold_4
1.0,0.1,1.7511687426338027,0.12964921631123552,all_scalar_RBF,outer_fold_4
1.0,2.154434690031882,2.0169235368660927,0.21138421466614724,all_scalar_RBF,outer_fold_4
1.0,46.41588833612773,2.8672190120815344,0.9140950638610537,all_scalar_RBF,outer_fold_4
1.0,1000.0,5.264536815626931,1.3707711825696431,all_scalar_RBF,outer_fold_4
2.0,9.999999999999999e-06,3.392449050772753,0.7488060925752908,all_scalar_RBF,outer_fold_4
2.0,0.00021544346900318823,2.487786131444832,0.3590253113114837,all_scalar_RBF,outer_fold_4
2.0,0.004641588833612777,1.8476562844007434,0.07895430730025232,all_scalar_RBF,outer_fold_4
2.0,0.1,1.7779434937044802,0.22208275365637306,all_scalar_RBF,outer_fold_4
2.0,2.154434690031882,2.081615680358233,0.3194493782349056,all_scalar_RBF,outer_fold_4
2.0,46.41588833612773,2.5747007843485923,0.5794369966445415,all_scalar_RBF,outer_fold_4
2.0,1000.0,5.091527515455446,1.374102513746428,all_scalar_RBF,outer_fold_4
4.0,9.999999999999999e-06,2.844402747953601,0.5741905917306056,all_scalar_RBF,outer_fold_4
4.0,0.00021544346900318823,2.03110629716493,0.2355685345856575,all_scalar_RBF,outer_fold_4
4.0,0.004641588833612777,1.8115128763307484,0.10645229496549663,all_scalar_RBF,outer_fold_4
4.0,0.1,1.8946520915801692,0.24841110128424765,all_scalar_RBF,outer_fold_4
4.0,2.154434690031882,2.2435731121072964,0.39770585089592975,all_scalar_RBF,outer_fold_4
4.0,46.41588833612773,2.5174168506932553,0.5048351979745387,all_scalar_RBF,outer_fold_4
4.0,1000.0,5.027608537432692,1.3713421692548289,all_scalar_RBF,outer_fold_4
0.25,9.999999999999999e-06,3.2221439479832914,1.0581862200156475,all_scalar_RBF,outer_fold_5
0.25,0.00021544346900318823,3.187636397213152,1.0660320135217278,all_scalar_RBF,outer_fold_5
0.25,0.004641588833612777,3.1617677282117858,1.0665799725984713,all_scalar_RBF,outer_fold_5
0.25,0.1,3.124046275132005,1.1530723031670598,all_scalar_RBF,outer_fold_5
0.25,2.154434690031882,3.867896118113658,1.482013232504316,all_scalar_RBF,outer_fold_5
0.25,46.41588833612773,5.37405627254751,1.5409118393966665,all_scalar_RBF,outer_fold_5
0.25,1000.0,5.736022791712807,1.4359575020657613,all_scalar_RBF,outer_fold_5
0.5,9.999999999999999e-06,2.579782062543087,0.7885823235534525,all_scalar_RBF,outer_fold_5
0.5,0.00021544346900318823,2.388147436249014,0.689805617705448,all_scalar_RBF,outer_fold_5
0.5,0.004641588833612777,2.0829986768310715,0.5817674889639011,all_scalar_RBF,outer_fold_5
0.5,0.1,1.863051903340787,0.5061810666059946,all_scalar_RBF,outer_fold_5
0.5,2.154434690031882,2.165164143056514,0.6697417806029878,all_scalar_RBF,outer_fold_5
0.5,46.41588833612773,4.089509562943664,1.717414085975884,all_scalar_RBF,outer_fold_5
0.5,1000.0,5.623512876847687,1.4572195874152307,all_scalar_RBF,outer_fold_5
1.0,9.999999999999999e-06,2.8380737561543805,0.9912059159981689,all_scalar_RBF,outer_fold_5
1.0,0.00021544346900318823,2.2035236204310023,0.6878809035677846,all_scalar_RBF,outer_fold_5
1.0,0.004641588833612777,1.6899187824847066,0.4497087962402613,all_scalar_RBF,outer_fold_5
1.0,0.1,1.660955123551686,0.3506711389620422,all_scalar_RBF,outer_fold_5
1.0,2.154434690031882,1.9284117385277022,0.20617506475792122,all_scalar_RBF,outer_fold_5
1.0,46.41588833612773,3.0930361913391202,1.0965109838658584,all_scalar_RBF,outer_fold_5
1.0,1000.0,5.379677517790076,1.485855285649404,all_scalar_RBF,outer_fold_5
2.0,9.999999999999999e-06,2.8536041566703867,0.9432898456559853,all_scalar_RBF,outer_fold_5
2.0,0.00021544346900318823,1.8789657075820143,0.49528936583158645,all_scalar_RBF,outer_fold_5
2.0,0.004641588833612777,1.7450120799905517,0.38852456752283593,all_scalar_RBF,outer_fold_5
2.0,0.1,1.801831197220608,0.2002798069003209,all_scalar_RBF,outer_fold_5
2.0,2.154434690031882,2.1528563962680076,0.16970649396550758,all_scalar_RBF,outer_fold_5
2.0,46.41588833612773,2.773401030041057,0.6623213499723319,all_scalar_RBF,outer_fold_5
2.0,1000.0,5.19752118099795,1.4888163973370738,all_scalar_RBF,outer_fold_5
4.0,9.999999999999999e-06,2.171616890066955,0.5706261121689659,all_scalar_RBF,outer_fold_5
4.0,0.00021544346900318823,1.8551979192734565,0.49120755647759123,all_scalar_RBF,outer_fold_5
4.0,0.004641588833612777,1.7515661900528212,0.2568361297072633,all_scalar_RBF,outer_fold_5
4.0,0.1,1.927476375836917,0.19806621146312192,all_scalar_RBF,outer_fold_5
4.0,2.154434690031882,2.415966916304217,0.36592079189708554,all_scalar_RBF,outer_fold_5
4.0,46.41588833612773,2.7489103073443975,0.5566577175359929,all_scalar_RBF,outer_fold_5
4.0,1000.0,5.127439189682479,1.485933142072423,all_scalar_RBF,outer_fold_5
0.25,9.999999999999999e-06,3.1345143334412926,0.6163188964458772,all_scalar_RBF,full_train
0.25,0.00021544346900318823,3.0875532998237487,0.5922558540336685,all_scalar_RBF,full_train
0.25,0.004641588833612777,3.0678292900644095,0.6049016708073459,all_scalar_RBF,full_train
0.25,0.1,3.002450840293247,0.6849278280001342,all_scalar_RBF,full_train
0.25,2.154434690031882,3.625264575832864,1.0761970032534744,all_scalar_RBF,full_train
0.25,46.41588833612773,5.469211875851079,1.4522615030158805,all_scalar_RBF,full_train
0.25,1000.0,5.916967595944396,1.435397636389671,all_scalar_RBF,full_train
0.5,9.999999999999999e-06,2.55797869241698,0.6852031729873218,all_scalar_RBF,full_train
0.5,0.00021544346900318823,2.3812618166540265,0.6093424472162514,all_scalar_RBF,full_train
0.5,0.004641588833612777,2.1228771028021765,0.5819443873881864,all_scalar_RBF,full_train
0.5,0.1,1.867692285842248,0.4132441848665699,all_scalar_RBF,full_train
0.5,2.154434690031882,2.1085370828635535,0.5553686133776874,all_scalar_RBF,full_train
0.5,46.41588833612773,3.9350310514262006,1.413158503670018,all_scalar_RBF,full_train
0.5,1000.0,5.7695504371476005,1.438928338282093,all_scalar_RBF,full_train
1.0,9.999999999999999e-06,3.3868992294192797,0.6503968148999641,all_scalar_RBF,full_train
1.0,0.00021544346900318823,2.6630753855731792,0.5017906911192972,all_scalar_RBF,full_train
1.0,0.004641588833612777,1.9769255406033892,0.36318168590244665,all_scalar_RBF,full_train
1.0,0.1,1.570783340489989,0.33051834853465173,all_scalar_RBF,full_train
1.0,2.154434690031882,1.8372494403554025,0.33410086652137255,all_scalar_RBF,full_train
1.0,46.41588833612773,2.919891723483505,0.9462036363204259,all_scalar_RBF,full_train
1.0,1000.0,5.460975617254701,1.465941914484602,all_scalar_RBF,full_train
2.0,9.999999999999999e-06,3.617361214249546,0.6620038747563772,all_scalar_RBF,full_train
2.0,0.00021544346900318823,2.5380691602702274,0.4117522669329323,all_scalar_RBF,full_train
2.0,0.004641588833612777,1.6855775430461324,0.31049615595472874,all_scalar_RBF,full_train
2.0,0.1,1.6095004407489113,0.31185727263401963,all_scalar_RBF,full_train
2.0,2.154434690031882,1.9967531378937022,0.2977328968142616,all_scalar_RBF,full_train
2.0,46.41588833612773,2.701291370182794,0.7160147218043437,all_scalar_RBF,full_train
2.0,1000.0,5.239064963941303,1.4882024215357295,all_scalar_RBF,full_train
4.0,9.999999999999999e-06,3.0610961185495382,0.7781293382866779,all_scalar_RBF,full_train
4.0,0.00021544346900318823,1.9528725058719005,0.28221455239551113,all_scalar_RBF,full_train
4.0,0.004641588833612777,1.6203511524379248,0.3201745367324956,all_scalar_RBF,full_train
4.0,0.1,1.8058924928860314,0.21024092950452195,all_scalar_RBF,full_train
4.0,2.154434690031882,2.315942493167045,0.2244840025335658,all_scalar_RBF,full_train
4.0,46.41588833612773,2.6926302874383428,0.6561124021839355,all_scalar_RBF,full_train
4.0,1000.0,5.155074587690325,1.4968279300526244,all_scalar_RBF,full_train
0.25,9.999999999999999e-06,4.9647853735855225,1.0479906578234959,static_plus_Li_scalar_RBF,outer_fold_1
0.25,0.00021544346900318823,4.857307478575651,1.0836464195523408,static_plus_Li_scalar_RBF,outer_fold_1
0.25,0.004641588833612777,4.833031080479363,1.0678202806511614,static_plus_Li_scalar_RBF,outer_fold_1
0.25,0.1,4.808961979880478,0.9752362543499512,static_plus_Li_scalar_RBF,outer_fold_1
0.25,2.154434690031882,5.297724279030347,0.899781887742096,static_plus_Li_scalar_RBF,outer_fold_1
0.25,46.41588833612773,6.33994708191485,0.7949928017201261,static_plus_Li_scalar_RBF,outer_fold_1
0.25,1000.0,6.514168782882563,0.781528188943441,static_plus_Li_scalar_RBF,outer_fold_1
0.5,9.999999999999999e-06,3.5072087822910776,0.8801194427084338,static_plus_Li_scalar_RBF,outer_fold_1
0.5,0.00021544346900318823,2.9768195307477567,0.8190160139977162,static_plus_Li_scalar_RBF,outer_fold_1
0.5,0.004641588833612777,2.6754725696604096,0.6554595709023174,static_plus_Li_scalar_RBF,outer_fold_1
0.5,0.1,2.6316230395263496,0.5586581810612398,static_plus_Li_scalar_RBF,outer_fold_1
0.5,2.154434690031882,3.326239757633008,0.6440523518078339,static_plus_Li_scalar_RBF,outer_fold_1
0.5,46.41588833612773,4.949938361806165,0.8131883093361825,static_plus_Li_scalar_RBF,outer_fold_1
0.5,1000.0,6.401084878735818,0.7875070567341599,static_plus_Li_scalar_RBF,outer_fold_1
1.0,9.999999999999999e-06,3.3400380630186755,1.3153218428530824,static_plus_Li_scalar_RBF,outer_fold_1
1.0,0.00021544346900318823,2.5480520168548666,0.7852647885139173,static_plus_Li_scalar_RBF,outer_fold_1
1.0,0.004641588833612777,2.0884180034611832,0.28370716277570796,static_plus_Li_scalar_RBF,outer_fold_1
1.0,0.1,2.207332655430575,0.2286280258029127,static_plus_Li_scalar_RBF,outer_fold_1
1.0,2.154434690031882,2.7187818101140633,0.4521584372049707,static_plus_Li_scalar_RBF,outer_fold_1
1.0,46.41588833612773,3.536418625513689,0.7411038581249391,static_plus_Li_scalar_RBF,outer_fold_1
1.0,1000.0,6.104894133942926,0.8039932787419585,static_plus_Li_scalar_RBF,outer_fold_1
2.0,9.999999999999999e-06,3.7553601543055826,1.5470188026480045,static_plus_Li_scalar_RBF,outer_fold_1
2.0,0.00021544346900318823,2.4327192899679826,0.29614058314479913,static_plus_Li_scalar_RBF,outer_fold_1
2.0,0.004641588833612777,2.2209974871450027,0.25782357260955996,static_plus_Li_scalar_RBF,outer_fold_1
2.0,0.1,2.182223555429477,0.31629048286174954,static_plus_Li_scalar_RBF,outer_fold_1
2.0,2.154434690031882,2.695842286781077,0.5604697532339297,static_plus_Li_scalar_RBF,outer_fold_1
2.0,46.41588833612773,3.0553043640425392,0.7388672979198184,static_plus_Li_scalar_RBF,outer_fold_1
2.0,1000.0,5.90455749297475,0.8066344146761592,static_plus_Li_scalar_RBF,outer_fold_1
4.0,9.999999999999999e-06,3.1350364167980196,0.7826380525507807,static_plus_Li_scalar_RBF,outer_fold_1
4.0,0.00021544346900318823,2.5341525583356512,0.38715845173693825,static_plus_Li_scalar_RBF,outer_fold_1
4.0,0.004641588833612777,2.2722738985113677,0.18769189187417945,static_plus_Li_scalar_RBF,outer_fold_1
4.0,0.1,2.273582144760745,0.36960484601848004,static_plus_Li_scalar_RBF,outer_fold_1
4.0,2.154434690031882,2.7296647636529823,0.6047716236600028,static_plus_Li_scalar_RBF,outer_fold_1
4.0,46.41588833612773,2.898585356044686,0.6808096269036295,static_plus_Li_scalar_RBF,outer_fold_1
4.0,1000.0,5.828207198309005,0.8043098193790067,static_plus_Li_scalar_RBF,outer_fold_1
0.25,9.999999999999999e-06,4.67115341315551,1.6320076259428886,static_plus_Li_scalar_RBF,outer_fold_2
0.25,0.00021544346900318823,4.466419797354393,1.9203315242242498,static_plus_Li_scalar_RBF,outer_fold_2
0.25,0.004641588833612777,4.426285358246866,1.9382283351842218,static_plus_Li_scalar_RBF,outer_fold_2
0.25,0.1,4.461064713134088,1.9493855746656732,static_plus_Li_scalar_RBF,outer_fold_2
0.25,2.154434690031882,4.8758854948847405,1.922183048448856,static_plus_Li_scalar_RBF,outer_fold_2
0.25,46.41588833612773,5.63337032271092,1.5748625213846563,static_plus_Li_scalar_RBF,outer_fold_2
0.25,1000.0,5.841139346011049,1.472592777798706,static_plus_Li_scalar_RBF,outer_fold_2
0.5,9.999999999999999e-06,3.436084094088664,1.282017012534268,static_plus_Li_scalar_RBF,outer_fold_2
0.5,0.00021544346900318823,2.9141030927168217,1.1285363324987618,static_plus_Li_scalar_RBF,outer_fold_2
0.5,0.004641588833612777,2.7501961972439544,1.0388423357712986,static_plus_Li_scalar_RBF,outer_fold_2
0.5,0.1,2.8162806159054843,0.886225196661362,static_plus_Li_scalar_RBF,outer_fold_2
0.5,2.154434690031882,3.387547491683702,0.9666806052327289,static_plus_Li_scalar_RBF,outer_fold_2
0.5,46.41588833612773,4.4324972957264395,2.0271840871016638,static_plus_Li_scalar_RBF,outer_fold_2
0.5,1000.0,5.733491834792853,1.5178717390946075,static_plus_Li_scalar_RBF,outer_fold_2
1.0,9.999999999999999e-06,3.300530641762289,1.3018107403851003,static_plus_Li_scalar_RBF,outer_fold_2
1.0,0.00021544346900318823,2.504577265811069,0.5815601295398144,static_plus_Li_scalar_RBF,outer_fold_2
1.0,0.004641588833612777,2.2002729924533595,0.701411903452294,static_plus_Li_scalar_RBF,outer_fold_2
1.0,0.1,2.0889221014715162,0.6788166652227121,static_plus_Li_scalar_RBF,outer_fold_2
1.0,2.154434690031882,2.7300562218760307,0.4363048414693988,static_plus_Li_scalar_RBF,outer_fold_2
1.0,46.41588833612773,3.5721433200712305,1.2005387941573833,static_plus_Li_scalar_RBF,outer_fold_2
1.0,1000.0,5.483291266140999,1.5539957685140071,static_plus_Li_scalar_RBF,outer_fold_2
2.0,9.999999999999999e-06,3.61984081248453,1.0763426490214343,static_plus_Li_scalar_RBF,outer_fold_2
2.0,0.00021544346900318823,2.848037642915608,0.636304600227808,static_plus_Li_scalar_RBF,outer_fold_2
2.0,0.004641588833612777,2.2392943537988015,0.7717061514167146,static_plus_Li_scalar_RBF,outer_fold_2
2.0,0.1,2.0520512068836867,0.5764863511263422,static_plus_Li_scalar_RBF,outer_fold_2
2.0,2.154434690031882,2.729842131913282,0.2784122536280092,static_plus_Li_scalar_RBF,outer_fold_2
2.0,46.41588833612773,3.1688127066197644,0.8974590381945664,static_plus_Li_scalar_RBF,outer_fold_2
2.0,1000.0,5.304071105915333,1.547782293505618,static_plus_Li_scalar_RBF,outer_fold_2
4.0,9.999999999999999e-06,4.066802773370326,2.099044624560813,static_plus_Li_scalar_RBF,outer_fold_2
4.0,0.00021544346900318823,2.894672955070313,1.048049131009809,static_plus_Li_scalar_RBF,outer_fold_2
4.0,0.004641588833612777,2.34757275352999,0.8911128450247907,static_plus_Li_scalar_RBF,outer_fold_2
4.0,0.1,2.159617842261609,0.43033830091762015,static_plus_Li_scalar_RBF,outer_fold_2
4.0,2.154434690031882,2.847802334815878,0.3340357912276077,static_plus_Li_scalar_RBF,outer_fold_2
4.0,46.41588833612773,2.981906700185613,0.816478953798707,static_plus_Li_scalar_RBF,outer_fold_2
4.0,1000.0,5.229575078394314,1.5352341311046083,static_plus_Li_scalar_RBF,outer_fold_2
0.25,9.999999999999999e-06,4.820422492303156,1.8431174760139282,static_plus_Li_scalar_RBF,outer_fold_3
0.25,0.00021544346900318823,4.81889179163791,1.8417004759085518,static_plus_Li_scalar_RBF,outer_fold_3
0.25,0.004641588833612777,4.774105225674497,1.8596622505527094,static_plus_Li_scalar_RBF,outer_fold_3
0.25,0.1,4.72864568292605,1.9106792573141977,static_plus_Li_scalar_RBF,outer_fold_3
0.25,2.154434690031882,5.0124762463093395,2.015461878254115,static_plus_Li_scalar_RBF,outer_fold_3
0.25,46.41588833612773,5.7603952094845345,1.6358409622475307,static_plus_Li_scalar_RBF,outer_fold_3
0.25,1000.0,5.942955058744993,1.5356557229145062,static_plus_Li_scalar_RBF,outer_fold_3
0.5,9.999999999999999e-06,3.427461773669023,1.247646551368207,static_plus_Li_scalar_RBF,outer_fold_3
0.5,0.00021544346900318823,3.315295838619184,1.1854077755617145,static_plus_Li_scalar_RBF,outer_fold_3
0.5,0.004641588833612777,2.9020428084419683,1.3089658734097238,static_plus_Li_scalar_RBF,outer_fold_3
0.5,0.1,2.874291140305055,1.2833026373676568,static_plus_Li_scalar_RBF,outer_fold_3
0.5,2.154434690031882,3.429999917383523,1.2075720607130853,static_plus_Li_scalar_RBF,outer_fold_3
0.5,46.41588833612773,4.586862014087458,2.234309283384996,static_plus_Li_scalar_RBF,outer_fold_3
0.5,1000.0,5.843061269781007,1.5889253467868276,static_plus_Li_scalar_RBF,outer_fold_3
1.0,9.999999999999999e-06,3.8408386284330063,1.4669264130601254,static_plus_Li_scalar_RBF,outer_fold_3
1.0,0.00021544346900318823,2.816606324266717,0.8870161614140588,static_plus_Li_scalar_RBF,outer_fold_3
1.0,0.004641588833612777,2.1146631058980736,0.9629581322029991,static_plus_Li_scalar_RBF,outer_fold_3
1.0,0.1,2.1040719676321986,0.9036957765391572,static_plus_Li_scalar_RBF,outer_fold_3
1.0,2.154434690031882,2.8080198094683286,0.5811247619087659,static_plus_Li_scalar_RBF,outer_fold_3
1.0,46.41588833612773,3.7527259006528344,1.4055096053732103,static_plus_Li_scalar_RBF,outer_fold_3
1.0,1000.0,5.598194332157313,1.646998192449847,static_plus_Li_scalar_RBF,outer_fold_3
2.0,9.999999999999999e-06,4.791362256569236,2.4037088511410545,static_plus_Li_scalar_RBF,outer_fold_3
2.0,0.00021544346900318823,3.0224006988429206,1.368132871050113,static_plus_Li_scalar_RBF,outer_fold_3
2.0,0.004641588833612777,2.1137075105902277,1.1025047319667711,static_plus_Li_scalar_RBF,outer_fold_3
2.0,0.1,1.9867219428169904,0.7274970422926613,static_plus_Li_scalar_RBF,outer_fold_3
2.0,2.154434690031882,2.7456257483257853,0.428067464650047,static_plus_Li_scalar_RBF,outer_fold_3
2.0,46.41588833612773,3.307680955566727,1.0013979873441208,static_plus_Li_scalar_RBF,outer_fold_3
2.0,1000.0,5.420703422903136,1.6437692948127256,static_plus_Li_scalar_RBF,outer_fold_3
4.0,9.999999999999999e-06,4.58007803243885,2.616754936118535,static_plus_Li_scalar_RBF,outer_fold_3
4.0,0.00021544346900318823,3.010075885707176,1.9699745700505764,static_plus_Li_scalar_RBF,outer_fold_3
4.0,0.004641588833612777,2.1357726865165283,1.2253626455042201,static_plus_Li_scalar_RBF,outer_fold_3
4.0,0.1,2.1577376442699823,0.5850372142817961,static_plus_Li_scalar_RBF,outer_fold_3
4.0,2.154434690031882,2.847869114034447,0.4178712535065319,static_plus_Li_scalar_RBF,outer_fold_3
4.0,46.41588833612773,3.1121865399811943,0.8251107598804702,static_plus_Li_scalar_RBF,outer_fold_3
4.0,1000.0,5.344708296871314,1.6267301015483464,static_plus_Li_scalar_RBF,outer_fold_3
0.25,9.999999999999999e-06,4.416198828303726,1.7185474161470713,static_plus_Li_scalar_RBF,outer_fold_4
0.25,0.00021544346900318823,4.236301617909037,1.8570023401793438,static_plus_Li_scalar_RBF,outer_fold_4
0.25,0.004641588833612777,4.219518741433925,1.8708476751884122,static_plus_Li_scalar_RBF,outer_fold_4
0.25,0.1,4.194466126924703,1.848081831464892,static_plus_Li_scalar_RBF,outer_fold_4
0.25,2.154434690031882,4.603418310093962,1.8147085878879625,static_plus_Li_scalar_RBF,outer_fold_4
0.25,46.41588833612773,5.477013067694282,1.3921751240259554,static_plus_Li_scalar_RBF,outer_fold_4
0.25,1000.0,5.634693306639056,1.3240925049496208,static_plus_Li_scalar_RBF,outer_fold_4
0.5,9.999999999999999e-06,3.2378477393075693,1.4170785568674582,static_plus_Li_scalar_RBF,outer_fold_4
0.5,0.00021544346900318823,2.7154544821535422,0.9996248352650002,static_plus_Li_scalar_RBF,outer_fold_4
0.5,0.004641588833612777,2.5516368374677887,0.8129799130964153,static_plus_Li_scalar_RBF,outer_fold_4
0.5,0.1,2.5444532644376525,0.7147912697079536,static_plus_Li_scalar_RBF,outer_fold_4
0.5,2.154434690031882,3.1536995507043915,0.5247816235134711,static_plus_Li_scalar_RBF,outer_fold_4
0.5,46.41588833612773,4.22660713794586,1.9494886869336756,static_plus_Li_scalar_RBF,outer_fold_4
0.5,1000.0,5.5353250885163385,1.3684566934073268,static_plus_Li_scalar_RBF,outer_fold_4
1.0,9.999999999999999e-06,3.1867732538997773,1.6429262190941754,static_plus_Li_scalar_RBF,outer_fold_4
1.0,0.00021544346900318823,2.1155307691994,1.0076807162097694,static_plus_Li_scalar_RBF,outer_fold_4
1.0,0.004641588833612777,1.7423786694878145,0.6207939479789649,static_plus_Li_scalar_RBF,outer_fold_4
1.0,0.1,1.721271183137298,0.3880078655607928,static_plus_Li_scalar_RBF,outer_fold_4
1.0,2.154434690031882,2.463842346367327,0.09582090056053669,static_plus_Li_scalar_RBF,outer_fold_4
1.0,46.41588833612773,3.1682303244894494,1.0211894599499838,static_plus_Li_scalar_RBF,outer_fold_4
1.0,1000.0,5.277927192947917,1.4040336624630712,static_plus_Li_scalar_RBF,outer_fold_4
2.0,9.999999999999999e-06,3.0661807469797977,1.4529326013862256,static_plus_Li_scalar_RBF,outer_fold_4
2.0,0.00021544346900318823,2.2101336330425134,0.9767815010934867,static_plus_Li_scalar_RBF,outer_fold_4
2.0,0.004641588833612777,1.7710557364050312,0.6845136512045287,static_plus_Li_scalar_RBF,outer_fold_4
2.0,0.1,1.7533895304582532,0.23954500979829815,static_plus_Li_scalar_RBF,outer_fold_4
2.0,2.154434690031882,2.38301718697432,0.27357610138419,static_plus_Li_scalar_RBF,outer_fold_4
2.0,46.41588833612773,2.7406369980431142,0.6654311568552623,static_plus_Li_scalar_RBF,outer_fold_4
2.0,1000.0,5.100592124587326,1.3926877521897965,static_plus_Li_scalar_RBF,outer_fold_4
4.0,9.999999999999999e-06,2.964938950679337,1.2218518213830096,static_plus_Li_scalar_RBF,outer_fold_4
4.0,0.00021544346900318823,2.2904850058338138,1.0356466046933648,static_plus_Li_scalar_RBF,outer_fold_4
4.0,0.004641588833612777,1.8544938930113792,0.5417850104610055,static_plus_Li_scalar_RBF,outer_fold_4
4.0,0.1,1.9265497103078209,0.10876207263620756,static_plus_Li_scalar_RBF,outer_fold_4
4.0,2.154434690031882,2.4166544964069754,0.3737112712459048,static_plus_Li_scalar_RBF,outer_fold_4
4.0,46.41588833612773,2.595029762521166,0.5559165509779448,static_plus_Li_scalar_RBF,outer_fold_4
4.0,1000.0,5.034969597874833,1.3807141696365592,static_plus_Li_scalar_RBF,outer_fold_4
0.25,9.999999999999999e-06,4.381008981695466,1.6568788076100758,static_plus_Li_scalar_RBF,outer_fold_5
0.25,0.00021544346900318823,4.3572851042419884,1.662741910064736,static_plus_Li_scalar_RBF,outer_fold_5
0.25,0.004641588833612777,4.389037600787648,1.6206139170648417,static_plus_Li_scalar_RBF,outer_fold_5
0.25,0.1,4.461955323658867,1.5856103510004642,static_plus_Li_scalar_RBF,outer_fold_5
0.25,2.154434690031882,4.790107078850585,1.96944772017459,static_plus_Li_scalar_RBF,outer_fold_5
0.25,46.41588833612773,5.577864922163598,1.5586502540191933,static_plus_Li_scalar_RBF,outer_fold_5
0.25,1000.0,5.748039949250005,1.4368549799825878,static_plus_Li_scalar_RBF,outer_fold_5
0.5,9.999999999999999e-06,2.837755861534543,0.75533699436453,static_plus_Li_scalar_RBF,outer_fold_5
0.5,0.00021544346900318823,2.653307301311752,0.6984765096506554,static_plus_Li_scalar_RBF,outer_fold_5
0.5,0.004641588833612777,2.5928010872685,0.589899157525462,static_plus_Li_scalar_RBF,outer_fold_5
0.5,0.1,2.68555731480846,0.5819570693294509,static_plus_Li_scalar_RBF,outer_fold_5
0.5,2.154434690031882,3.220660216148349,0.5100396584526133,static_plus_Li_scalar_RBF,outer_fold_5
0.5,46.41588833612773,4.471064341480186,1.9692945772885901,static_plus_Li_scalar_RBF,outer_fold_5
0.5,1000.0,5.651622484834153,1.4809463038200652,static_plus_Li_scalar_RBF,outer_fold_5
1.0,9.999999999999999e-06,3.367636625343552,0.5339947334363111,static_plus_Li_scalar_RBF,outer_fold_5
1.0,0.00021544346900318823,2.4001398263687648,0.3829264683165199,static_plus_Li_scalar_RBF,outer_fold_5
1.0,0.004641588833612777,2.0982302348203703,0.3003984230631324,static_plus_Li_scalar_RBF,outer_fold_5
1.0,0.1,2.1412941381015886,0.6009221525957722,static_plus_Li_scalar_RBF,outer_fold_5
1.0,2.154434690031882,2.5856859426009295,0.5383252545047341,static_plus_Li_scalar_RBF,outer_fold_5
1.0,46.41588833612773,3.454705729286116,1.0449882733973903,static_plus_Li_scalar_RBF,outer_fold_5
1.0,1000.0,5.395547661179133,1.5137101770398005,static_plus_Li_scalar_RBF,outer_fold_5
2.0,9.999999999999999e-06,4.263730188557913,1.6118457251512865,static_plus_Li_scalar_RBF,outer_fold_5
2.0,0.00021544346900318823,2.5431942316611686,0.35548062785054213,static_plus_Li_scalar_RBF,outer_fold_5
2.0,0.004641588833612777,2.247505305952049,0.29623963684218924,static_plus_Li_scalar_RBF,outer_fold_5
2.0,0.1,2.080682578486588,0.47867281687426927,static_plus_Li_scalar_RBF,outer_fold_5
2.0,2.154434690031882,2.629560820903448,0.37013986451502473,static_plus_Li_scalar_RBF,outer_fold_5
2.0,46.41588833612773,3.023799942587538,0.6813202982975509,static_plus_Li_scalar_RBF,outer_fold_5
2.0,1000.0,5.211005280687765,1.5022498095812364,static_plus_Li_scalar_RBF,outer_fold_5
4.0,9.999999999999999e-06,3.9561842926820745,1.0492185537319278,static_plus_Li_scalar_RBF,outer_fold_5
4.0,0.00021544346900318823,2.6964866022316083,0.1567085477635676,static_plus_Li_scalar_RBF,outer_fold_5
4.0,0.004641588833612777,2.2483220279414127,0.41217536441295616,static_plus_Li_scalar_RBF,outer_fold_5
4.0,0.1,2.1483966285473834,0.22765609338583628,static_plus_Li_scalar_RBF,outer_fold_5
4.0,2.154434690031882,2.69998509503404,0.4968606070159955,static_plus_Li_scalar_RBF,outer_fold_5
4.0,46.41588833612773,2.869543829821707,0.5909690245042258,static_plus_Li_scalar_RBF,outer_fold_5
4.0,1000.0,5.13923685534171,1.492339765688091,static_plus_Li_scalar_RBF,outer_fold_5
0.25,9.999999999999999e-06,4.8534764062907065,1.2779134830841428,static_plus_Li_scalar_RBF,full_train
0.25,0.00021544346900318823,4.734767666415113,1.373296073051714,static_plus_Li_scalar_RBF,full_train
0.25,0.004641588833612777,4.681288708838238,1.3785757608973177,static_plus_Li_scalar_RBF,full_train
0.25,0.1,4.647982392151574,1.367725148420965,static_plus_Li_scalar_RBF,full_train
0.25,2.154434690031882,5.058094221723772,1.4959662134725444,static_plus_Li_scalar_RBF,full_train
0.25,46.41588833612773,5.749734433743909,1.473781418255867,static_plus_Li_scalar_RBF,full_train
0.25,1000.0,5.932874068732089,1.4361664582963987,static_plus_Li_scalar_RBF,full_train
0.5,9.999999999999999e-06,3.325685067000082,1.3498586535952877,static_plus_Li_scalar_RBF,full_train
0.5,0.00021544346900318823,3.090804603494499,0.9927785295404326,static_plus_Li_scalar_RBF,full_train
0.5,0.004641588833612777,2.8095060748597827,0.8707180929405489,static_plus_Li_scalar_RBF,full_train
0.5,0.1,2.7204164552662995,0.8869290592039728,static_plus_Li_scalar_RBF,full_train
0.5,2.154434690031882,3.1409319113639675,1.0324680662793502,static_plus_Li_scalar_RBF,full_train
0.5,46.41588833612773,4.48111645355277,1.85545198738858,static_plus_Li_scalar_RBF,full_train
0.5,1000.0,5.811682219905942,1.47320177060186,static_plus_Li_scalar_RBF,full_train
1.0,9.999999999999999e-06,3.4446458753086295,0.5255565520369733,static_plus_Li_scalar_RBF,full_train
1.0,0.00021544346900318823,2.574300295001425,0.299667278626518,static_plus_Li_scalar_RBF,full_train
1.0,0.004641588833612777,2.2078805827010757,0.39492371456394715,static_plus_Li_scalar_RBF,full_train
1.0,0.1,1.983703625803131,0.5126085304948208,static_plus_Li_scalar_RBF,full_train
1.0,2.154434690031882,2.5119858552934664,0.47777793274352554,static_plus_Li_scalar_RBF,full_train
1.0,46.41588833612773,3.3939378358931496,1.1087993204913509,static_plus_Li_scalar_RBF,full_train
1.0,1000.0,5.489544440191975,1.5124728532747458,static_plus_Li_scalar_RBF,full_train
2.0,9.999999999999999e-06,3.3288722233152237,0.5087652239960766,static_plus_Li_scalar_RBF,full_train
2.0,0.00021544346900318823,2.352022985968512,0.5458528746490481,static_plus_Li_scalar_RBF,full_train
2.0,0.004641588833612777,1.8578943779296622,0.4252682399170133,static_plus_Li_scalar_RBF,full_train
2.0,0.1,1.828687229757393,0.405255685116384,static_plus_Li_scalar_RBF,full_train
2.0,2.154434690031882,2.517672130561494,0.3189899560758299,static_plus_Li_scalar_RBF,full_train
2.0,46.41588833612773,2.987952584746779,0.7483547286687541,static_plus_Li_scalar_RBF,full_train
2.0,1000.0,5.2598285044250135,1.5054525276503088,static_plus_Li_scalar_RBF,full_train
4.0,9.999999999999999e-06,2.8577576112407974,0.7560547261789259,static_plus_Li_scalar_RBF,full_train
4.0,0.00021544346900318823,2.0174745823099687,0.4222886624958214,static_plus_Li_scalar_RBF,full_train
4.0,0.004641588833612777,1.8626753448574576,0.39942904305519655,static_plus_Li_scalar_RBF,full_train
4.0,0.1,1.89637567238983,0.33520848089292477,static_plus_Li_scalar_RBF,full_train
4.0,2.154434690031882,2.619352710133753,0.26503100810471897,static_plus_Li_scalar_RBF,full_train
4.0,46.41588833612773,2.8184085658733657,0.6419140246265425,static_plus_Li_scalar_RBF,full_train
4.0,1000.0,5.168027021556746,1.497802908083477,static_plus_Li_scalar_RBF,full_train
0.25,9.999999999999999e-06,4.85794207982887,0.9143982432364229,static_plus_all_scalar_RBF,outer_fold_1
0.25,0.00021544346900318823,4.811714075583406,1.0055700494159696,static_plus_all_scalar_RBF,outer_fold_1
0.25,0.004641588833612777,4.8184005816034885,1.015924893003233,static_plus_all_scalar_RBF,outer_fold_1
0.25,0.1,4.810900857864456,0.9618155863111115,static_plus_all_scalar_RBF,outer_fold_1
0.25,2.154434690031882,5.271794663163259,0.9536265509852403,static_plus_all_scalar_RBF,outer_fold_1
0.25,46.41588833612773,6.3458974044813905,0.8064420331728048,static_plus_all_scalar_RBF,outer_fold_1
0.25,1000.0,6.514566747496142,0.7821470856067442,static_plus_all_scalar_RBF,outer_fold_1
0.5,9.999999999999999e-06,3.206716546008047,1.0994337857237755,static_plus_all_scalar_RBF,outer_fold_1
0.5,0.00021544346900318823,2.9794601409618053,1.08881182956368,static_plus_all_scalar_RBF,outer_fold_1
0.5,0.004641588833612777,2.762166321151315,0.859445648464636,static_plus_all_scalar_RBF,outer_fold_1
0.5,0.1,2.655519532209075,0.5904653020057012,static_plus_all_scalar_RBF,outer_fold_1
0.5,2.154434690031882,3.2788994661973287,0.669615870664841,static_plus_all_scalar_RBF,outer_fold_1
0.5,46.41588833612773,4.904497244514426,0.8748373458050351,static_plus_all_scalar_RBF,outer_fold_1
0.5,1000.0,6.401131816183744,0.7913745692144706,static_plus_all_scalar_RBF,outer_fold_1
1.0,9.999999999999999e-06,3.0583394057183506,1.4379820848807372,static_plus_all_scalar_RBF,outer_fold_1
1.0,0.00021544346900318823,2.7527887719082402,1.1846846125895032,static_plus_all_scalar_RBF,outer_fold_1
1.0,0.004641588833612777,2.1899824421079392,0.4871240331686942,static_plus_all_scalar_RBF,outer_fold_1
1.0,0.1,2.2050660784027754,0.34383919572910215,static_plus_all_scalar_RBF,outer_fold_1
1.0,2.154434690031882,2.678538861315002,0.46479121861553313,static_plus_all_scalar_RBF,outer_fold_1
1.0,46.41588833612773,3.496402674727599,0.741110458632907,static_plus_all_scalar_RBF,outer_fold_1
1.0,1000.0,6.104024959353605,0.8062009203511773,static_plus_all_scalar_RBF,outer_fold_1
2.0,9.999999999999999e-06,3.844776631806125,1.6441058131893165,static_plus_all_scalar_RBF,outer_fold_1
2.0,0.00021544346900318823,2.6955085111121084,0.44133172858016545,static_plus_all_scalar_RBF,outer_fold_1
2.0,0.004641588833612777,2.3235355197224186,0.27094752363530666,static_plus_all_scalar_RBF,outer_fold_1
2.0,0.1,2.186073640718162,0.3438559505638666,static_plus_all_scalar_RBF,outer_fold_1
2.0,2.154434690031882,2.6542322175402173,0.5764976622953949,static_plus_all_scalar_RBF,outer_fold_1
2.0,46.41588833612773,3.0354812011283516,0.7333088664759569,static_plus_all_scalar_RBF,outer_fold_1
2.0,1000.0,5.903723624886528,0.8068099026242755,static_plus_all_scalar_RBF,outer_fold_1
4.0,9.999999999999999e-06,3.724931088427515,1.0363488471901157,static_plus_all_scalar_RBF,outer_fold_1
4.0,0.00021544346900318823,2.851384926354358,0.3639450970950696,static_plus_all_scalar_RBF,outer_fold_1
4.0,0.004641588833612777,2.329321190259343,0.13242463513744615,static_plus_all_scalar_RBF,outer_fold_1
4.0,0.1,2.281455098035834,0.3596967826423422,static_plus_all_scalar_RBF,outer_fold_1
4.0,2.154434690031882,2.707536113036645,0.6073939988024135,static_plus_all_scalar_RBF,outer_fold_1
4.0,46.41588833612773,2.8829060942156923,0.6776262697723041,static_plus_all_scalar_RBF,outer_fold_1
4.0,1000.0,5.826850703177441,0.8039188889143349,static_plus_all_scalar_RBF,outer_fold_1
0.25,9.999999999999999e-06,4.492028972502335,1.9264500321989568,static_plus_all_scalar_RBF,outer_fold_2
0.25,0.00021544346900318823,4.45596904143453,1.9467800900420675,static_plus_all_scalar_RBF,outer_fold_2
0.25,0.004641588833612777,4.425911317272029,1.9361583908774675,static_plus_all_scalar_RBF,outer_fold_2
0.25,0.1,4.440626624444656,1.923194482832282,static_plus_all_scalar_RBF,outer_fold_2
0.25,2.154434690031882,4.890643688678881,1.8542403465043278,static_plus_all_scalar_RBF,outer_fold_2
0.25,46.41588833612773,5.634514194019168,1.5551062989525284,static_plus_all_scalar_RBF,outer_fold_2
0.25,1000.0,5.841121812640074,1.471282554025541,static_plus_all_scalar_RBF,outer_fold_2
0.5,9.999999999999999e-06,3.132988291435495,1.3778828550775413,static_plus_all_scalar_RBF,outer_fold_2
0.5,0.00021544346900318823,2.759263061667242,0.9548882644748509,static_plus_all_scalar_RBF,outer_fold_2
0.5,0.004641588833612777,2.692111890867779,0.8596461499594105,static_plus_all_scalar_RBF,outer_fold_2
0.5,0.1,2.7708667654013217,0.8499788238861281,static_plus_all_scalar_RBF,outer_fold_2
0.5,2.154434690031882,3.2288964344819022,1.0501187719111804,static_plus_all_scalar_RBF,outer_fold_2
0.5,46.41588833612773,4.404976948534921,1.986186923213673,static_plus_all_scalar_RBF,outer_fold_2
0.5,1000.0,5.735987133795524,1.509388302942333,static_plus_all_scalar_RBF,outer_fold_2
1.0,9.999999999999999e-06,2.8740655703885016,1.223741644576971,static_plus_all_scalar_RBF,outer_fold_2
1.0,0.00021544346900318823,2.296347572902885,0.7163116414918294,static_plus_all_scalar_RBF,outer_fold_2
1.0,0.004641588833612777,2.084733559791978,0.7098278298611859,static_plus_all_scalar_RBF,outer_fold_2
1.0,0.1,2.0668379738192284,0.6996421926871541,static_plus_all_scalar_RBF,outer_fold_2
1.0,2.154434690031882,2.637783151023303,0.525991631770586,static_plus_all_scalar_RBF,outer_fold_2
1.0,46.41588833612773,3.497358648760937,1.197181691664882,static_plus_all_scalar_RBF,outer_fold_2
1.0,1000.0,5.48018921813859,1.5468171555998231,static_plus_all_scalar_RBF,outer_fold_2
2.0,9.999999999999999e-06,3.5108016478693904,1.5010597868324342,static_plus_all_scalar_RBF,outer_fold_2
2.0,0.00021544346900318823,2.778818486196209,0.8255154413834126,static_plus_all_scalar_RBF,outer_fold_2
2.0,0.004641588833612777,2.247357402286835,0.7638407944354226,static_plus_all_scalar_RBF,outer_fold_2
2.0,0.1,2.031735408220403,0.6158078830332988,static_plus_all_scalar_RBF,outer_fold_2
2.0,2.154434690031882,2.67567426236626,0.28724137937644695,static_plus_all_scalar_RBF,outer_fold_2
2.0,46.41588833612773,3.1332819166351817,0.8951423128040682,static_plus_all_scalar_RBF,outer_fold_2
2.0,1000.0,5.301071629727708,1.5441942447629677,static_plus_all_scalar_RBF,outer_fold_2
4.0,9.999999999999999e-06,4.008602258904558,2.2172571660982876,static_plus_all_scalar_RBF,outer_fold_2
4.0,0.00021544346900318823,3.019498235815286,1.1586130511609842,static_plus_all_scalar_RBF,outer_fold_2
4.0,0.004641588833612777,2.3789772552663333,0.9263219196582342,static_plus_all_scalar_RBF,outer_fold_2
4.0,0.1,2.1374916550419156,0.4768941745712657,static_plus_all_scalar_RBF,outer_fold_2
4.0,2.154434690031882,2.8173745374361356,0.3142276841331688,static_plus_all_scalar_RBF,outer_fold_2
4.0,46.41588833612773,2.9615304031032306,0.8140287380438413,static_plus_all_scalar_RBF,outer_fold_2
4.0,1000.0,5.227157442834237,1.5332162478847662,static_plus_all_scalar_RBF,outer_fold_2
0.25,9.999999999999999e-06,4.814465365972348,1.8285722106525015,static_plus_all_scalar_RBF,outer_fold_3
0.25,0.00021544346900318823,4.814701423129996,1.8214858601509725,static_plus_all_scalar_RBF,outer_fold_3
0.25,0.004641588833612777,4.790427020171267,1.8158943939793009,static_plus_all_scalar_RBF,outer_fold_3
0.25,0.1,4.801442295738081,1.8384999063195748,static_plus_all_scalar_RBF,outer_fold_3
0.25,2.154434690031882,5.0846687066372365,1.9495367036106492,static_plus_all_scalar_RBF,outer_fold_3
0.25,46.41588833612773,5.774080917952887,1.621391505016365,static_plus_all_scalar_RBF,outer_fold_3
0.25,1000.0,5.943722937065157,1.5347855666238441,static_plus_all_scalar_RBF,outer_fold_3
0.5,9.999999999999999e-06,3.181187373121997,1.488148356642428,static_plus_all_scalar_RBF,outer_fold_3
0.5,0.00021544346900318823,3.1026808625111726,1.4067689495144908,static_plus_all_scalar_RBF,outer_fold_3
0.5,0.004641588833612777,2.9793292246789793,1.3623646928345603,static_plus_all_scalar_RBF,outer_fold_3
0.5,0.1,2.9842122213822293,1.3400931830227636,static_plus_all_scalar_RBF,outer_fold_3
0.5,2.154434690031882,3.4385323106143906,1.4025008847265492,static_plus_all_scalar_RBF,outer_fold_3
0.5,46.41588833612773,4.647197459071283,2.209408293276445,static_plus_all_scalar_RBF,outer_fold_3
0.5,1000.0,5.852225282529402,1.581811956981256,static_plus_all_scalar_RBF,outer_fold_3
1.0,9.999999999999999e-06,3.082319585003267,1.3027403961316606,static_plus_all_scalar_RBF,outer_fold_3
1.0,0.00021544346900318823,2.5155121711929,0.9493689376544722,static_plus_all_scalar_RBF,outer_fold_3
1.0,0.004641588833612777,2.0391721697343836,0.9161143740046505,static_plus_all_scalar_RBF,outer_fold_3
1.0,0.1,2.0741445144832618,0.8645206787838972,static_plus_all_scalar_RBF,outer_fold_3
1.0,2.154434690031882,2.6975068210217175,0.6370912876215638,static_plus_all_scalar_RBF,outer_fold_3
1.0,46.41588833612773,3.768117632812797,1.4398568896128385,static_plus_all_scalar_RBF,outer_fold_3
1.0,1000.0,5.610479816831405,1.64290661924435,static_plus_all_scalar_RBF,outer_fold_3
2.0,9.999999999999999e-06,3.8285846182078456,1.9064296900041267,static_plus_all_scalar_RBF,outer_fold_3
2.0,0.00021544346900318823,2.8468445243464946,1.4760720933175413,static_plus_all_scalar_RBF,outer_fold_3
2.0,0.004641588833612777,2.1160218524121834,1.1389546075894807,static_plus_all_scalar_RBF,outer_fold_3
2.0,0.1,1.9201857024240738,0.7307083510204058,static_plus_all_scalar_RBF,outer_fold_3
2.0,2.154434690031882,2.6615608087058877,0.42782544517029336,static_plus_all_scalar_RBF,outer_fold_3
2.0,46.41588833612773,3.2903877891017252,1.008022687587166,static_plus_all_scalar_RBF,outer_fold_3
2.0,1000.0,5.425932134245183,1.6422969053860155,static_plus_all_scalar_RBF,outer_fold_3
4.0,9.999999999999999e-06,4.466291004078899,2.5708409103319587,static_plus_all_scalar_RBF,outer_fold_3
4.0,0.00021544346900318823,3.191939658785102,2.1537178492478257,static_plus_all_scalar_RBF,outer_fold_3
4.0,0.004641588833612777,2.181377842530931,1.3282231495616053,static_plus_all_scalar_RBF,outer_fold_3
4.0,0.1,2.0921362641171397,0.5810195993550967,static_plus_all_scalar_RBF,outer_fold_3
4.0,2.154434690031882,2.774417703549,0.37568746417652504,static_plus_all_scalar_RBF,outer_fold_3
4.0,46.41588833612773,3.0876555276231645,0.8049987688106348,static_plus_all_scalar_RBF,outer_fold_3
4.0,1000.0,5.343441430276,1.6239581141644106,static_plus_all_scalar_RBF,outer_fold_3
0.25,9.999999999999999e-06,4.096525556211821,1.8166528787729812,static_plus_all_scalar_RBF,outer_fold_4
0.25,0.00021544346900318823,4.0961455533641065,1.8276334397775942,static_plus_all_scalar_RBF,outer_fold_4
0.25,0.004641588833612777,4.091826348966871,1.8334416649344514,static_plus_all_scalar_RBF,outer_fold_4
0.25,0.1,4.105037553543799,1.827748379246579,static_plus_all_scalar_RBF,outer_fold_4
0.25,2.154434690031882,4.577298108871322,1.7900222295111172,static_plus_all_scalar_RBF,outer_fold_4
0.25,46.41588833612773,5.473378201734302,1.3870781451871546,static_plus_all_scalar_RBF,outer_fold_4
0.25,1000.0,5.634488603042649,1.3238009707621743,static_plus_all_scalar_RBF,outer_fold_4
0.5,9.999999999999999e-06,2.897378947550786,1.5654048604489006,static_plus_all_scalar_RBF,outer_fold_4
0.5,0.00021544346900318823,2.6386481416576477,0.996862057673548,static_plus_all_scalar_RBF,outer_fold_4
0.5,0.004641588833612777,2.5279158950608727,0.7793474083910972,static_plus_all_scalar_RBF,outer_fold_4
0.5,0.1,2.5017924455371947,0.6775172869256705,static_plus_all_scalar_RBF,outer_fold_4
0.5,2.154434690031882,3.004244614948259,0.5697366514217976,static_plus_all_scalar_RBF,outer_fold_4
0.5,46.41588833612773,4.1977199673453365,1.8997152652730838,static_plus_all_scalar_RBF,outer_fold_4
0.5,1000.0,5.535095208538604,1.3631089438200763,static_plus_all_scalar_RBF,outer_fold_4
1.0,9.999999999999999e-06,2.8527006620290973,1.8994773009319446,static_plus_all_scalar_RBF,outer_fold_4
1.0,0.00021544346900318823,2.166505161897277,1.09096031136461,static_plus_all_scalar_RBF,outer_fold_4
1.0,0.004641588833612777,1.744537226649292,0.622859017708935,static_plus_all_scalar_RBF,outer_fold_4
1.0,0.1,1.6891296579407324,0.3455409130178878,static_plus_all_scalar_RBF,outer_fold_4
1.0,2.154434690031882,2.399793812419597,0.09488792215467369,static_plus_all_scalar_RBF,outer_fold_4
1.0,46.41588833612773,3.1143021506812887,1.0140136850177344,static_plus_all_scalar_RBF,outer_fold_4
1.0,1000.0,5.2744754194717185,1.3985164890038397,static_plus_all_scalar_RBF,outer_fold_4
2.0,9.999999999999999e-06,2.9951479095025255,1.7074476777209195,static_plus_all_scalar_RBF,outer_fold_4
2.0,0.00021544346900318823,2.1894039562212124,1.0479614126820047,static_plus_all_scalar_RBF,outer_fold_4
2.0,0.004641588833612777,1.7477091884654783,0.6804905724712739,static_plus_all_scalar_RBF,outer_fold_4
2.0,0.1,1.7120064383900668,0.231740958138888,static_plus_all_scalar_RBF,outer_fold_4
2.0,2.154434690031882,2.3525907965336645,0.2665278616541051,static_plus_all_scalar_RBF,outer_fold_4
2.0,46.41588833612773,2.7209927282691972,0.6604650451468891,static_plus_all_scalar_RBF,outer_fold_4
2.0,1000.0,5.098596716205688,1.3901521278095643,static_plus_all_scalar_RBF,outer_fold_4
4.0,9.999999999999999e-06,2.7680472788150263,1.3202173217784163,static_plus_all_scalar_RBF,outer_fold_4
4.0,0.00021544346900318823,2.278927711859217,1.0767837287826463,static_plus_all_scalar_RBF,outer_fold_4
4.0,0.004641588833612777,1.812813313818428,0.5151081807822054,static_plus_all_scalar_RBF,outer_fold_4
4.0,0.1,1.9238731670481595,0.15785616246543116,static_plus_all_scalar_RBF,outer_fold_4
4.0,2.154434690031882,2.4092318770206207,0.3694250481875168,static_plus_all_scalar_RBF,outer_fold_4
4.0,46.41588833612773,2.5850593158851063,0.5499222782115554,static_plus_all_scalar_RBF,outer_fold_4
4.0,1000.0,5.033885336655914,1.379497559643016,static_plus_all_scalar_RBF,outer_fold_4
0.25,9.999999999999999e-06,4.378190135287982,1.7046086360025507,static_plus_all_scalar_RBF,outer_fold_5
0.25,0.00021544346900318823,4.369044804588842,1.6846586468224032,static_plus_all_scalar_RBF,outer_fold_5
0.25,0.004641588833612777,4.367799908896872,1.6817800519281225,static_plus_all_scalar_RBF,outer_fold_5
0.25,0.1,4.415874098450931,1.7068870029198826,static_plus_all_scalar_RBF,outer_fold_5
0.25,2.154434690031882,4.824069829036231,1.9329287230356023,static_plus_all_scalar_RBF,outer_fold_5
0.25,46.41588833612773,5.582752890563158,1.5487525149417052,static_plus_all_scalar_RBF,outer_fold_5
0.25,1000.0,5.748258889457853,1.4363066246691651,static_plus_all_scalar_RBF,outer_fold_5
0.5,9.999999999999999e-06,2.5762170800802946,0.7068431738836282,static_plus_all_scalar_RBF,outer_fold_5
0.5,0.00021544346900318823,2.606378929852474,0.6393387906103183,static_plus_all_scalar_RBF,outer_fold_5
0.5,0.004641588833612777,2.5998995456310654,0.5949742019241635,static_plus_all_scalar_RBF,outer_fold_5
0.5,0.1,2.621033935259763,0.6203937577898143,static_plus_all_scalar_RBF,outer_fold_5
0.5,2.154434690031882,3.0060404700982395,0.6878920425698569,static_plus_all_scalar_RBF,outer_fold_5
0.5,46.41588833612773,4.456141736422607,1.9801043939325214,static_plus_all_scalar_RBF,outer_fold_5
0.5,1000.0,5.65503906511081,1.4764146973588106,static_plus_all_scalar_RBF,outer_fold_5
1.0,9.999999999999999e-06,2.901711466775532,0.5721445628245979,static_plus_all_scalar_RBF,outer_fold_5
1.0,0.00021544346900318823,2.242441442428078,0.3689607425883585,static_plus_all_scalar_RBF,outer_fold_5
1.0,0.004641588833612777,2.0626516343931334,0.23728871800147303,static_plus_all_scalar_RBF,outer_fold_5
1.0,0.1,2.0618109780705227,0.5201565766688927,static_plus_all_scalar_RBF,outer_fold_5
1.0,2.154434690031882,2.458082921757396,0.5286318756593593,static_plus_all_scalar_RBF,outer_fold_5
1.0,46.41588833612773,3.391033420719388,1.0761178059006216,static_plus_all_scalar_RBF,outer_fold_5
1.0,1000.0,5.396485485558917,1.5108763244828503,static_plus_all_scalar_RBF,outer_fold_5
2.0,9.999999999999999e-06,3.524762634511166,1.0561654166149643,static_plus_all_scalar_RBF,outer_fold_5
2.0,0.00021544346900318823,2.4686740189491565,0.39515700202522486,static_plus_all_scalar_RBF,outer_fold_5
2.0,0.004641588833612777,2.1278726792619165,0.18564710131558135,static_plus_all_scalar_RBF,outer_fold_5
2.0,0.1,1.981705519487129,0.4488334399721277,static_plus_all_scalar_RBF,outer_fold_5
2.0,2.154434690031882,2.5309315663958456,0.36196252355976616,static_plus_all_scalar_RBF,outer_fold_5
2.0,46.41588833612773,2.9879147287622048,0.6868294284082292,static_plus_all_scalar_RBF,outer_fold_5
2.0,1000.0,5.210712862775958,1.5011399129115552,static_plus_all_scalar_RBF,outer_fold_5
4.0,9.999999999999999e-06,3.6374822989611917,0.8604514359372631,static_plus_all_scalar_RBF,outer_fold_5
4.0,0.00021544346900318823,2.7614680394756905,0.26392159832785844,static_plus_all_scalar_RBF,outer_fold_5
4.0,0.004641588833612777,2.073347516619479,0.35009480698305295,static_plus_all_scalar_RBF,outer_fold_5
4.0,0.1,2.0623164093283877,0.30433731444840467,static_plus_all_scalar_RBF,outer_fold_5
4.0,2.154434690031882,2.637597606647874,0.49570956761041507,static_plus_all_scalar_RBF,outer_fold_5
4.0,46.41588833612773,2.8522998059661226,0.5937882558349465,static_plus_all_scalar_RBF,outer_fold_5
4.0,1000.0,5.138038748707425,1.491844985658759,static_plus_all_scalar_RBF,outer_fold_5
0.25,9.999999999999999e-06,4.647490028161855,1.2546240336185241,static_plus_all_scalar_RBF,full_train
0.25,0.00021544346900318823,4.630562187795963,1.2799595072166141,static_plus_all_scalar_RBF,full_train
0.25,0.004641588833612777,4.615817644206009,1.2821251236758564,static_plus_all_scalar_RBF,full_train
0.25,0.1,4.625434162275842,1.277696554858829,static_plus_all_scalar_RBF,full_train
0.25,2.154434690031882,5.056988590030648,1.4380995366464422,static_plus_all_scalar_RBF,full_train
0.25,46.41588833612773,5.7525178543015,1.4680759623586792,static_plus_all_scalar_RBF,full_train
0.25,1000.0,5.933095755359615,1.4358841060610101,static_plus_all_scalar_RBF,full_train
0.5,9.999999999999999e-06,3.0453710805237217,1.358389008863448,static_plus_all_scalar_RBF,full_train
0.5,0.00021544346900318823,2.8907879110284798,1.1549659005024244,static_plus_all_scalar_RBF,full_train
0.5,0.004641588833612777,2.7119496647200294,0.9094229683541952,static_plus_all_scalar_RBF,full_train
0.5,0.1,2.625500159509678,0.8722872919917671,static_plus_all_scalar_RBF,full_train
0.5,2.154434690031882,3.007778885879902,1.0281142794730291,static_plus_all_scalar_RBF,full_train
0.5,46.41588833612773,4.469573360945151,1.753855325765197,static_plus_all_scalar_RBF,full_train
0.5,1000.0,5.815203011816959,1.4637435464744242,static_plus_all_scalar_RBF,full_train
1.0,9.999999999999999e-06,2.939559819102497,1.2039649043706713,static_plus_all_scalar_RBF,full_train
1.0,0.00021544346900318823,2.489839624463132,0.7808876026086433,static_plus_all_scalar_RBF,full_train
1.0,0.004641588833612777,2.1474093217028276,0.39732279357061573,static_plus_all_scalar_RBF,full_train
1.0,0.1,1.9123139601419603,0.5114801100716416,static_plus_all_scalar_RBF,full_train
1.0,2.154434690031882,2.4080376711956957,0.4926243709623535,static_plus_all_scalar_RBF,full_train
1.0,46.41588833612773,3.315332839586774,1.080400557505827,static_plus_all_scalar_RBF,full_train
1.0,1000.0,5.489321482501014,1.5000241762204523,static_plus_all_scalar_RBF,full_train
2.0,9.999999999999999e-06,3.1373494066528695,0.9776942169938442,static_plus_all_scalar_RBF,full_train
2.0,0.00021544346900318823,2.509500696838852,0.4915632708636969,static_plus_all_scalar_RBF,full_train
2.0,0.004641588833612777,1.8326513977381507,0.4144144806967252,static_plus_all_scalar_RBF,full_train
2.0,0.1,1.7711298407593792,0.38315748695434976,static_plus_all_scalar_RBF,full_train
2.0,2.154434690031882,2.4357298098784357,0.28536228735418084,static_plus_all_scalar_RBF,full_train
2.0,46.41588833612773,2.951743765853327,0.7330493867361373,static_plus_all_scalar_RBF,full_train
2.0,1000.0,5.258101620143906,1.4991484681883656,static_plus_all_scalar_RBF,full_train
4.0,9.999999999999999e-06,3.0437421300045746,0.7489986229107517,static_plus_all_scalar_RBF,full_train
4.0,0.00021544346900318823,2.163283626348585,0.43850930017542955,static_plus_all_scalar_RBF,full_train
4.0,0.004641588833612777,1.8394300997253865,0.40873546924352194,static_plus_all_scalar_RBF,full_train
4.0,0.1,1.864788770874396,0.3080757295063842,static_plus_all_scalar_RBF,full_train
4.0,2.154434690031882,2.578121592028481,0.2071427015820119,static_plus_all_scalar_RBF,full_train
4.0,46.41588833612773,2.7992242227237,0.642831140212486,static_plus_all_scalar_RBF,full_train
4.0,1000.0,5.166210791544609,1.4963875751603641,static_plus_all_scalar_RBF,full_train
