ID,Li_centroid_THz,Li_std_THz,Li_skewness,Li_spectral_entropy,Li_peak_THz,Li_q05_THz,Li_q50_THz,Li_q95_THz,Li_bandwidth90_THz,Li_fraction_below_2THz,Li_fraction_below_5THz,Li_fraction_below_10THz,Li_fraction_below_20THz
00x,10.493245350171728,2.797193847603541,1.017770031316273,0.48166394661147566,10.5,4.826616829628197,10.122228369367148,14.265843775636638,9.439226946008441,0.0039007656650176057,0.04361309256280285,0.36079805918821206,0.9945515770028673
019,7.938949219020507,4.051196272090067,0.978188987339006,0.578192964421533,4.5,1.860526353348109,7.250747047530898,13.339875694599002,11.479349341250893,0.028788632112837123,0.29820364235548824,0.6736659046071432,0.9958342939633186
09w,8.50496086741819,3.1641061688788827,-0.2714841873406139,0.54130850569504,9.5,2.4227335869001934,8.457464462829277,12.646344842877234,10.22361125597704,0.02127858620078192,0.16444710209719404,0.6461284015994924,0.9999999999999999
0fh,9.378996771657496,4.103321963761891,0.6699318528254709,0.5934126486727055,13.5,2.706809793073779,8.870365918505593,15.120398348193843,12.413588555120064,0.0050963775811469075,0.1635037323833903,0.5532733336323302,0.9955194923092636
0iv,6.542401617855616,1.861631217083844,0.7746766901748439,0.4220202219976897,6.5,2.8183089218147743,6.084927470803244,8.656922687151692,5.838613765336918,0.004642713205844803,0.1668417581455841,0.9854585733050688,0.9999999999999998
10s,8.16644757965343,3.439745127698412,-0.14269651401958175,0.5630010785054117,11.5,1.844732815249948,8.044373350595881,12.716543870548064,10.871811055298116,0.03190900965838213,0.2234881334579773,0.6557721172116714,1.0
11b,9.32009348293048,3.5650218267004545,-0.2402038545527489,0.5393682287345035,10.5,2.6670490850955457,9.118941699770996,14.02060610924361,11.353557024148065,0.009932854412704008,0.14547510254368723,0.5476060315930367,1.0000000000000002
122,8.524751010136756,3.1329844585897746,-0.13097885992732616,0.5493617672832888,7.5,2.2461181790471727,8.067829902307965,13.135708865525952,10.88959068647878,0.02312400829405932,0.13190378720738422,0.6700422522248858,0.9999999999999999
13q,8.410752351678523,3.16203731498361,-0.26323850053460357,0.54463645761085,10.5,2.220219530516096,8.324716769807633,12.43713945559119,10.216919925075093,0.02623432972925551,0.16458077241144548,0.6291315425964322,1.0
1dm,9.217809729502827,4.047697975297006,0.7720423609029146,0.5868937310098613,13.5,2.730638985324991,8.53140515810189,14.61853570769362,11.88789672236863,0.024659526099040745,0.13749783348637912,0.5862541695880591,0.9953016981291368
1e9,8.157934509698995,2.722914662129788,-0.5737406248128444,0.5035219952913959,8.5,2.365394338496276,7.987494867550758,11.495751513336721,9.130357174840444,0.02012692558273991,0.15835016991456768,0.7200763182830012,1.0000000000000002
1kq,8.323753102073043,3.1802617338057124,-0.17678872698203507,0.5420167697012184,10.5,2.3586073853080247,8.13912217372145,12.544563127671648,10.185955742363623,0.017842839866825215,0.16747317316063826,0.6351619233881391,0.9999999999999998
1m8,8.181022481919273,3.259234606241263,-0.3550363653892851,0.5392221856889412,9.5,1.9975530146771945,8.504773609291252,12.428597339940575,10.43104432526338,0.026980787831041114,0.21730218656218833,0.6551516931890056,1.0
1xf,9.451712087398066,4.147343524267179,0.3784445848724858,0.5891989789687067,10.5,2.169578731854731,9.67282511046749,15.097076475168288,12.927497743313557,0.01714462924022802,0.1755345697752845,0.47798821275582437,0.9960645209865302
1xt,11.109599160885471,2.868376539406062,-0.6132827883452646,0.49273575397647856,13.5,5.345518754100633,11.236901905466265,13.829513379589615,8.483994625488982,0.0061246220111282074,0.03299539094046694,0.29645630504057113,0.9973593199906717
20k,11.7919810890883,4.45072565627063,0.018606508336737042,0.6248255391347528,10.5,3.9111287806092845,10.987474018490735,18.469543023778485,14.5584142431692,0.005684192279283605,0.06762624632829976,0.36723867952198985,0.9736276764503066
240,9.15492308546729,3.0256532166153227,-0.37700549897108815,0.5341584916278159,10.5,3.1134401460293692,8.973254580854517,13.065841153987693,9.952401007958324,0.0038550165254088026,0.11908406329194468,0.553672623837531,1.0
2t8,9.442398125263551,3.384321491882607,1.0465277020999344,0.49772044412276195,7.5,4.604351130793996,7.848047095525853,13.953645489902826,9.349294359108828,0.0031118423560401037,0.04596028160016405,0.6527011398160658,0.9965809186645521
2wb,12.117164153674274,4.53459797947797,-0.12658813237399724,0.6248329302553683,15.5,3.7575454402227733,11.510954568274746,18.68421871728617,14.926673277063397,0.003727836624792903,0.07377848728496586,0.3299154371334795,0.9682327879792338
3nb,8.817347237101103,2.674182792968652,0.7018397846143334,0.4905790833440613,7.5,3.890994156586145,8.2612003999257,11.93405888493369,8.043064728347545,0.00896164592692471,0.06753044035903108,0.6775596781763531,0.9930064658006579
3rx,10.568682936016142,3.38476889663178,-0.1328354464043728,0.544414934017549,13.5,4.083579359370486,10.613939688100707,14.191528836833047,10.107949477462562,0.009036385609982111,0.06040900058839008,0.3986275330207103,0.9851594658757423
3uq,7.267434423241667,3.7297117552648142,1.6371900045040761,0.5210980835536931,4.5,2.8133684789086306,5.523923045694569,13.972285020374153,11.158916541465523,0.007372872002723912,0.39912352100878207,0.7893949335166317,0.9967559588636647
3zo,8.089780993068764,3.389717302225984,-0.22142924053795002,0.5528162962208487,10.5,1.8854309001209362,8.081222782823874,12.54141120964627,10.655980309525335,0.031997224478786626,0.22726017897283074,0.6495541375302273,0.9999999999999999
419,11.74471868277465,4.316265232448352,-0.06728364197645381,0.6169091750203531,10.5,3.7317549119780966,11.008927333536272,18.298356495248086,14.566601583269989,0.0060627137322369065,0.06869598277738657,0.3309679853992847,0.9776710424406387
472,11.14756985632889,3.998196556153065,0.18096646365281993,0.6016107712908354,10.5,4.11513957078745,10.624011575444554,16.63762889558958,12.522489324802129,0.001773891088766302,0.06336801854991198,0.39067695245621925,0.9895949898362951
47i,11.349909623945674,3.622997269953153,0.10465162959708182,0.5706761905646136,11.5,4.360759265763196,10.965870929016559,16.640103273531025,12.279344007767829,0.0034367238632263047,0.05299039082634156,0.3052849785236963,0.9916255965420557
4ba,6.56602803836658,3.4997721317036876,1.829082781332923,0.49448901282652846,4.5,2.0940017824787196,4.596322492909431,11.132083590050325,9.038081807571604,0.021415842395141126,0.49368559626403474,0.8567038270753007,0.9963363772071913
4ea,6.268304042015557,3.7368094048632234,1.3273907655837496,0.5300111017146961,3.5,1.3975688827235238,4.602057498123095,11.476536832584449,10.078967949860925,0.05520506033580134,0.49145257295763983,0.7878894897660478,0.9973691908951132
4kt,7.475135032473622,2.4838425642877047,-0.5615820785339701,0.4569455702881561,8.5,2.624432898351593,7.71872494380779,10.203415071448969,7.578982173097376,0.010649932503651009,0.2402641137577272,0.837391754856885,1.0000000000000002
5bz,11.094741495924701,3.748774093386197,0.20665509688636147,0.5767293198579656,10.5,3.942889841529304,10.673174066751908,16.031103029727984,12.08821318819868,0.004783793418321306,0.06968524152740269,0.3371695408885904,0.9985224377926731
5wz,8.185546805995239,3.4248549758813764,-0.17436047639137373,0.5470244462907362,9.5,2.022991657063832,8.423381803578582,12.49503104437122,10.472039387307388,0.026230200146896317,0.23557977862221385,0.6638565859053787,1.0
5z0,12.351478209588691,3.824916528088022,0.11255685937665573,0.5848402603924371,10.5,5.736245271971058,11.73536225376686,17.280518969121328,11.54427369715027,0.0009679597383719011,0.024200211969290827,0.28406540567073524,0.9661458557206055
5zv,11.414647708979711,3.248697581568386,0.2846893512412038,0.5374042594997722,13.5,4.668907037192941,11.096721554761485,15.938200158246223,11.269293121053282,0.003009037466132103,0.047176830079560056,0.2807636559656854,0.995368061506764
68u,11.826272748227304,4.459003812945775,0.08481772434514419,0.6215862429071785,10.5,3.735649564281616,10.879959624105629,18.79578661533908,15.060137051057463,0.004161488883184604,0.06882931269602656,0.35039469520010613,0.9684294408651174
6du,10.59067991290835,3.780707406692453,0.3722137951618613,0.585670698922329,11.5,4.007067349941073,10.14638318963803,17.036813631920236,13.029746281979163,0.002860363008973703,0.07162471135088619,0.42852789489387827,0.9861633425552696
6jf,8.553675061963787,3.1557577980170057,-0.16848795555796545,0.5479745714637375,10.5,2.517764729832361,8.280330971301543,12.788176742064064,10.270412012231702,0.01683581478625851,0.1506616145638523,0.6286628829026625,1.0
6l9,9.45387663706467,3.4399923162477544,2.2392478682188495,0.5164525113397956,8.5,3.2151528049058125,8.610927838559938,13.101582602084196,9.886429797178383,0.0020484482635107033,0.07884958583110444,0.5722778222720111,0.9898203855798727
7e5,8.94523813550512,2.587807648706507,0.5860879705371184,0.499129954887477,8.5,4.685647654859172,8.3307052152545,12.365131300831301,7.679483645972129,0.0031568835384088033,0.03740689793678264,0.6566342779768425,0.9975928621481349
7ek,11.885737191403914,3.9385553019567525,-0.30118295552888613,0.5926070863087931,12.5,4.347770497568495,11.930754415667364,16.88599134149787,12.538220843929375,0.005135476704783506,0.05350923977883165,0.3024759548307768,0.9845757555737376
7o7,11.57653700669438,4.259660488011091,0.02485614445589357,0.616198652606798,9.5,3.9361659929342747,10.725729722105818,18.039468365316793,14.103302372382519,0.006167907890707306,0.062142270898311355,0.3820664091094604,0.9829526360509022
7tu,7.900662116550005,2.9980868202156916,-0.0286405037094265,0.5348716446493927,10.5,2.3365071799633297,7.430035244760712,11.939574277352376,9.603067097389047,0.021893787438286613,0.181819178713152,0.7223093284447112,1.0000000000000002
7w5,12.08208732334443,4.636692402533913,-0.17684203879836669,0.6300068736068004,15.5,3.3601774414711936,11.666050271590853,18.771216902629767,15.411039461158573,0.009911554999744911,0.08686390585895931,0.3258506242169519,0.9699919725340774
824,8.728137049951167,2.982065631559563,-0.4099893515899351,0.531782556158628,11.5,2.417902307438913,8.572679288434845,12.413798068179487,9.995895760740574,0.01920692770590681,0.11462142608050817,0.6212250567789384,1.0
883,9.24035780806039,4.318652123750356,2.8746800497255554,0.5487628425836791,7.5,2.431020399266023,8.34809607482267,14.847963111197412,12.416942711931389,0.01564360693946002,0.12307560111018556,0.6701724914102762,0.9730832470591788
8ub,8.751608104480278,2.950402250685416,-0.3344466816242024,0.5266152789783988,11.5,2.46358668010391,8.37701660994384,12.474354186307556,10.010767506203646,0.01549593467550021,0.10692777989668738,0.6229619813450273,1.0
95j,9.674041256294336,3.1600189482585868,3.34683850039045,0.47958150075313283,10.5,4.636106915666824,9.11839988533532,12.213351911956881,7.577244996290057,0.002286144021885604,0.046289053468687585,0.5594401697565087,0.9897253571211222
96f,8.230232332055271,3.359389301434164,-0.19658211143084434,0.5543844661159547,10.5,1.7988678621080971,8.056229033483227,12.665431318399191,10.866563456291095,0.03613574318655093,0.19008527122331567,0.6372644993217107,0.9999999999999999
97b,10.829429334478874,3.881590860225063,-0.3227934472197119,0.5753985624706369,13.5,3.050942974663001,10.782018481002954,16.81982684531398,13.768883870650978,0.006845936825503508,0.10873200730798582,0.39165112532730273,0.9977743504675942
97p,8.330260696001986,3.31972633033694,-0.15736846224925075,0.5586815669104268,10.5,1.947294101630955,7.937772392545627,12.958698341934774,11.011404240303818,0.032756440882212336,0.17946774280628458,0.6492556717139492,1.0
9ky,6.468285818024486,3.9231144859781044,1.0319191857393157,0.5455356261032785,3.5,1.126713933487243,4.835561854784748,11.97491664499253,10.848202711505287,0.07479063911077202,0.4734376657644619,0.7384393331640251,0.9978088181791579
9lo,11.75783487224768,3.2899525582147864,0.16878368129747257,0.536811357327664,10.5,4.8106404067261685,11.320304729085164,16.613579087048393,11.802938680322224,0.0019146328946006027,0.04266691136213856,0.2534215565303889,0.9953908348843731
9ph,8.491629177273529,3.205959634466039,0.5931634536937376,0.5411391137674032,6.5,3.5979246552732747,7.526816612283532,13.186899455176272,9.588974799902998,0.0024880460329207033,0.13158163876702555,0.6522632950190512,0.9951704835728098
9rc,8.07329056193566,3.147960810930689,-0.09875459730322038,0.5411115250066207,10.5,2.17876958728084,7.7626375470400415,12.269488051891138,10.090718464610298,0.02311132415644631,0.1847149480341182,0.6573122309429175,1.0
9s4,7.242828465945761,4.207706141717344,1.0188302484726623,0.5901078866091007,4.5,1.0682060627259866,6.037218888736836,13.456838133721968,12.388632070995982,0.07865038971550242,0.35007874945317563,0.7513332639832314,0.9964463099137121
9wf,6.214539258072613,2.1662480481815405,-0.2735887818739539,0.4566947722716328,6.5,1.6866776467202995,5.900918832632367,8.948901927512154,7.262224280791854,0.037632969340049116,0.2294224186043392,0.973450704048694,1.0
9zk,12.176120815872267,3.6579119770703925,-0.038470787623586584,0.5827717432031877,11.5,5.8572010428783265,11.694969843998884,17.279874064402932,11.422673021524606,0.0012424986382562017,0.02335470324123043,0.2958863173009635,0.9786013833640401
9zr,8.522925014692584,3.358019967649094,-0.22428706763872336,0.5554550670380038,9.5,2.3266436540380657,8.491595377392917,13.051392213562398,10.724748559524333,0.020602285864491914,0.19846790340094364,0.6207564271916675,0.9999999999999998
a8v,8.283425619266877,3.0538895305859373,-0.2522056433364587,0.536679125995783,9.5,2.3698284838327845,8.123977461243912,12.236057676912989,9.866229193080205,0.022488251999468724,0.16145163897317155,0.68468117156701,1.0
an2,10.91684434799679,4.36430871022807,0.11858303333138966,0.607261059489923,6.5,3.6245114959820772,10.293442507964997,17.120793676769114,13.496282180787038,0.003090609571433504,0.08326143609267582,0.44173645063878314,0.9945827979523512
aui,10.894094141031108,2.7717767540692484,0.6197158563134272,0.5019031218569139,11.5,6.474674646753739,10.544426718869557,14.454611079709974,7.979936432956235,0.0013205576513592016,0.016667500815070922,0.37544766877868674,0.9852286812875125
be9,8.252547606512607,2.0909583622806043,-1.425742972604961,0.333571630299132,8.5,5.515803324857094,7.96029334709415,10.323750182160364,4.8079468573032695,0.034870376259947516,0.044572889150557723,0.7163117635361574,1.0
bi3,11.560503908375255,4.456406734503529,-0.022542610167353275,0.6183250445157368,10.5,3.453358732823978,10.564246268580073,18.331852120507588,14.878493387683609,0.006989881719023107,0.08284516168939068,0.3814409196868929,0.9808330720637759
bjw,7.628800250847115,2.4545814689190144,-0.3687943377856711,0.49454266176116696,8.5,2.6220993814373785,7.393087144387124,10.893336012789975,8.271236631352597,0.011811445864484906,0.15646223357789663,0.8316849908150703,1.0
bnh,8.282609305824643,3.0540371095860825,-0.25191337122291324,0.536694844941191,9.5,2.3691125539708726,8.12261027269461,12.235758987408067,9.866646433437195,0.022483310778639718,0.16153473012654013,0.6847553971155155,1.0
bq9,11.396798563324982,3.6832709249535247,-0.1597673388902087,0.5866394208696604,10.5,4.5281137382395595,11.042664406662162,16.799613320030314,12.271499581790755,0.005650926709047604,0.04911505209301334,0.34467093776060453,0.9999042121421148
bsa,11.922666041904654,2.4375100941931054,-0.884794127210757,0.4033768835183291,12.5,6.365711070847378,11.890153992171056,14.011203963234088,7.64549289238671,0.0016027608447465016,0.01802876931540442,0.16070901712751398,0.990626386145883
bv2,10.948280366300146,4.5115004417341,-0.12963888505562002,0.5577528566239421,11.5,3.60106279906782,10.9506279967256,16.64453710947679,13.04347431040897,0.004377136873762005,0.10194744160794772,0.3710380207887218,0.9979985487947505
c0g,11.861590557974651,4.342980009369899,-0.11293834602293813,0.6177209279781105,10.5,3.7902255797274385,11.182046146689155,18.183855914905656,14.393630335178218,0.006274212994797906,0.07054439789536107,0.331334123291421,0.9836071994010445
c6e,8.268714699024223,3.262495263346916,-0.19406767117468146,0.546359587892433,10.5,2.1767237023433506,8.12023773167923,12.597627947546721,10.42090424520337,0.022717490017373915,0.19318706723594192,0.6173167717504104,0.9999999999999998
cdk,11.749450664915244,2.9955844024821836,0.40244291386631337,0.5167354862206078,12.5,5.473182296137425,11.419658227625586,15.76351294689915,10.290330650761724,0.0011304860825763015,0.03300249057626034,0.19321842266945882,0.9943910421810767
cju,8.322321699060208,3.1717827499227096,-0.16253325027813936,0.5428002857054066,8.5,2.448556746727945,8.12487103385307,12.500026879110488,10.051470132382542,0.017423128157935914,0.17340097696193735,0.6577214761070135,1.0
clt,11.229782631456079,3.8956746811202145,0.5183786392269009,0.581491799800741,13.5,4.373409775762851,10.952367395911617,16.104953498738034,11.731543722975182,0.004560215317297908,0.05318116465910459,0.38549453846262516,0.9902648054982451
d7f,9.36871135123147,2.7801123705801736,0.2330979991927211,0.5191967682106602,7.5,4.6317373473733,8.747913993908602,13.214814375153749,8.583077027780448,0.004442794839641304,0.045469817980561336,0.5839752684471236,0.9998850242787248
d9l,8.286596292864123,3.12061780240617,-0.18526793780277068,0.5368305692461446,9.5,2.4218995034799304,8.188624866859698,12.34267215585891,9.920772652378979,0.01622163738962061,0.17053230238314232,0.6633839798460621,1.0
dae,11.872920017476414,4.448040350899115,-0.14244691639489823,0.6227533857002341,11.5,3.733352255987236,11.348906991882286,18.37785358318673,14.644501327199496,0.007641589752992109,0.07312966670183128,0.34637308524088384,0.9879725553003491
dc8,10.674423050035102,3.517225979415805,0.44597004972809073,0.5675632849565758,11.5,4.394259019778066,10.35979385856181,15.468724099511542,11.074465079733475,0.0021505549557929026,0.05248101665876466,0.3954892833945969,0.9965114606562616
deu,8.931641542661422,3.1191909459325635,-0.1919851651957499,0.5467715082484427,8.5,2.7120782452479197,8.541417378357515,13.37291542739357,10.66083718214565,0.010670033126660507,0.12042217861913748,0.6310257345288202,1.0
dlj,8.23319267037446,3.1512782546232003,-0.20945517713514175,0.5430050648996203,10.5,2.181392291963096,7.997308832089337,12.595242786437955,10.41385049447486,0.02506188664716341,0.17484988430163,0.6429834485883559,1.0
dth,12.531324437698926,3.5889464305710055,-0.27717629132479443,0.5622542132226387,16.5,5.775315573149131,12.37724543676108,16.450850296414455,10.675534723265324,0.001572597888424602,0.028851219536091436,0.25850628693387834,0.9817825340317804
dvn,7.6530858287978045,2.6085425645856346,-0.0636377638054704,0.5063943612682378,6.5,2.789753704250238,7.011161761707819,11.374457391685691,8.584703687435454,0.010158615064033408,0.16273798661230254,0.7713584941985951,1.0
e6a,11.876787067409428,4.498116919754494,-0.14816940879007143,0.6231001131649891,9.5,3.6427529395694025,11.288276830736967,18.367075631463788,14.724322691894386,0.007313771168722806,0.08158184178179527,0.34826409934927904,0.9810873630519076
e81,9.645931406738066,3.6988054466040032,0.22488466278907587,0.5764783195245329,13.5,3.1046739530995247,9.034156032118936,14.44659294923243,11.341918996132906,0.011698366489303415,0.10577768001407914,0.5574360791041856,0.9921081417050608
ek5,8.451574745553266,3.775005279669317,0.4308416285207493,0.5783018041699051,8.5,2.0792653547548587,7.910206486741136,14.300109457074825,12.220844102319965,0.019254052532596225,0.21277790909554745,0.6904934352733914,0.9959890420934214
fft,12.279743538324587,5.2796859389358985,-0.29207739616537454,0.6350963405635789,14.5,2.8653382737584656,12.653544250018118,19.24423999195257,16.378901718194104,0.01008553982285431,0.12645047507665794,0.3441371433251744,0.9626727888396052
fj5,11.64800441700653,4.116476338487109,0.16849743437661135,0.6032129198559256,12.5,3.9846588835116528,11.255359049981275,18.02472907093708,14.040070187425428,0.009616735675393215,0.060873971407665886,0.336356319265218,0.9928850857355503
fkj,8.481499953534216,3.30343503743769,-0.38421954264094565,0.5436413320201507,10.5,1.9866270417216998,8.691787004708562,12.764994540601142,10.778367498879442,0.03136810288392842,0.18783174407177394,0.5932128353610506,1.0
fwz,8.91910053513332,2.643558577378131,-1.117579935566746,0.41087577664539265,9.5,2.352224757284851,9.133881584964962,11.441178328842005,9.088953571557154,0.017838829447645217,0.12420614730759921,0.6406647609321683,0.9999999999999999
gcj,12.031934226311611,4.589619870706903,0.04513319712245161,0.6310687674361442,10.5,3.8874629558727527,11.260031752193699,19.22074928049379,15.333286324621039,0.003959643462974704,0.06956082965373878,0.34109247256355923,0.9582969178921096
gkl,12.090378076575245,4.740307746999853,0.09686459724220982,0.6342237620185497,10.5,3.736038148220658,11.124359879378066,19.492437621660937,15.756399473440279,0.0074159579183336105,0.07205356686097071,0.3387909721319684,0.9501845212982742
goi,10.355597353567207,2.6921985812247535,-0.632899069723928,0.41209919469755346,10.5,2.796932051059274,10.094892247864308,13.368289038994696,10.571356987935422,0.03227016960572162,0.061497011320978234,0.24221317283435895,0.9997095767553996
gvd,11.477507461564986,5.030916659848303,0.14810349513737808,0.6033448683412083,5.5,3.9582688539718136,10.230318233368068,18.738919166243484,14.780650312271671,0.001924693165539902,0.08192094584606739,0.4578964730572871,0.9975519050224895
gw2,9.554365438140843,4.013335890826599,0.5664969860340766,0.5777531836440464,10.5,2.9398373589072526,9.597460125384668,14.395327499228124,11.45549014032087,0.0019781039144091015,0.16566938153999355,0.4869607461273235,0.995581859139244
gxz,11.301899665121836,3.710512046673715,0.2689142194869297,0.5730860782293383,9.5,4.263674108454942,10.83236122515938,16.98176600528992,12.718091896834977,0.0046723179033103055,0.055119080332546866,0.3653308902630031,0.9944606389541847
gz8,11.83844730642577,4.517113157742685,0.10879001092601982,0.6216466656844017,11.5,3.7907489109425296,10.91860902225605,19.169490255438593,15.378741344496063,0.004172434139214103,0.06835796619878395,0.34480690743013914,0.961626466113565
h6c,10.978132227041973,2.7314182830075664,0.06113044179209566,0.47831337654559636,11.5,5.015209399625997,10.878264876906954,13.94946307280582,8.934253673179823,0.0021851686040212028,0.03737809526846775,0.27541651066500844,0.9915328667979332
h7r,6.777902870755807,3.898309501833292,1.1032518144118266,0.5521176571708639,3.5,1.5506143394429615,5.337067646448754,12.181031274654949,10.630416935211986,0.043347259384869365,0.42750516828398794,0.7424625860905463,0.9970435793269206
h82,8.342586016013913,3.3362958275516315,-0.23039296241828877,0.5473890917412643,9.5,2.073175746562856,8.417303413164184,12.545279484584155,10.4721037380213,0.02397023403862302,0.20910453698009177,0.6417701763728232,1.0
h89,11.721070864857783,4.36362746742179,-0.020587163483723508,0.6181338238854407,10.5,3.9930418037771127,10.943093146641377,18.06078651838816,14.067744714611047,0.007399723700709408,0.06406546171569287,0.3627550344446262,0.9832112149249306
hai,10.65900166035036,5.590391640778414,-0.025364559738482118,0.5675228102343671,14.5,1.8128695356281217,11.337001521234669,17.765353793410668,15.952484257782546,0.027509522444799032,0.25093636508537365,0.3985950248279225,0.9931083155159912
hbz,8.299670518578264,3.2269838545829934,-0.08992699408533854,0.5527435894884261,8.5,2.1452464976881256,7.7828346192021804,12.838658388334162,10.693411890646036,0.026809330771101224,0.15453769335191314,0.6661120521341012,1.0
hcm,12.019880287237877,4.454469375223979,-0.006791554535021178,0.627709777865648,9.5,4.1190115813977455,11.2642990976372,18.891492713403874,14.772481132006128,0.011490618629486816,0.05821164583264547,0.34063648127800694,0.9627374921499228
hja,9.37315785015774,2.7531911892096557,0.3336679044814479,0.4836437730252285,12.5,4.03712054214736,8.91346039127134,12.245599173753133,8.208478631605773,0.008621409067221409,0.060058396828398974,0.5945319499092708,0.9935743490074265
i12,10.066219580851095,2.64114718646044,0.8075149267659406,0.49460244996155334,10.5,5.878694973771399,9.591398127856664,13.742852480784512,7.864157507013113,0.0013978940299067017,0.021432358227165427,0.48187702870078497,0.9916598128701876
ia5,6.584374907194402,2.4508708462524504,2.1642394297893945,0.4628574864606532,5.5,3.0855193049965384,5.630755574458765,10.247879077826074,7.162359772829536,0.0037640677464116047,0.23867267956588487,0.9203405602107402,0.9944580275541469
iiy,8.358721784898917,3.5798809985577007,-0.17317947225701258,0.5609060062577697,11.5,1.9612919986205124,8.30615911153108,13.043235488481834,11.081943489861322,0.02719265185035631,0.2264132840118267,0.6027025287561856,1.0
ij5,8.075887031312185,3.268261592195471,-0.17360633365943187,0.5531111306133513,9.5,1.7629769478631843,7.832672202008769,12.491979991280488,10.729003043417304,0.03901014739530982,0.1924870339180605,0.6981414065716237,1.0
ik8,8.495584434448995,3.3224171942759964,-0.28231945804149605,0.5464125760794557,11.5,2.1514786317875734,8.580988216642865,12.559626107230585,10.408147475443013,0.026017359495833524,0.18684964579367647,0.6018539203134626,1.0000000000000002
iqt,7.781486338774252,4.1605707602205255,0.9654311645787391,0.5853529990123213,4.5,1.7713510266428938,6.727437671350629,13.909063831324797,12.137712804681904,0.03450445834902804,0.32326221939688404,0.7156802606129742,0.9963608272398458
ish,8.091081337864038,3.3904221427875276,-0.2220175998535336,0.5528489803238122,10.5,1.884389263602126,8.083371823142848,12.543331963409454,10.658942699807328,0.03206474674438403,0.2271711479758061,0.6493718551519675,1.0000000000000002
ix1,8.224580559800362,4.170361748624027,0.7601795174878585,0.572166064568136,4.5,2.004790738242698,7.8424679367858445,13.431825397325058,11.42703465908236,0.021433270346449824,0.3075201213832474,0.6481814413381862,0.9967121418516508
j8q,8.693946753976906,3.058032298926526,-0.3147286423388831,0.5335684442517976,8.5,2.377506639393387,8.453319149514776,12.428886325753385,10.051379686359999,0.01683977057540241,0.11498032234818878,0.6221854046944344,1.0
jkq,9.865541168089967,2.734907189865048,1.101821640707047,0.4941225354623189,10.5,5.863317645297846,9.313327191502363,13.795352957654114,7.932035312356268,0.0013227104753065014,0.02237035860173692,0.5236726583043924,0.9892288657072017
jl4,9.618369087381096,2.7367398537085323,1.1349830581042055,0.4897198012741549,7.5,5.663400558037711,9.02723947250213,13.40808670508724,7.744686147049528,0.0020337730475172024,0.02650198423299973,0.5778159575876354,0.9890207139523142
joc,9.357843439625798,2.7461516952194422,-1.1463978697785449,0.44937523533059337,10.5,2.489829869607239,9.68782361539444,11.47847408254389,8.988644212936652,0.011129935535338706,0.10680181352772246,0.4472175935688657,1.0
jqc,11.736253777444883,4.334165372194632,0.013028596327885392,0.615670920754151,12.5,4.304751092046422,11.229996994367443,18.216116554525527,13.911365462479106,0.003066083157738303,0.056495865257903455,0.3750729646085133,0.9833396757554431
k4x,8.915722171775588,3.002968555524425,-0.28401630833343,0.5366538068261445,10.5,2.6569465215503905,8.576854286980248,12.920408911330542,10.263462389780152,0.014465880245773107,0.09499957201767045,0.5936505612530667,0.9999999999999999
ka6,11.838049146353693,4.516716615408298,0.108492152876943,0.6216437501366134,11.5,3.7905237028869405,10.918416827426542,19.167657011405005,15.377133308518065,0.004173032495254704,0.06837139539220885,0.3448208299189332,0.9616890644354678
kab,7.785425276880184,4.159935588196508,0.9637928725981806,0.5853330803691746,4.5,1.774547885409211,6.731448792861855,13.908333100797815,12.133785215388604,0.03431899615797454,0.3228433813588828,0.7152084392023763,0.9963635364985883
kbo,10.955719625864491,4.114734962832514,0.5295168144911763,0.5773905890186721,14.5,4.3470134260518485,10.001044461411542,17.15034060722153,12.803327181169681,0.003209033649201605,0.05463481767966988,0.4382556829766036,0.9936617151364768
kbq,11.076992191283411,4.077970948183872,0.0090223938308999,0.6022565843435511,9.5,3.667258629970288,10.231514906865,17.47579374811649,13.808535118146203,0.005430236365197607,0.0769199115861442,0.4191922832870595,1.0000000000000002
kbu,11.702558821242667,4.557832497210088,-0.05805266706049158,0.6303540192338533,10.5,3.379463035296471,11.1163358320983,18.493216690195002,15.113753654898531,0.007959073033269308,0.0881246178881087,0.3481106610782623,0.9773595971034303
kfp,10.593893344498998,3.1800959416257,0.49368130121740944,0.5242473025228018,11.5,4.309574061712098,10.370742487979332,15.166918287845967,10.857344226133868,0.007426945801773508,0.052922558115204854,0.3596428458522731,0.9936519611445215
kgl,8.876985960293208,3.3531938061358395,-0.12529534306779114,0.5550624148088619,10.5,2.4355215725691193,8.533004936898415,13.869870022358953,11.434348449789834,0.022753736761375824,0.13251694787485094,0.6042592886915815,1.0
kkn,9.691899222882995,4.334384110848442,0.2079092851165128,0.612278519883855,10.5,2.389786666609635,9.260901629288691,17.016988065084917,14.627201398475282,0.023130448790635524,0.16004513984368718,0.5216143467709327,0.9997126978370494
kko,8.30101732857063,3.10503378532062,-0.2518875834304224,0.5322644607952557,11.5,2.289729774538936,8.115974772156253,12.076018832836201,9.786289058297266,0.01945202061205342,0.1624934604924206,0.6587037840868603,1.0
kmv,8.68015111898352,3.2134992089913936,-0.1462017853748647,0.5467672787159361,9.5,2.569416719516703,8.491028009348394,13.280611003554876,10.711194284038173,0.02042182541383382,0.15625681963339513,0.6529857776933261,1.0
kop,8.144880066539141,3.075400104548376,0.010674645776167902,0.5432040515033363,7.5,2.387272676273965,7.52742977474959,12.560335988184928,10.173063311910962,0.022601443815094716,0.15864196352188809,0.7124671718341269,0.9999999999999999
l9r,12.082218128289256,4.433373761458192,-0.06457663543046888,0.6243138592756013,11.5,4.0639923028698925,11.43198282209627,18.442786652485882,14.37879434961599,0.005133296362112707,0.062272991491698085,0.3219906159710616,0.9745362369996088
l9v,10.759052697979303,3.760082098860162,0.11801507235631328,0.5804160787144409,8.5,3.9587454018632315,9.867862663385958,16.933771193139496,12.975025791276265,0.004269306706477205,0.05831632327494907,0.47068440270455764,0.996207987633555
lap,7.781476008316111,4.160519274207086,0.9652786843036951,0.5853418339362622,4.5,1.7717961392666193,6.727202657341005,13.908790092808216,12.136993953541596,0.03448462241266033,0.3232940598881918,0.7156505666803481,0.9963620172701088
ldx,6.393081470273201,3.5689951805435527,2.011318408996043,0.4975708017278136,4.5,1.9423397432322889,4.433804603609402,11.127186889408165,9.184847146175876,0.02638956879964944,0.5170219593185567,0.8540165090837282,0.9957330610240349
lkm,12.237667308667621,4.0263418377575135,-0.23795824502471205,0.5852609389988912,15.5,4.940741617573034,12.379239103770416,16.975664289913723,12.03492267234069,0.002386495219878203,0.03484109103766635,0.3184957919632973,0.9836899218020017
lol,7.41194423281788,2.9125490010419557,0.19160225284553456,0.498970076686249,10.5,2.568178542134289,6.637468261152042,11.136054808183577,8.567876266049288,0.030842040702955622,0.2560051439168124,0.7297222878756258,1.0
lpx,7.842667617911567,4.01543483629231,1.0588091863795555,0.571919590917836,5.5,1.7953456057564485,6.7305044323986465,13.301590237480562,11.506244631724114,0.03484364927469874,0.26536116119194053,0.6978288322793138,0.9960208588450397
lrh,10.024119926353391,4.364255900566538,0.35483126562252126,0.596134762490245,9.5,2.6827224642845313,9.125569290554552,16.902613124794858,14.219890660510327,0.015726429117227922,0.1319081345524616,0.5391922807486371,0.9962339874473642
lxk,8.50596109514995,3.3366211538460724,-0.33831389441368503,0.5446930361068831,9.5,2.125924798441426,8.784040749121143,12.971032496779365,10.845107698337939,0.024455653517234815,0.19944018826804075,0.6161752496082828,1.0
m0v,10.106307659065068,2.771526375539611,0.8083096335912975,0.5039663913273426,9.5,5.307554492746029,9.525996466646061,13.648002444895587,8.340447952149557,0.0017752411091421024,0.03431170351932554,0.49482191932873476,0.9905232989502788
mde,9.897895141331832,3.0644112958276253,3.4645145209246353,0.4500680624412648,8.5,6.527220163589328,8.772412299741799,13.290985326104382,6.763765162515054,0.00642949022830111,0.02494654965235574,0.6720277895819471,0.9901082089852027
mfs,11.172030380578096,2.7997325374909074,0.5999927508755402,0.5063643852921114,11.5,6.70427660749996,10.770506391434404,15.083536290799135,8.379259683299175,0.0011979830006019012,0.014837240315525116,0.355374550981693,0.9816719035263668
mq1,8.214192457525764,2.3339294082462145,-1.6658438926655914,0.3375794690797918,8.5,2.073712877317228,8.375563744335643,10.061005311405102,7.987292434087874,0.024737425141256212,0.14905423998488956,0.9115586451372255,1.0
mtn,8.382099915218333,3.4313061705258487,-0.10326226531296963,0.5580976628357952,11.5,2.00601254100813,7.9865019900486205,13.013152994414249,11.00714045340612,0.03221581359832581,0.18894489013020538,0.6237183830091411,0.9999999999999998
my9,7.549901196231866,4.2016317845608135,0.8837085374319339,0.5900269844888879,4.5,1.420414167176498,6.508210706428964,13.92981820737683,12.509404040200332,0.05400952339604034,0.3481936818340779,0.7177160347733375,0.9968991181897348
n27,11.525994347203453,3.2928194457319155,1.0283744511173885,0.5245980202580237,12.5,4.648179643575611,11.35338451049176,15.528373591352496,10.880193947776885,0.003666620358321708,0.0474820205326073,0.2503625135221215,0.9894141690209068
nhq,9.137902332367258,2.890569669688862,-0.76625791735603,0.5018676247263403,11.5,2.2244664667261533,9.071182990132145,12.271020166875442,10.046553700149289,0.023724819602467813,0.10387233306433186,0.5788014310323337,0.9999999999999998
nig,8.49793593220346,3.062540464931639,-0.16874104395138204,0.5384369568747459,10.5,2.7069426591655303,8.303011200827086,12.712367779831087,10.005425120665556,0.014986298068561114,0.15478059764797375,0.6434645067732888,1.0
nip,8.364431501298885,3.1254933295663294,-0.28274107151270383,0.5312664256049029,11.5,2.2540109656916663,8.200629309025462,12.090321796495868,9.836310830804202,0.02063080817464442,0.1582065556840649,0.6420875085338795,1.0
nua,10.32750314512568,3.4475973204361465,-0.18826469021192616,0.5420751777047456,13.5,3.4989629627517376,10.535966100349542,13.761890992045593,10.262928029293857,0.013454654254900913,0.07992086008123438,0.4138935078409222,0.9859555576960312
o5q,11.704165857950525,4.420569967109666,-0.3286869056489895,0.6112283894111666,15.5,3.0967836725740288,11.338005237234833,17.480209220000514,14.383425547426485,0.012272398738108911,0.09246740208657997,0.3269042182320471,0.9944299773104371
oi6,12.315068223441576,4.484921872440258,0.007668320354613446,0.626935544850312,11.5,4.403623030994524,11.713062462013134,19.068443434521694,14.66482040352717,0.0030067969850858037,0.052647432411319375,0.3326552167527479,0.9664004969126867
opo,8.854210682954669,3.2030703437339882,-0.8719184240168144,0.47786675776139254,10.5,2.077426812769645,9.651665900193601,12.030709961596253,9.953283148826609,0.02145520708227341,0.17992024041557939,0.4619640662851482,0.9999999999999999
p9u,8.238523924471968,3.2881101677842484,-0.1605037239980346,0.5391578519122984,10.5,2.4260680859376027,8.26380999861465,12.353848616164486,9.927780530226883,0.013533217204386206,0.2248405697557918,0.6256946541746794,0.9999999999999999
pa1,8.39486272011854,3.3896149839786833,-0.37365912038184257,0.5465352213353786,10.5,1.981844658390552,8.621599502640834,12.699285658912954,10.717441000522403,0.026031715873402625,0.21548292387927293,0.611523473522466,1.0
pbz,11.18398883453567,4.10284359569898,-0.17879122662786956,0.6007448105316625,15.5,3.377122904568874,10.931614971173063,16.268241876802733,12.891118972233858,0.013014401519275114,0.07378174870610968,0.38517878518604715,0.9873670661412198
pe2,7.195091277468765,2.2175476977603283,-0.46863780415979833,0.4697535422829061,7.5,2.688001408520007,6.980824430259726,9.990326345298877,7.30232493677887,0.015366217588898803,0.18266860009429975,0.9114869576588187,1.0
pg8,8.685030905414454,3.808210166731958,0.7703150065720992,0.576063352657417,8.5,2.5121054372928304,8.199979847438186,13.479965036632537,10.967859599339707,0.007378532567810211,0.1988011746204069,0.6372727094393189,0.9963799549712521
pql,9.18995838786646,3.647795696106952,-0.2203847733778031,0.570018985232976,9.5,2.3596928336833307,8.8323832055331,14.129081713644108,11.769388879960777,0.019250895371191814,0.16156656007404613,0.5701711787329076,1.0
pwr,11.073495660680043,4.452677935310086,0.2356439798317293,0.6156113080018942,11.5,3.545254530710241,10.486298562975396,17.47133067912433,13.926076148414086,0.009698922055758313,0.0733651429701481,0.4184694186627315,0.9920316904312751
qa9,11.112376351508734,4.572553593417758,0.08265921323964975,0.587230379775395,11.5,2.647119486310583,11.104474794079183,17.837929504157774,15.190810017847191,0.007715716470578809,0.13983222273725446,0.30577293945175593,0.9955173927815981
qbb,9.73364464591929,3.571738168065565,0.14028155057150157,0.5625611020756375,10.5,4.002460723714076,9.32178693735014,15.340280972549238,11.337820248835161,0.003818795672999203,0.08847462020429309,0.5138253194295543,1.0000000000000002
qno,8.13168601208292,4.1319011818364055,0.8106193341309106,0.5913421636168944,4.5,1.7673875388820957,7.485513597649295,14.091733564817408,12.324346025935313,0.03598793737023655,0.28235485186575116,0.6612155501039273,0.9965701981792011
qy4,8.691666830567996,2.5583770257274674,-0.7181617638988933,0.4380003965650286,8.5,2.988573375170687,8.27220163126605,11.887152201866066,8.898578826695378,0.014078884616452311,0.11089152374338639,0.6387393502606771,1.0000000000000002
r99,8.257651425666383,2.855082966752732,0.6880546432411002,0.5009548201088982,8.5,3.462366558138598,8.022654619489616,12.010664633429581,8.548298075290983,0.002778985911552404,0.1256752606014242,0.7568744294484322,0.9940842905070105
rty,8.648212829640576,2.9697026235357904,-0.35443942249215177,0.5244712525270818,8.5,2.333224943610188,8.233910131785896,12.281074581304143,9.947849637693954,0.01819207095752802,0.1112925577339115,0.6134224294588085,1.0
rwr,9.537744268105051,2.8996169814496864,-0.12066859352527128,0.5248050813696762,10.5,4.155000973666843,9.119588316849644,13.791726089121687,9.636725115454844,0.002761173367526202,0.06319137532026345,0.5360475701951599,1.0
sg0,9.167189618141258,3.949326634179247,-0.2204336147706316,0.557240979281245,11.5,2.0607215674605666,9.806503216882742,14.322846962723704,12.262125395263137,0.011441006229132713,0.22431085225441155,0.44976247839103684,0.9999995587909567
skm,10.167113637050806,3.449063819638787,0.13412331770383268,0.5630621318428486,7.5,4.30505067984072,9.689188043286743,15.136995339798274,10.831944659957554,0.0037196963157156045,0.05602301977246566,0.48457964569574274,0.9960713693276404
sqm,11.727997450117208,4.631982047323179,-0.033110396619644135,0.6309826240628338,10.5,3.401627793821412,10.897177102960043,18.520394621099538,15.118766827278126,0.00956477560492891,0.08573890370915019,0.3691543480031835,0.9756920332761658
t0h,9.032454843676636,3.5438397986272783,0.3830275912728678,0.574330413183809,9.5,2.8853902124603734,8.59551283943993,14.330664666534554,11.44527445407418,0.012826070689516314,0.13075863310391672,0.6139499305601126,0.992028748336582
t2c,8.337942745638475,3.4349430581936606,0.0428718952259872,0.5654285366697344,7.5,1.8901877509203744,7.706406107152511,13.925003054974775,12.034815304054401,0.03309628511917673,0.1652225717897005,0.6858764644507267,1.0
tbj,11.51584039945344,4.486550501143639,0.07878901782613179,0.6231267523277729,10.5,3.556640195558192,10.591769008816637,18.77764208261416,15.22100188705597,0.009615078024299511,0.07815014100262319,0.3743220024060624,0.9714175862303979
tka,10.225427780652405,2.7459791052680402,1.8121147554411792,0.4941169380321957,9.5,6.064853493940529,9.253252748123568,14.171928657737608,8.107075163797079,0.0003782612382501558,0.00883304337276407,0.5613078711866113,0.9940304572162534
tvf,10.083230141616502,5.1643846449763045,0.20727941729905638,0.6066259343857668,14.5,1.7784806798529944,9.333144434153574,16.276772049107826,14.498291369254833,0.030697358416032435,0.19367943962058803,0.5095264577704123,0.9675186115715149
tws,10.970930495545597,3.0670488105659666,0.07588573082414916,0.5379663206991472,10.5,4.988877897744974,10.583329923155443,14.543012706140857,9.554134808395883,0.0016309965162537017,0.03525165044411764,0.3381322289722935,0.9909874331995547
u0c,10.826408275870609,4.087436301934207,0.08377278792022504,0.6090346947665661,12.5,3.4935086523057493,10.321955962423639,17.174342253900516,13.680833601594767,0.006232148905426606,0.08398981697672808,0.42613592158917607,0.9889668110093647
uaz,11.912227210239138,4.42920963295097,-0.005381256998454497,0.6238624688929281,10.5,3.845308404429053,11.108957763045694,18.618292704169075,14.772984299740022,0.005563113561190206,0.07011943700530818,0.33658309177982276,0.969919691740777
ueu,11.832175402480624,4.592068193227956,0.05936677859936423,0.6264451273220697,10.5,3.7325670863089293,10.979749046780597,19.380284327629845,15.647717241320915,0.0038528382250192037,0.07554310017271068,0.35738741934965357,0.9531804832379194
uex,11.157034168785035,3.1784781203238444,0.4782698952208485,0.533412962671591,8.5,5.666125397489182,10.719606998181067,15.05505629297852,9.388930895489338,0.0033777553921380053,0.02696587109696094,0.3776823831867943,0.9960160278682886
ui6,8.878779670247582,2.955507295058828,-0.413355273468001,0.5270750598271072,11.5,2.466981726297307,8.722276246658849,12.71113790142633,10.244156175129023,0.01680602688216051,0.10595745989275906,0.6025845015560076,1.0
uox,10.981054217081608,3.9389255223276796,0.2586176435475117,0.5911774079856236,11.5,3.8448067608607386,10.677454330911193,16.490242087896622,12.645435327035884,0.00547953478562631,0.06377321343610091,0.4277577152893189,0.9929642188949065
ur9,7.719256581828894,3.6196695680403894,1.4576099431106768,0.5381833595804882,4.5,2.5031202376233432,6.553081221061835,12.234784561002831,9.731664323379487,0.012502033480940419,0.24652917507176808,0.7093415340656518,0.9958471612749044
usu,8.923096142245928,3.0732903789563304,-0.19808333966281227,0.5386234049095155,8.5,2.9690400904650356,8.29805946556103,13.341868954454844,10.372828863989808,0.010295656999334208,0.11994832901074187,0.6251169836455286,0.9999999999999999
uu4,8.356744723663008,2.9860282869211043,1.2782628858503002,0.5038282954643516,9.5,3.607018380064611,8.037674582984696,11.390010217379205,7.782991837314594,0.008472813648585114,0.11467216423617417,0.6998497692537413,0.9922620579391577
uut,8.431130399621846,3.1711081624112536,-0.1675998479525375,0.5389036823816303,8.5,2.4515961552342955,8.230734208944593,12.62410463649019,10.172508481255894,0.015388648626513611,0.1648643382671343,0.6316301376096727,1.0
uw9,11.663708413354808,4.61760484500797,-0.06099798637007251,0.6159950145746597,9.5,3.3632745333150065,10.862866102890703,18.86884731710968,15.505572783794673,0.011470392835104414,0.0831722294827338,0.3869580602289983,1.0
uxi,7.754503665354009,3.0903396446668028,0.05478426381622597,0.5309693260669813,7.5,1.9957007126869473,7.271464591094454,12.30263247808947,10.306931765402522,0.02354294469927012,0.20029460426866313,0.7835597550377874,1.0
uxo,11.780752763621267,3.2773335494305513,0.039537144421784826,0.5402475666187397,13.5,4.81128849459437,11.5138274254506,16.464368233170006,11.653079738575636,0.0021718346428278024,0.04286882493406735,0.25362150600046607,0.9960676512893127
vj7,8.272945473325214,3.420078607086469,-0.21966389446754728,0.557175426673396,10.5,1.9356549127482212,8.344897855627915,12.7746746576534,10.839019744905178,0.028797335147622727,0.22144658994230082,0.6312140912356671,1.0
vqj,8.590495022560402,3.457553573226406,-0.23267500930082727,0.5457865144703757,10.5,2.0541604938660822,8.649435522673143,13.145949040548786,11.091788546682704,0.02459417167086813,0.18803887127621852,0.5917394697417868,1.0000000000000002
vqu,11.764329269193198,4.239400319695056,-0.00915929169445346,0.6109822505518757,11.5,3.987895784951454,11.027007554305243,18.604731387874164,14.61683560292271,0.004749240846952404,0.06453245997015986,0.3257546045160387,0.9772696228654552
vy5,8.762912424528485,3.5112403375619743,0.4800544631800562,0.5722561973905419,9.5,2.946997857575185,8.180341929357073,14.684833873422331,11.737836015847146,0.009705425587304011,0.14733458559574508,0.6519024896012229,0.9946476767781632
w7d,11.839642531461054,3.365559734495429,0.20388248102138015,0.5400942963886882,13.5,4.727117418143826,11.499403493693398,16.745276701046134,12.018159282902307,0.0019340765698005024,0.04446629238348806,0.2418308427787535,0.9941153712117035
w87,8.261795435391154,3.0378808615029262,-0.2621258219939886,0.538220192813837,8.5,2.220443507314457,8.04806647036549,12.314356278299012,10.093912770984556,0.025546667010564822,0.1541287398831076,0.6827192641819165,0.9999999999999998
wsd,8.31914397108292,3.4521468947185636,-0.1872292618885204,0.5557551853790125,10.5,2.0082415925133508,8.282409962173602,12.889583159535615,10.881341567022265,0.027608042070530123,0.21637886031872589,0.6213170973453532,1.0
wyu,11.728901188111685,4.2383319479339745,-0.29165598054602243,0.5944018067494179,15.5,3.6972605468609467,11.225615778813836,17.25237995969083,13.555119412829885,0.0033961897833947037,0.08040256893873468,0.33456440287213984,0.999234872571854
x2i,11.741091595761866,3.061609278158601,-0.23275424751547152,0.5361224794913609,12.5,6.1463322316200015,11.186352813087483,16.22796240103802,10.08163016941802,0.004510944455015405,0.023814859242786326,0.2914309478630961,1.0000000000000002
x2v,8.51057087119554,3.3505717936665738,-0.19756571786695468,0.5475589054232075,8.5,2.3091065328207505,8.159383181494771,12.887424919255178,10.578318386434427,0.020326444283591615,0.18206472128941834,0.626549570141917,1.0
xa0,8.471113199929789,4.097225692054907,0.6447660945447298,0.5905361326034841,7.5,1.890287566575646,7.5054877872960954,14.378137089906243,12.487849523330597,0.03067755133273534,0.2229354533973759,0.6585314989090163,0.9968124896187864
xas,6.458259875921224,1.9491560645598576,0.19874001486498932,0.44078942731526394,6.5,2.9465329393325312,5.8443188652638725,9.367563240424055,6.421030301091523,0.004774359509397902,0.25885635917426925,0.9635357717926385,1.0
xub,9.692050947576618,3.1342180031698343,0.5407103755114511,0.5456567768441395,8.5,4.337933592749391,8.871206271303297,15.389149716637254,11.051216123887862,0.002648288498361304,0.054900171600996986,0.5850276912095508,0.9961546022316585
xut,10.221901531444308,4.195723760883749,0.2619892740702826,0.6079759203043114,12.5,3.209259556632046,9.689670989525828,16.435208433680696,13.22594887704865,0.012678982963763718,0.11483378074156517,0.48735281945366943,0.9872644861076484
xz4,7.9619294375051135,2.653480557847202,0.7459602159976587,0.4890918891894874,9.5,3.2335565921909137,7.713914331209697,10.816144003096856,7.582587410905942,0.013147577945347818,0.12897716727257907,0.7890128545867221,0.9943004586441127
y2l,8.415659355761198,3.2510120363031687,-0.14970697541847305,0.531742182088231,11.5,2.2746132978462654,7.9343343738002154,13.138357740910482,10.863744443064217,0.02092058948973821,0.16833431366648371,0.6095930076962205,1.0
yav,7.633682068979687,2.4054186900982026,-0.23367559960086245,0.4927202989193609,8.5,2.865005928100932,7.27129161563784,10.897006433024325,8.032000504923392,0.009276445095713707,0.14314912272568198,0.822677223922896,1.0
ym6,8.02892364972922,4.2000854132322525,0.8330044347373298,0.591075255728341,4.5,1.8200021483778643,6.951929026215458,14.392898479232686,12.572896330854821,0.02577293007405564,0.28730799018798664,0.6870423641705083,0.9967259384927224
ymc,8.275208903819664,2.8897422540612663,-0.25104383539760483,0.5294482211107058,10.5,2.3721926500427464,8.088860291697625,12.202394842212582,9.830202192169835,0.02340695243010001,0.13625422362878817,0.7031653886748703,0.9999999999999996
yq2,6.794524683821232,4.186054467760308,1.056606558507283,0.5850231807652609,2.5,0.9071561643567015,5.716835503047457,13.433885989632977,12.526729825276275,0.10696908232827665,0.4032908470051705,0.7895056911650382,0.9969013067307608
yqu,7.528363344035095,4.268526576634832,0.9447362463233941,0.5927532081454807,3.5,1.4410935942456358,6.473367130064311,14.16607805099722,12.724984456751583,0.05281031989200927,0.3552818176289804,0.7157650183109877,0.9965570504069914
ysm,10.502439773052185,3.9659470071295786,0.1351115686039917,0.5914758669119998,9.5,3.3308008757936296,9.796277245406964,15.735913776773307,12.405112900979677,0.012261153393133814,0.08519955166094088,0.4640015899575765,0.9911119051516978
ywe,8.319262083649066,3.272338870667145,-0.11170752880658855,0.5425534012678014,10.5,2.4116884533366063,8.199950358980544,12.562507199545468,10.150818746208863,0.011896345491582508,0.21023091667638025,0.636466187612219,1.0
z2s,12.124726232864246,4.585840482656826,0.04632277670337709,0.6303717569568827,10.5,4.0748600175333785,11.386147290968504,19.085036855805754,15.010176838272375,0.003230759946693304,0.06396973604501108,0.335829787606511,0.9640421698866283
z7n,7.872541850921273,3.9648296049417877,0.8567725375120333,0.5588361715998721,4.5,1.8633177320741403,7.19868723274195,12.489969931894805,10.626652199820665,0.029071891947337735,0.31678586257064645,0.6770320281226218,0.9968837820769871
z9y,6.963705902845771,4.094748158189892,1.1125407226160493,0.5818853690232905,4.5,1.2097212559434127,5.698760113846188,13.325529836883469,12.115808580940056,0.06642684560423487,0.3984880269728305,0.7726190234683933,0.9968568485090802
zxr,11.885170706733192,4.4784260306216135,-0.11809575824733914,0.6264573560145751,10.5,3.570224751475863,11.191364712192206,18.387829989984617,14.817605238508754,0.012779126307060414,0.07372909364320808,0.33610113621565446,0.9772150196560999
zzr,8.37660446562096,3.1697221321735998,-0.09806456260531494,0.5533733297054508,9.5,2.1564493719513598,8.132261849035812,12.911536058365888,10.75508668641453,0.026811937413743922,0.150961862749158,0.6934919978377725,1.0
